id,title,source_category,ground_truth,prediction,correct,margin,margin_bucket
118597,Người đàn ông giấu 104 con rắn trong quần để đưa vào Trung Quốc,Thế giới,Thế giới,Khoa học,False,0.20926789615446956,0.20–0.30
234310,Arsenal 3-2 MU - Kết quả bóng đá Anh,Thể thao,Thể thao,Thể thao,True,1.1061332788685783,>=0.50
204196,Giáo viên âm nhạc tiểu học lĩnh án vì dâm ô nữ sinh lớp 5,Pháp luật,Pháp luật,Giáo dục,False,0.3078305914614694,0.30–0.50
218696,Tướng Mỹ hé lộ điều bất ngờ về số lượng bệ phóng tên lửa của Trung Quốc,Thế giới,Thế giới,Khoa học,False,0.03228146988031955,<0.10
132643,"Quảng Ngãi: Hệ thống cấp nước tự chảy xuống cấp, 4.000 người dân 'khát' nước sạch",Thời sự,Thời sự,Khoa học,False,0.23830600146787556,0.20–0.30
257106,"Bí ẩn nhà cổ đầy cỏ dại ở Sài Gòn, chủ xây xong 3 năm mới làm được cửa chính",Đời sống,Đời sống,Đời sống,True,0.20327049977245254,0.20–0.30
94613,Chồng Ấn nói gì khi đầu tư 5 tỉ đồng cho Võ Hạ Trâm làm MV?,Giải trí,Giải trí,Giải trí,True,1.386729850716606,>=0.50
91071,Ảnh cưới của 'nữ hoàng gợi cảm' HyunA bị chỉ trích,Giải trí,Giải trí,Giải trí,True,0.525434093815143,>=0.50
71544,Tử vi hằng ngày - Xem tử vi vui 12 con giáp ngày 29.9.2024,Đời sống,Đời sống,Đời sống,True,0.07811111264500348,<0.10
254483,Cách làm sạch vết bẩn cứng đầu bám trên sơn xe bằng phương pháp siêu tiết kiệm,Xe,Xe,Xe,True,0.1032315756885045,0.10–0.20
104381,Cả miền Tây thu hút vốn ngoại không bằng 1 tỉnh ở Đông Nam bộ,Kinh doanh,Kinh doanh,Kinh doanh,True,1.6656280654679634,>=0.50
39452,Xem giải bóng chuyền thế giới thích mắt hơn xem... thi hoa hậu,Thể thao,Thể thao,Thể thao,True,0.7301305091949368,>=0.50
81629,'Tee Yod: Quỷ ăn tạng 2' vượt qua thành công của phần 1?,Giải trí,Giải trí,Giải trí,True,1.64277759674155,>=0.50
20905,Phân tíchHai đại gia mới cho Quốc Cường Gia Lai vay 230 tỉ đồng là ai?,Kinh doanh,Kinh doanh,Kinh doanh,True,0.5732560206916619,>=0.50
147172,"Phẫn nộ xe buýt 'hùa nhau' vượt đèn đỏ trên phố, ngay giờ cao điểm",Xe,Xe,Xe,True,0.12133466693381462,0.10–0.20
244470,"Công an mời tài xế xe Porsche chặn đầu, nhổ nước bọt vào ô tô khác lên làm việc",Thời sự,Thời sự,Xe,False,0.2833544708528531,0.20–0.30
70288,Người mẹ trẻ U.35 sinh 7 con: Mỗi tháng tốn hơn 100 triệu tiền học và bỉm sữa,Đời sống,Đời sống,Đời sống,True,0.06163761868867296,<0.10
204210,Vì sao phải hoãn phiên xử chủ mái ấm Hoa Hồng bạo hành trẻ?,Pháp luật,Pháp luật,Pháp luật,True,0.8030158259032016,>=0.50
159190,Khen chê Đất rừng phương Nam là bình thường nhưng không chấp nhận bôi nhọ,Giải trí,Giải trí,Giải trí,True,0.378338493120975,0.30–0.50
102006,Báo động tình trạng trẻ tự hủy hoại bản thân: Cha mẹ làm gì để phòng ngừa?,Giáo dục,Giáo dục,Đời sống,False,0.1089241815043911,0.10–0.20
141688,Khẩn trương đưa lao động thời vụ bỏ trốn tại Hàn Quốc về nước,Thời sự,Thời sự,Công đoàn,False,0.40811565324901955,0.30–0.50
99356,TP.HCM sẽ không dán danh sách học sinh trúng tuyển để bảo mật thông tin,Giáo dục,Giáo dục,Giáo dục,True,1.8966808244758417,>=0.50
260331,"Bị trộm đánh dấu trên tường nhà, gia chủ 'dở khóc dở cười' khi biết sự thật",Đời sống,Đời sống,Pháp luật,False,0.2864013287678472,0.20–0.30
191159,Giá vàng hôm nay 2/3/2025 lao dốc sau 8 tuần tăng mạnh,Kinh doanh,Kinh doanh,Kinh doanh,True,1.9949719587251127,>=0.50
70713,Tử vi hằng ngày - Xem tử vi vui 12 con giáp ngày 26.4.2024,Đời sống,Đời sống,Đời sống,True,0.15586291830926202,0.10–0.20
111403,Giá USD hôm nay 20.7.2024: Ngân hàng tăng giá mua,Kinh doanh,Kinh doanh,Kinh doanh,True,1.104810909365259,>=0.50
204938,Hàng loạt bị cáo trong đường dây xăng giả Trịnh Sướng kêu oan,Pháp luật,Pháp luật,Pháp luật,True,0.5546478545132398,>=0.50
122860,Chiến sự ngày 424: Ukraine tới tả ngạn sông Dnipro; Wagner muốn dừng tiến công,Thế giới,Thế giới,Thế giới,True,0.9450737155761156,>=0.50
22410,'Tiếp sức nhà nông': sức bật từ 20 triệu tiền vốn,Kinh doanh,Kinh doanh,Đời sống,False,0.24193002022424215,0.20–0.30
214214,"Vì sao dầu mỏ, khí đốt Nga vẫn tiếp tục tuôn chảy qua Ukraine?",Thế giới,Thế giới,Kinh doanh,False,0.845390564663971,>=0.50
3998,Tuyển sinh vào lớp 10 ở TP.HCM: 3 đối tượng không được dự thi,Giáo dục,Giáo dục,Giáo dục,True,1.787582043043892,>=0.50
205864,"Xe cứu thương tông container, một người đàn ông phải vào BV Chợ Rẫy cấp cứu",Sức khỏe,Sức khỏe,Sức khỏe,True,0.8994792303573335,>=0.50
62549,Samsung đưa One UI 6.1 đến Galaxy A34 và Galaxy A54,Khoa học công nghệ,Khoa học,Khoa học,True,0.45281852415351664,0.30–0.50
196911,"Tiêu thụ điện lập kỷ lục, lần đầu vượt mốc 1 tỷ kWh/ngày",Kinh doanh,Kinh doanh,Kinh doanh,True,0.887223730676588,>=0.50
244970,"Vụ cháy quán ăn, 4 người tử vong: Cha gào khóc trước biển lửa xin cứu con",Thời sự,Thời sự,Thời sự,True,0.3970052664365121,0.30–0.50
236587,"VTV Bình Điền Long An nâng tuyến trẻ, nói không với ngoại binh",Thể thao,Thể thao,Thể thao,True,0.4075054912711362,0.30–0.50
82933,Phim 'Đừng nói khi yêu' tập 20: 'Người thứ ba' phá đám Ly và Leo Nguyễn?,Giải trí,Giải trí,Đời sống,False,0.055145702034367305,<0.10
101419,Thầy Hạnh của tôi,Giáo dục,Giáo dục,Giáo dục,True,0.67613303265181,>=0.50
206251,Cập nhật những tiến bộ trong phẫu thuật ung thư đầu - cổ hiện nay,Sức khỏe,Sức khỏe,Sức khỏe,True,0.8171404409440658,>=0.50
120109,Giá vàng thế giới sắp tới ra sao sau cú phanh đột ngột?,Thế giới,Thế giới,Kinh doanh,False,2.001401592721739,>=0.50
264711,Tạm biệt 2024: Cột mốc đáng nhớ nhất trong cuộc đời vợ chồng tôi,Đời sống,Đời sống,Đời sống,True,0.22572708140195347,0.20–0.30
44666,Cơ hội hợp tác kinh tế - công nghệ Việt - Mỹ,Thời sự,Thời sự,Khoa học,False,0.7557361611701963,>=0.50
212889,Thói quen đi bộ giúp người Nhật có tuổi thọ cao,Sức khỏe,Sức khỏe,Sức khỏe,True,0.48812809088063436,0.30–0.50
204636,"Mua kit test của Việt Á, các bị cáo khai do áp lực chống dịch",Pháp luật,Pháp luật,Pháp luật,True,0.19658551884642694,0.10–0.20
204309,"Cho vay với lãi suất đặc biệt cao 5.400%/năm, người phụ nữ lãnh 1 năm tù",Pháp luật,Pháp luật,Pháp luật,True,0.20479295477494253,0.20–0.30
58032,Việt Nam giành giải thưởng tại FIDA World Cup 2025,Khoa học công nghệ,Khoa học,Thể thao,False,0.5204655960180121,>=0.50
57747,Lộ thời điểm Samsung tung ra One UI 8.5 beta,Khoa học công nghệ,Khoa học,Khoa học,True,0.22529651633942605,0.20–0.30
9256,Hậu trường kỳ công làm nên máy bay rung lắc như thật trong 'Tử chiến trên không',Giải trí,Giải trí,Khoa học,False,0.19466430939931262,0.10–0.20
95224,Học sinh Phú Yên chờ giải đáp thắc mắc tại chương trình Tư vấn mùa thi,Giáo dục,Giáo dục,Giáo dục,True,1.3040518335357674,>=0.50
56602,Gần nửa triệu sạc dự phòng của Anker cần thu hồi gấp vì nguy cơ cháy nổ,Khoa học công nghệ,Khoa học,Khoa học,True,0.26032572337026977,0.20–0.30
175345,Tân hiệu trưởng Trường THCS&THPT Nguyễn Tất Thành là ai?,Giáo dục,Giáo dục,Giáo dục,True,0.7390203342406126,>=0.50
47685,"'Xe máy điện VinFast ngày càng dễ tiếp cận, luôn có điểm ăn đứt những chiếc xe khác cùng tầm giá'",Xe,Xe,Xe,True,1.017869050343302,>=0.50
138079,Nước lũ tràn về gây ngập nhiều nơi ở Quảng Ngãi,Thời sự,Thời sự,Thời sự,True,0.016136330653126918,<0.10
34652,Nhiều thành phố Trung Quốc chuyển mình với công nghệ,Thế giới,Thế giới,Khoa học,False,0.9985178295093542,>=0.50
35174,Thương hiệu - Những bài học bảo vệ uy tín - Kỳ 2: Doanh nghiệp kiện ngôi sao TikTok,Thế giới,Thế giới,Giải trí,False,0.23601035464677056,0.20–0.30
70210,Tử vi hằng ngày - Xem tử vi vui 12 con giáp ngày 20.6.2024,Đời sống,Đời sống,Đời sống,True,0.124246238737314,0.10–0.20
223206,"Tuyển Việt Nam thua Nhật Bản: Việt Anh, Nguyễn Filip, Đình Bắc sáng nhất",Thể thao,Thể thao,Thể thao,True,1.4993544767433558,>=0.50
262125,"Đi cứu trợ Đắk Lắk, đoàn Thái Nguyên nhận bữa cơm ấm lòng từ chủ quán Ninh Bình",Đời sống,Đời sống,Đời sống,True,0.6081728566660245,>=0.50
27098,Đề nghị truy tố đôi nam nữ lái xe cố tình tông nhau ở Bà Rịa - Vũng Tàu,Pháp luật,Pháp luật,Pháp luật,True,0.2764529412710253,0.20–0.30
87933,Hoa hậu Thùy Tiên khác lạ trong bộ ảnh mới,Giải trí,Giải trí,Giải trí,True,0.520230100382659,>=0.50
129932,Kim Thanh giúp VTV Bình Điền Long An bảo vệ thành công chức vô địch bóng chuyền quốc gia,Thể thao,Thể thao,Thể thao,True,1.2387972774547924,>=0.50
37408,Man United lần đầu thắng ba trận liên tiếp dưới thời HLV Amorim,Thể thao,Thể thao,Thể thao,True,1.3223344422147023,>=0.50
116109,Smile Lipt bí quyết tạo khóe môi cười tự nhiên của bác sĩ Bảo Tiên,Sức khỏe,Sức khỏe,Sức khỏe,True,0.3171435418802301,0.30–0.50
208860,FWD Việt Nam ra mắt sản phẩm bổ trợ ‘FWD Care Bảo hiểm sức khỏe 3.0’,Sức khỏe,Sức khỏe,Kinh doanh,False,0.6768310499209748,>=0.50
127622,"HAGL và lời cảnh báo đắt giá, xin đừng ‘dành cả mùa giải chỉ để lo trụ hạng’",Thể thao,Thể thao,Thể thao,True,1.4899963141872488,>=0.50
201895,Siêu phẩm tàu ngầm hạng sang trị giá 2 tỷ USD,Kinh doanh,Kinh doanh,Khoa học,False,0.7668538409666353,>=0.50
256500,"Mẹ bỏ đi, bố đối xử tệ, cô gái sốc khi xem kết quả xét nghiệm ADN",Đời sống,Đời sống,Giải trí,False,0.011712837450018276,<0.10
62822,Việt Nam sắp có khung năng lực AI quốc gia đầu tiên,Khoa học công nghệ,Khoa học,Kinh doanh,False,0.13454671929817313,0.10–0.20
226717,Nhận định bóng đá Newcastle vs Liverpool: Nóng vì Alexander Isak,Thể thao,Thể thao,Thể thao,True,1.539508125890735,>=0.50
105060,Kiến nghị tăng doanh thu hộ kinh doanh lên 2-3 tỉ đồng mới xuất hóa đơn,Kinh doanh,Kinh doanh,Kinh doanh,True,1.6551848716228679,>=0.50
101658,80 năm ngày thành lập Quân đội nhân dân Việt Nam: Hoạt động ý nghĩa tại trường,Giáo dục,Giáo dục,Đời sống,False,0.014546521689396963,<0.10
30626,Làm gì để nỗi đau xưa không lặp lại?,Sức khỏe,Sức khỏe,Sức khỏe,True,0.5152560516041881,>=0.50
83424,"Chàng trai đến show hẹn hò, được mẹ ủng hộ bấm nút với mẹ đơn thân",Giải trí,Giải trí,Giải trí,True,0.2945760752820975,0.20–0.30
4258,Điểm thi tốt nghiệp THPT: 5 thành phố lớn đứng ở đâu trong bảng xếp hạng?,Giáo dục,Giáo dục,Giáo dục,True,0.7395189839122001,>=0.50
182964,'Mỏ vàng' 6 triệu khách hàng chờ Tổng công ty VTC khai phá,Khoa học công nghệ,Khoa học,Kinh doanh,False,1.5259734275992065,>=0.50
203988,"Tách khẩu khi lấy chồng, có cần ký giấy đồng ý bán đất hộ gia đình?",Pháp luật,Pháp luật,Pháp luật,True,0.4416618208767775,0.30–0.50
94699,Nghiên cứu tỷ lệ 'nhồi máu não': Đề tài tốt nghiệp của SV Y khoa ĐH Tân Tạo,Giáo dục,Giáo dục,Sức khỏe,False,0.17697336575172162,0.10–0.20
184097,"Chatbot mắng khách hàng, hãng chuyển phát vô hiệu hóa chức năng AI khẩn cấp",Khoa học công nghệ,Khoa học,Kinh doanh,False,0.4281429926137315,0.30–0.50
177346,Trường ĐH Công nghệ TP.HCM công bố phương án tuyển sinh năm 2026,Giáo dục,Giáo dục,Giáo dục,True,2.074484423205271,>=0.50
173258,120 học sinh dự cuộc thi toán tại Trường Quốc tế Anh BIS Hà Nội,Giáo dục,Giáo dục,Giáo dục,True,1.6207488058632042,>=0.50
204400,Tổng giám đốc lừa đảo gần 3.000 người lãnh 14 năm tù,Pháp luật,Pháp luật,Kinh doanh,False,0.4299965599559875,0.30–0.50
258237,"Ông bế cháu nội đi bộ 20km, chứng minh ‘hoa khôi Kẻ Gạ’ đã có chồng con",Đời sống,Đời sống,Đời sống,True,1.1159419269769901,>=0.50
96772,Tìm giải pháp để sinh viên không bỏ học,Giáo dục,Giáo dục,Giáo dục,True,2.5507834951147705,>=0.50
47139,"Khởi công xóa rốn ngập Nguyễn Văn Khối, quận Gò Vấp mong hoàn thành sớm cho dân đỡ khổ",Thời sự,Thời sự,Kinh doanh,False,0.11149122753641261,0.10–0.20
265217,Ông bố một đời lang bạt xốn xang dựng vợ gả chồng cho 2 con những ngày cuối năm,Đời sống,Đời sống,Đời sống,True,0.22936319825839235,0.20–0.30
10919,"Phim kinh dị Quỷ cẩu lên án việc săn bắt, giết mổ chó",Giải trí,Giải trí,Giải trí,True,0.5044576470239839,>=0.50
112188,Hàng chục tỉ USD bị lừa đảo trực tuyến,Kinh doanh,Kinh doanh,Pháp luật,False,0.1298742921650623,0.10–0.20
27043,"Công an quận Bình Tân tạm giữ hai nam thanh niên, thu hơn 1,2 tấn pháo nổ",Pháp luật,Pháp luật,Thời sự,False,0.3525698001126477,0.30–0.50
242930,"Xe ưu tiên đang bật đèn, còi có được đi ngược chiều?",Thời sự,Thời sự,Xe,False,0.4133068451355344,0.30–0.50
257643,"Cặp đôi ở TPHCM tiết lộ lí do 10 năm không nhà, không xe, dành tiền xê dịch",Đời sống,Đời sống,Xe,False,0.00010155134015576994,<0.10
33371,Bé gái 2 tuổi được chọn làm ‘nữ thần sống’ mới ở Nepal,Thế giới,Thế giới,Giải trí,False,0.0606619721668642,<0.10
42391,Bác sĩ Đặng Thùy Trâm và cuốn nhật ký thứ 3 - Kỳ 4: Chị Thùy của tôi,Thời sự,Thời sự,Đời sống,False,0.17848976587204224,0.10–0.20
43269,"Chợ Tết ngoại thành 30 tháng chạp: Nhiều sạp xả hàng, chủ sạp cầm micro hát",Thời sự,Thời sự,Kinh doanh,False,0.30388335440697667,0.30–0.50
211194,Bé gái 7 tuổi phải cắt bỏ ruột sau cơn đau bụng đột ngột,Sức khỏe,Sức khỏe,Sức khỏe,True,2.1286975602595737,>=0.50
210092,2 bố con vụ cháy chung cư mini Khương Hạ dù hết hoảng loạn vẫn ngại giao tiếp,Sức khỏe,Sức khỏe,Sức khỏe,True,1.504534138637779,>=0.50
63802,Tính năng bảo mật khiến MacBook cũ thành rác công nghệ,Khoa học công nghệ,Khoa học,Kinh doanh,False,0.01592136057521243,<0.10
250580,"Vừa lái xe vừa bấm điện thoại, tài xế xe tải gây tai nạn kinh hoàng",Xe,Xe,Xe,True,0.09385623306741281,<0.10
239883,TPHCM khai thác thêm 37 tuyến buýt mới sử dụng năng lượng sạch,Thời sự,Thời sự,Xe,False,0.18242111479024825,0.10–0.20
65205,Ngành kho hàng tăng cường áp dụng công nghệ RFID,Khoa học công nghệ,Khoa học,Kinh doanh,False,0.05871825692682403,<0.10
83832,Ngọc Ánh: Chồng cũ ủng hộ con gái theo nghệ thuật giống tôi,Giải trí,Giải trí,Giải trí,True,1.732786180579946,>=0.50
161157,Nhà văn nữ Hàn Quốc giành giải Nobel Văn học 2024,Giải trí,Giải trí,Giáo dục,False,0.05344855160383932,<0.10
99801,"'Nếu bỗng nhiên mẹ bất tỉnh, con phải làm gì?'",Giáo dục,Giáo dục,Pháp luật,False,0.08209222073661787,<0.10
136743,TP.HCM thành lập tổ công tác phát triển trung tâm tài chính quốc tế,Thời sự,Thời sự,Kinh doanh,False,0.43602910347794976,0.30–0.50
101824,Trao giấy chứng nhận chương trình đào tạo trình độ thạc sĩ cho Trường ĐH Quy Nhơn,Giáo dục,Giáo dục,Giáo dục,True,1.03940699497935,>=0.50
122981,"Tác chiến điện tử Nga hiệu quả ở Ukraine, nhưng Mỹ cũng được lợi",Thế giới,Thế giới,Thế giới,True,0.31853633079236165,0.30–0.50
21818,Vì sao Công ty nước sạch Sông Đà bất ngờ báo lỗ?,Kinh doanh,Kinh doanh,Kinh doanh,True,1.4874503090898363,>=0.50
53479,Apple sắp ra mắt MacBook giá rẻ dùng chip của iPhone,Khoa học công nghệ,Khoa học,Khoa học,True,0.2772939695037427,0.20–0.30
136294,"Vụ xe rác rơi từ cầu treo: Thời tiết xấu, việc tìm kiếm 2 nạn nhân gặp khó",Thời sự,Thời sự,Pháp luật,False,0.20097809693140545,0.20–0.30
255206,Các trường hợp lái xe được phép vượt phải mà không sợ bị phạt,Xe,Xe,Xe,True,0.6530630612632905,>=0.50
120003,Hồng Kông nới lỏng yêu cầu thị thực đối với lao động Việt Nam,Thế giới,Thế giới,Kinh doanh,False,0.6295897172666766,>=0.50
174406,Học phí các trường quốc tế tại Hà Nội cao nhất hơn 900 triệu đồng,Giáo dục,Giáo dục,Giáo dục,True,2.084301154811142,>=0.50
24053,"Chứng khoán tuần mới: Nhiều biến số gây áp lực, cơ hội vẫn xuất hiện vài nhóm cổ phiếu",Kinh doanh,Kinh doanh,Kinh doanh,True,2.4244619049482763,>=0.50
45939,Đóng 1 cửa xả đáy hồ thủy điện Tuyên Quang lúc 11h trưa nay,Thời sự,Thời sự,Kinh doanh,False,0.04644042926757308,<0.10
130378,"Bị tố gian lận, sao billiards Philippines kiện người bôi nhọ danh dự: ‘Hẹn các người ở tòa’",Thể thao,Thể thao,Thể thao,True,0.12876340776594486,0.10–0.20
162393,Tìm lại ký ức mùa Xuân trong sách 'Nhâm nhi Tết Quý Mão',Giải trí,Giải trí,Giải trí,True,0.16441154374602462,0.10–0.20
119895,Mỹ âm thầm gỡ thuế đối ứng đối với nhiều mặt hàng?,Thế giới,Thế giới,Kinh doanh,False,1.4711448920768224,>=0.50
128345,Đình Bắc bị U.23 Indonesia… bóp cổ?,Thể thao,Thể thao,Thể thao,True,1.288612596821161,>=0.50
229734,Kết quả bóng đá Uruguay 1-2 Colombia - Bán kết Copa America 2024,Thể thao,Thể thao,Thể thao,True,1.7472099644264039,>=0.50
201482,TKV nâng cao hiệu quả các lĩnh vực quản lý kinh tế tổng hợp,Kinh doanh,Kinh doanh,Kinh doanh,True,1.329883795924086,>=0.50
92121,Clip mới của Lê Tuấn Khang có gây sốt?,Giải trí,Giải trí,Giải trí,True,0.654672530052507,>=0.50
69034,"Hiếm gặp: Dãy độc đắc có số '5555', nhiều người bất ngờ trúng xổ số miền Nam",Đời sống,Đời sống,Đời sống,True,1.696044930594196,>=0.50
17476,Phần mềm tự phát triển giúp hàng không Nga vô sự trước sự cố CrowdStrike,Khoa học công nghệ,Khoa học,Kinh doanh,False,0.045932382989309795,<0.10
116456,"Top 10 kem bôi sẹo lồi, rỗ, lõm, thâm hiệu quả nhanh chóng bất chấp tuổi sẹo",Sức khỏe,Sức khỏe,Sức khỏe,True,0.8227144434837887,>=0.50
132133,Dự án cao tốc Biên Hòa - Vũng Tàu: Người dân bốc thăm tái định cư,Thời sự,Thời sự,Xã hội,False,0.03854277304479925,<0.10
29239,"Viên rau củ, kẹo rau là gì, có thay thế được rau xanh không?",Sức khỏe,Sức khỏe,Sức khỏe,True,1.0973252564460128,>=0.50
203457,"Phá đường dây sản xuất buôn bán khí cười cực lớn, bắt 11 đối tượng",Pháp luật,Pháp luật,Pháp luật,True,1.2680717213183499,>=0.50
125695,"Sự biến mất đột ngột của Mbappe tại Club World Cup, HLV Alonso nói điều bất ngờ",Thể thao,Thể thao,Thể thao,True,1.4389738489736539,>=0.50
80482,Phim chiếu tết của Trấn Thành lập thành tích đầu tiên dù chưa ra rạp,Giải trí,Giải trí,Giải trí,True,1.245357119062965,>=0.50
139245,Kè chống xói lở ở Đồng Tháp tiếp tục sạt lở,Thời sự,Thời sự,Kinh doanh,False,0.01151068433660929,<0.10
108571,Chính thức: Năm 2023 nóng nhất lịch sử nhưng năm 2024 sẽ nóng hơn,Kinh doanh,Kinh doanh,Khoa học,False,0.25306182332811505,0.20–0.30
30957,"Sữa chua tốt cho sức khỏe, nhưng loại nào là tốt nhất?",Sức khỏe,Sức khỏe,Sức khỏe,True,0.7761308759257612,>=0.50
121315,Hậu duệ của máy bay trinh sát huyền thoại SR-71 sắp xuất hiện?,Thế giới,Thế giới,Khoa học,False,0.7394297710224508,>=0.50
239242,"Cơn ác mộng lúc sáng sớm ở Thủ đô, nước mênh mông tận vành đai 3 trên cao",Thời sự,Thời sự,Xe,False,0.23533578640700303,0.20–0.30
52818,Do Kwon nhận tội lừa đảo sau thảm họa Terra,Khoa học công nghệ,Khoa học,Pháp luật,False,0.11465149855230705,0.10–0.20
246431,Khởi tố người lái ô tô ‘điên’ đâm 2 người tử vong ở TPHCM,Thời sự,Thời sự,Pháp luật,False,0.34921576843757773,0.30–0.50
26981,"Mở phòng khám bệnh tư nhân, đóng thuế thế nào?",Pháp luật,Pháp luật,Kinh doanh,False,1.7385471941298785,>=0.50
41004,Lý giải tài năng thiên bẩm của Yamal: Trọng tâm thấp,Thể thao,Thể thao,Thể thao,True,0.6289906507740508,>=0.50
223397,Kết quả bóng đá Hà Tĩnh 0-4 Bình Định - V-League 2023/24,Thể thao,Thể thao,Thể thao,True,1.9634951609210582,>=0.50
210607,Thức ăn nào dễ gây ngộ độc botulinum? Dấu hiệu khi nhiễm độc tố botulinum,Sức khỏe,Sức khỏe,Sức khỏe,True,1.3262740523623564,>=0.50
204971,Chủ tịch Alibaba Nguyễn Thái Luyện và vợ kêu oan,Pháp luật,Pháp luật,Pháp luật,True,0.3918934925224104,0.30–0.50
30433,Nước uống giải rượu bảo vệ gan từ cốt thanh long Golden Lypres Refreshing,Sức khỏe,Sức khỏe,Sức khỏe,True,0.9584107030613362,>=0.50
10852,"Disney quyết lấy lại ngôi vương phòng vé, công bố hàng loạt bom tấn cho năm mới",Giải trí,Giải trí,Giải trí,True,1.1526528303058545,>=0.50
99082,Hơn 100.000 học sinh tiểu học có nguy cơ bị 'lưu ban': Giáo dục thực chất?,Giáo dục,Giáo dục,Giáo dục,True,1.1569026347568308,>=0.50
32858,"Ông Trump gặp rắc rối, cuộc đua ở Đảng Cộng hòa thêm hấp dẫn",Thế giới,Thế giới,Thế giới,True,0.9280294435390545,>=0.50
110292,Tiền nhàn rỗi gửi đâu lời nhất?,Kinh doanh,Kinh doanh,Kinh doanh,True,1.6691541475643514,>=0.50
147448,Xe điện Trung Quốc về Việt Nam: Giá rẻ chưa phải ‘chìa khóa’ mở cửa thị trường,Xe,Xe,Xe,True,0.0905145063021302,<0.10
203290,"Giả vờ bán thiên thạch rồi ném ớt bột, giật túi tiền 1,5 tỷ đồng",Pháp luật,Pháp luật,Pháp luật,True,0.8461840212704338,>=0.50
204873,Bị cáo Lê Thị Dung: 'Mong tòa hãy giải oan cho tôi',Pháp luật,Pháp luật,Pháp luật,True,0.6279627968314424,>=0.50
244257,Cảnh nghịch lý trên đường Nguyễn Trãi sau 7 tháng thí điểm phân làn,Thời sự,Thời sự,Xe,False,0.5057179400051308,>=0.50
247726,"Giá xe điện mini Geely Panda ra mắt dành cho chị em, rẻ hơn Honda SH",Xe,Xe,Xe,True,1.0824180229310405,>=0.50
142287,Chào con của mẹ !,Thời sự,Thời sự,Sức khỏe,False,0.8709968600738253,>=0.50
117759,Cơ hội săn hàng giá rẻ khi sân bay đấu giá đồ thất lạc,Thế giới,Thế giới,Kinh doanh,False,0.57595794316683,>=0.50
254737,5 đời xe Toyota Land Cruiser cần tránh khi mua xe cũ,Xe,Xe,Xe,True,0.7063891010111202,>=0.50
247734,"Chốt cú bắt tay gần tỷ đô Chery - Geleximco, 2 mẫu xe SUV hot về trước dọn đường",Xe,Xe,Xe,True,0.07835027412720175,<0.10
162043,Bách khoa thư về '400 sự thật' dành cho thiếu nhi,Giải trí,Giải trí,Khoa học,False,0.26915793584903314,0.20–0.30
96324,Du học sinh Việt nhắm đến thành phố hạnh phúc nhất New Zealand,Giáo dục,Giáo dục,Giáo dục,True,2.1647324121412206,>=0.50
36889,Bóng đá Nhật quá tham vọng?,Thể thao,Thể thao,Thể thao,True,1.6218181639374114,>=0.50
219857,U23 Việt Nam 2-1 U23 Philippines HLV Kim Sang Sik tuyên bố vô địch,Thể thao,Thể thao,Thể thao,True,1.285731995690362,>=0.50
165841,Diễn viên Lương Hựu Thành đột ngột qua đời ở tuổi 27,Giải trí,Giải trí,Sức khỏe,False,0.8264986811330854,>=0.50
228472,Siêu kinh điển Barca đấu với Real Madrid: Siêu sao đại chiến,Thể thao,Thể thao,Thể thao,True,0.7069348248290238,>=0.50
113212,Giá USD hôm nay 12.4.2023: Ngân hàng thương mại mua vào thấp,Kinh doanh,Kinh doanh,Kinh doanh,True,1.8157029631031736,>=0.50
60808,Apple ra mắt chip M4 mới tập trung vào AI,Khoa học công nghệ,Khoa học,Khoa học,True,0.8292832464500659,>=0.50
145485,Phiên bản Kia Seltos 'xịn' nhất Việt Nam chốt giá 799 triệu có gì nổi bật?,Xe,Xe,Khoa học,False,0.049757691134842075,<0.10
81207,Khả Ngân thân thiết bên 'người tình màn ảnh' mới Trần Phong,Giải trí,Giải trí,Giải trí,True,1.0767088433625631,>=0.50
41852,Lịch trực tiếp vòng 31 Ngoại hạng Anh mới nhất: Chelsea gặp Man United,Thể thao,Thể thao,Thể thao,True,1.0747482297560413,>=0.50
55779,Cách cắm sạc iPhone sao cho đúng,Khoa học công nghệ,Khoa học,Khoa học,True,0.773031241320124,>=0.50
138804,Quảng Trị: Giải cứu thêm 6 người bị cô lập do nước lũ dâng cao,Thời sự,Thời sự,Thời sự,True,0.37450621571851206,0.30–0.50
198360,CEO Brandall: ‘Thiết kế là công cụ chiến lược nâng tầm giá trị thương hiệu VIệt’,Kinh doanh,Kinh doanh,Kinh doanh,True,1.8189556772424436,>=0.50
120595,Tàu ngầm hạt nhân Mỹ đến Úc,Thế giới,Thế giới,Thế giới,True,0.28282593520675714,0.20–0.30
265542,"Khinh bố mẹ vợ nghèo, đến ngày mua nhà chàng rể cúi đầu xấu hổ",Đời sống,Đời sống,Đời sống,True,0.2547125872549782,0.20–0.30
85846,Shark Nguyễn Hòa Bình nhớ cơm Phương Oanh nấu khi quay 'Thương vụ bạc tỉ',Giải trí,Giải trí,Kinh doanh,False,0.4253684739478263,0.30–0.50
178673,10 trường đại học lớn tổ chức thi riêng để tuyển sinh năm 2025,Giáo dục,Giáo dục,Giáo dục,True,2.4321123226024803,>=0.50
26569,Đánh người bị thương sau va chạm giao thông có bị xử lý hình sự không?,Pháp luật,Pháp luật,Pháp luật,True,0.5437266878836129,>=0.50
204351,Cựu Phó chủ tịch An Giang: ‘Bị cáo gây ra nỗi nhục nhã muôn đời không thể rửa’,Pháp luật,Pháp luật,Pháp luật,True,0.5593521684347499,>=0.50
25686,Giá vàng tăng mạnh sau tin tổng thống Iran tử nạn,Kinh doanh,Kinh doanh,Kinh doanh,True,1.1986014081550527,>=0.50
238503,Khu nghỉ dưỡng bị dựng hàng rào thép gai chặn lối xuống biển ở Nha Trang,Thời sự,Thời sự,Kinh doanh,False,0.7132438618494972,>=0.50
125326,"Bất ngờ vòng loại World Cup: Úc thua sốc, Hàn Quốc mất điểm, Trung Quốc ‘hứng’ 7 bàn",Thể thao,Thể thao,Thể thao,True,1.6907533333744393,>=0.50
235344,Bất ngờ VĐV giúp U21 bóng chuyền VN tạo địa chấn ở giải thế giới,Thể thao,Thể thao,Thể thao,True,0.922278433881491,>=0.50
216654,Khoảnh khắc chiến cơ F/A-18 Hornet của Malaysia cháy lớn ngay khi cất cánh,Thế giới,Thế giới,Thế giới,True,0.00036180667021251667,<0.10
241580,"Sạt lở đất chắn ngang quốc lộ 6 qua Mộc Châu, giao thông tê liệt",Thời sự,Thời sự,Xe,False,0.05015798789675019,<0.10
16286,Nông Thúy Hằng đoạt á hậu 2 Hoa hậu Hữu nghị Quốc tế 2023 ở Trung Quốc,Giải trí,Giải trí,Giải trí,True,0.20165409322382521,0.20–0.30
26472,"Vợ có con với người khác, làm sao để không phải nuôi con của vợ?",Pháp luật,Pháp luật,Pháp luật,True,0.43879694716689255,0.30–0.50
40332,Điền kinh Việt Nam giành huy chương nhảy cao tại Giải U18 châu Á,Thể thao,Thể thao,Giáo dục,False,0.04365825317065786,<0.10
164706,"Sau phốt gạ gẫm fan nữ, Park Yoo Chun tiếp tục thua kiện gần 9 tỷ đồng",Giải trí,Giải trí,Giải trí,True,0.032888298059075505,<0.10
243368,"Tài xế xe khách vượt ẩu, 'chặn đầu' ô tô ngược chiều ở Tuyên Quang bị xử phạt",Thời sự,Thời sự,Pháp luật,False,0.284717480856557,0.20–0.30
173522,Vụ tiến sĩ bị đình chỉ chức viện trưởng: Trường đại học lên tiếng,Giáo dục,Giáo dục,Giáo dục,True,0.5972790702525375,>=0.50
203962,Cảnh sát chặn đứng đường dây buôn ma túy xuyên quốc gia,Pháp luật,Pháp luật,Pháp luật,True,0.8528923528568249,>=0.50
203384,Nghi phạm sát hại mẹ vợ lẩn trốn sang Campuchia,Pháp luật,Pháp luật,Pháp luật,True,0.8231313364743531,>=0.50
29193,"Uống rượu về rồi đi tắm, sáng dậy miệng méo xệch nhưng không do đột quỵ",Sức khỏe,Sức khỏe,Sức khỏe,True,1.475433982643682,>=0.50
265297,Vợ tôi có biểu hiện 'chán chồng' dù chỉ mới 42 tuổi,Đời sống,Đời sống,Đời sống,True,0.0036729353871797765,<0.10
26995,Bị chấm dứt hợp đồng lao động cuối năm có được nhận lương thưởng tháng 13 không?,Pháp luật,Pháp luật,Công đoàn,False,0.7790504421420024,>=0.50
183095,Chấn chỉnh việc lạm dụng yêu cầu bản sao chứng thực khi làm thủ tục hành chính,Khoa học công nghệ,Khoa học,Kinh doanh,False,0.17713526929402246,0.10–0.20
257208,"Nghe tiếng vợ kêu cứu, người chồng bất chấp nguy hiểm làm việc không ngờ",Đời sống,Đời sống,Pháp luật,False,0.10649428049126197,0.10–0.20
82697,"Nhà sản xuất xin lỗi vì cắt nhiều cảnh quay của Thành Lộc, Cẩm Ly trong 'Ma da'",Giải trí,Giải trí,Giải trí,True,2.4448275521374447,>=0.50
101600,"Mùa báo điểm thi: Điểm số quan trọng, nhưng có phải là tất cả?",Giáo dục,Giáo dục,Giáo dục,True,1.4319430130049722,>=0.50
144277,"Xe Trung Quốc Lynk & Co 01 thêm bản 'base', giá cao hơn Mazda CX-5 gần 200 triệu",Xe,Xe,Xe,True,0.2895648364711497,0.20–0.30
15702,Người đẹp Quảng Nam Võ Lê Quế Anh đăng quang Miss Grand Vietnam 2024,Giải trí,Giải trí,Giải trí,True,0.5214632452400461,>=0.50
53292,Xiaomi 16 Ultra sẵn sàng trở thành 'flagship' hoàn chỉnh,Khoa học công nghệ,Khoa học,Khoa học,True,0.9129755488189925,>=0.50
109051,"Hôm nay, miền Trung bắt đầu đợt mưa rất lớn, kéo dài nhiều ngày",Kinh doanh,Kinh doanh,Khoa học,False,0.04236491371712514,<0.10
259327,Suýt sảy thai vì mẹ chồng không cho bật điều hoà,Đời sống,Đời sống,Giải trí,False,0.15452138187843217,0.10–0.20
122877,"Chiến sự Ukraine ngày 877: Ông Zelensky đến Anh, nguy cơ xung đột leo thang mạnh",Thế giới,Thế giới,Thế giới,True,1.0406312430660976,>=0.50
116063,Top 5 sản phẩm skincare đáng mua từ thương hiệu dược mỹ phẩm của Mỹ,Sức khỏe,Sức khỏe,Sức khỏe,True,0.5476114488133182,>=0.50
214940,Nỗi khổ của người duy nhất sống sót trong vụ máy bay chở 242 người rơi,Thế giới,Thế giới,Thời sự,False,0.0046497216903350624,<0.10
117891,Sứ mệnh thót tim thu hồi mẫu vật từ tiểu hành tinh,Thế giới,Thế giới,Khoa học,False,1.5262121406258111,>=0.50
67968,CSGT chỉ ra 'thủ phạm' khiến nhiều người dân TP.HCM bị té xe khi trời mưa,Đời sống,Đời sống,Xe,False,0.2637514095134976,0.20–0.30
99809,Cô hiệu trưởng hát 'Niềm tin chiến thắng' tặng học trò trước kỳ thi tốt nghiệp THPT,Giáo dục,Giáo dục,Giáo dục,True,0.7713858144415795,>=0.50
140110,Hiện trường trong ngôi nhà bị cháy khiến gia đình 4 người tử vong,Thời sự,Thời sự,Thời sự,True,0.7906999628804805,>=0.50
12940,Mỹ Linh: Thất bại là một cảm giác nên trải qua trong Chị đẹp đạp gió rẽ sóng,Giải trí,Giải trí,Giải trí,True,1.2730017000701181,>=0.50
139190,Để thời trang Việt không teo tóp,Thời sự,Thời sự,Kinh doanh,False,1.1347287583862151,>=0.50
229071,"Kết quả bóng đá Aston Villa 0-0 MU, vòng 7 Ngoại hạng Anh",Thể thao,Thể thao,Thể thao,True,0.9668180685411164,>=0.50
50586,Tăng cường kiểm soát xe tập lái trên đường,Xe,Xe,Giáo dục,False,0.05579252932516199,<0.10
219213,Hoàng Hên tuyên bố Hà Nội FC thắng Nam Định,Thể thao,Thể thao,Thể thao,True,1.0169909352111186,>=0.50
220697,"Đình Trọng được tiến cử lên tuyển Việt Nam, HLV Kim có gật đầu?",Thể thao,Thể thao,Thể thao,True,1.174826538075235,>=0.50
206383,"Ăn bánh sinh nhật, bé trai 11 tuổi suýt nguy hiểm tính mạng vì dị vật khó tin",Sức khỏe,Sức khỏe,Sức khỏe,True,1.122486454224739,>=0.50
118676,Ông Trump kêu gọi người ủng hộ quyên góp để mình được 'lên thiên đường',Thế giới,Thế giới,Thế giới,True,0.2700051632384076,0.20–0.30
261798,"Cách làm trứng ngâm tương thơm ngon, đơn giản tại nhà",Đời sống,Đời sống,Đời sống,True,0.31624991570929706,0.30–0.50
52041,"Xe máy Trung Quốc 'nhái' Yamaha NMax, giá chỉ bằng một nửa",Xe,Xe,Xe,True,0.9739768447706997,>=0.50
124336,Các CLB Đông Nam Á lạm dụng cầu thủ ngoại tại giải châu Á,Thể thao,Thể thao,Thể thao,True,1.8496029209917437,>=0.50
122318,"Nga tấn công liên tục Bakhmut, Tổng thống Ukraine ra chỉ đạo mới cho quân đội",Thế giới,Thế giới,Thế giới,True,0.48107029834236115,0.30–0.50
66725,"Kết quả xổ số Mega 6/45 Vietlott tối 5.10, hơn 69,3 tỉ đồng chờ người trúng",Đời sống,Đời sống,Đời sống,True,1.5503324895065815,>=0.50
160053,"Nhan Phúc Vinh tái xuất màn ảnh với tạo hình bụi phủi, tạm biệt hình ảnh soái ca",Giải trí,Giải trí,Giải trí,True,0.7495342279270035,>=0.50
192025,Ngân hàng mắc kẹt vì dự án bến du thuyền của đại gia Lã Quang Bình,Kinh doanh,Kinh doanh,Kinh doanh,True,1.0381399589282507,>=0.50
176154,"Cặp sinh đôi trường làng đỗ trường top châu Á: Không dùng điện thoại, chơi game",Giáo dục,Giáo dục,Giáo dục,True,0.6457032331048341,>=0.50
39369,Tổng thống Mattarella gặp tuyển bóng chuyền nữ Ý,Thể thao,Thể thao,Thể thao,True,0.8358103522055416,>=0.50
259292,Đám cưới triệu USD phỏng theo phim 'Crazy Rich Asians',Đời sống,Đời sống,Đời sống,True,0.04350422778057961,<0.10
146558,Trung Quốc kiện Liên minh châu Âu vì bị tăng thuế ô tô điện,Xe,Xe,Kinh doanh,False,1.1587282118943647,>=0.50
181269,Lệnh trừng phạt của Mỹ giúp ‘thần đồng’ AI Trung Quốc trở thành tỷ phú 23 tỷ USD,Khoa học công nghệ,Khoa học,Kinh doanh,False,0.781318647364049,>=0.50
195396,"Giá vàng tăng, người mua lãi hơn nửa triệu đồng/lượng",Kinh doanh,Kinh doanh,Kinh doanh,True,0.3638309955976943,0.30–0.50
204986,Đại gia đòi trăm tỷ gửi ngân hàng trong vụ ‘siêu lừa’ Nguyễn Thị Hà Thành,Pháp luật,Pháp luật,Kinh doanh,False,0.08762692108485504,<0.10
44783,Để đường đến trường bớt hiểm nguy,Thời sự,Thời sự,Giáo dục,False,1.2493897555342537,>=0.50
118276,"Cá sấu trắng, mắt xanh siêu hiếm chào đời ở Mỹ",Thế giới,Thế giới,Khoa học,False,0.13120330336077823,0.10–0.20
181325,Extreme Networks hướng tới mở rộng sản xuất ở Việt Nam,Khoa học công nghệ,Khoa học,Kinh doanh,False,0.8164188258829764,>=0.50
91234,Trần Kiều Ân đáp trả khi bị chê 'gà mái già không biết đẻ trứng',Giải trí,Giải trí,Giải trí,True,1.01801659284635,>=0.50
243293,Nguyên nhân cầu Cát Lái nối Đồng Nai với TP.HCM chưa thể xây dựng,Thời sự,Thời sự,Kinh doanh,False,0.040788493751482635,<0.10
16061,Tin tức giải trí 19-1: Hoa hậu Thùy Tiên hóa trang thành tượng đồng ở phố đi bộ,Giải trí,Giải trí,Giải trí,True,0.8377905435065793,>=0.50
145973,Có gì sau thành công của xe điện cỡ nhỏ Wuling Hongguang MiniEV?,Xe,Xe,Xe,True,0.1603772180566866,0.10–0.20
230792,"Lee Kang-in hậu ẩu đả Son Heung-min, bị nhà đài xóa hình ảnh",Thể thao,Thể thao,Thể thao,True,0.38206269843626206,0.30–0.50
112707,"Ngân hàng Nhà nước tiếp tục hút tiền, lãi suất tiết kiệm đi xuống",Kinh doanh,Kinh doanh,Kinh doanh,True,1.0786208861612774,>=0.50
243183,Yêu cầu lập báo cáo nghiên cứu tiền khả thi tuyến đường sắt Lào Cai - Hải Phòng,Thời sự,Thời sự,Khoa học,False,0.13611495844109056,0.10–0.20
128518,U.16 nữ Việt Nam tiến gần hơn đến chức vô địch Đông Nam Á: Nhờ thắng tiếp Myanmar,Thể thao,Thể thao,Thể thao,True,1.2884223281914422,>=0.50
104846,Quy hoạch xây dựng tỷ lệ 1/2000 Khu đô thị dịch vụ đông nam Dung Quất,Kinh doanh,Kinh doanh,Kinh doanh,True,0.11683859505896532,0.10–0.20
68376,'Xuyên không' về các làng nghề dân gian ngay trung tâm TP.HCM dịp Quốc khánh 2.9,Đời sống,Đời sống,Đời sống,True,0.2327146913255962,0.20–0.30
98649,Đề kiểm tra cuối kỳ 2 môn văn theo chương trình mới có gì nổi bật?,Giáo dục,Giáo dục,Giáo dục,True,1.6102568433810949,>=0.50
61559,Facilitated Work Hub vào Top 5 công ty IT tốt nhất Việt Nam 2023,Khoa học công nghệ,Khoa học,Kinh doanh,False,0.6591073155779963,>=0.50
248588,"Chiếc Mercedes GLC 300 của Quang Hải bị mất logo, kẻ gian để lại lời 'chúc mừng'",Xe,Xe,Xe,True,0.3550769360390639,0.30–0.50
203677,Truy tố kẻ bắt cóc 2 bé gái trên phố đi bộ Nguyễn Huệ để quay clip khiêu dâm,Pháp luật,Pháp luật,Pháp luật,True,0.26457659826061586,0.20–0.30
31307,Đề nghị bảo hiểm y tế chi trả phí điều trị cho trẻ em từ giai đoạn bào thai,Sức khỏe,Sức khỏe,Sức khỏe,True,1.299569225905957,>=0.50
34442,"Thủ tướng Hun Manet chụp ảnh giúp du khách nước ngoài, được khen 'nhiếp ảnh gia có tâm'",Thế giới,Thế giới,Giải trí,False,0.024448460924113458,<0.10
65756,Ùn ùn kín khách tại quán hủ tiếu rẻ 20.000 đồng/tô ở TP.HCM: Hết vèo trong 2 tiếng,Đời sống,Đời sống,Đời sống,True,0.45310413078029366,0.30–0.50
146672,5 thói quen tưởng chừng vô hại dễ khiến xe hybrid nhanh hỏng,Xe,Xe,Xe,True,0.3661437457261798,0.30–0.50
215737,Trung Quốc biến hầm trú bom thành khu tránh nắng nóng khẩn cấp,Thế giới,Thế giới,Khoa học,False,0.13688360607813044,0.10–0.20
167116,"Angela Phương Trinh ngông cuồng và coi thường pháp luật, cần xử phạt nghiêm",Giải trí,Giải trí,Giải trí,True,0.4801053584731223,0.30–0.50
197740,Cảng biển tỷ đô cho Đồng bằng sông Cửu Long,Kinh doanh,Kinh doanh,Kinh doanh,True,0.6493020151149599,>=0.50
91407,Khoảnh khắc kinh hoàng khi Ariana Grande suýt bị ô tô đâm,Giải trí,Giải trí,Giải trí,True,0.7743057369355826,>=0.50
54767,Cách tiết kiệm dung lượng Google Photos,Khoa học công nghệ,Khoa học,Khoa học,True,0.9091854143568229,>=0.50
61295,iPhone sắp có camera 200 MP để theo kịp Samsung,Khoa học công nghệ,Khoa học,Khoa học,True,1.123674680440654,>=0.50
221855,"Thái Lan, Indonesia thắng to trận ra quân vòng loại U20 châu Á",Thể thao,Thể thao,Thể thao,True,1.3655042998652827,>=0.50
64107,Máy tính với chip Snapdragon X Elite sẽ rẻ bất ngờ vào năm sau,Khoa học công nghệ,Khoa học,Khoa học,True,0.7161256625611953,>=0.50
180146,"Nữ sinh mất bố, mẹ trước ngày thi tốt nghiệp: 'Con đã hoàn thành tốt kỳ thi'",Giáo dục,Giáo dục,Giáo dục,True,0.20502888250835982,0.20–0.30
26899,"Cho vay tiền đòi không chịu trả, phải làm gì?",Pháp luật,Pháp luật,Pháp luật,True,0.7688727011483624,>=0.50
209841,Những món ăn được nhiều người yêu thích nhưng tiểm ẩn nguy hiểm,Sức khỏe,Sức khỏe,Sức khỏe,True,1.9301124397531786,>=0.50
174818,Đại học cấp bằng thạc sĩ về ma thuật và thần bí học,Giáo dục,Giáo dục,Giáo dục,True,1.0243789012434277,>=0.50
258384,"Mới sinh con, cặp vợ chồng xúc động trước hành động ấm lòng của chủ nhà",Đời sống,Đời sống,Đời sống,True,0.36069451886248327,0.30–0.50
255705,"Mất điện thoại giữa lũ dữ, anh cứu hộ Đà Nẵng gặp chuyện ấm lòng sau 3 ngày",Đời sống,Đời sống,Đời sống,True,0.03211092033602336,<0.10
166528,"Hoa hậu Châu Á Thái Bình Dương 2024: Mỹ đăng quang, Việt Nam lần đầu vào top 10",Giải trí,Giải trí,Giải trí,True,0.31411003264149406,0.30–0.50
255004,"Lái xe điện trong lúc trời mưa, đường ngập nước liệu có an toàn?",Xe,Xe,Xe,True,0.3538258217340814,0.30–0.50
26423,Ðưa hình người bị nghi ngờ lừa đảo lên mạng xã hội được không?,Pháp luật,Pháp luật,Pháp luật,True,0.7722874788103383,>=0.50
33267,Câu nói của nữ Thủ tướng Takaichi dẫn đầu 'từ khóa năm 2025' của Nhật,Thế giới,Thế giới,Giải trí,False,0.15205937733614172,0.10–0.20
38137,Nữ võ sĩ MMA Thái Lan có ngoại hình gây tranh cãi tại SEA Games 33,Thể thao,Thể thao,Thể thao,True,0.41532758429742606,0.30–0.50
5898,Thầy Phú đặc biệt của học trò lớp giáo dục thường xuyên,Giáo dục,Giáo dục,Giáo dục,True,1.5363032398756042,>=0.50
26290,"Vợ mất năng lực hành vi dân sự, chồng có phải là người giám hộ đương nhiên?",Pháp luật,Pháp luật,Pháp luật,True,0.5812696219795712,>=0.50
234637,Phép màu Tiger Woods ở The Masters 2023,Thể thao,Thể thao,Thể thao,True,0.24311574899458044,0.20–0.30
69323,Phường Thủ Đức và 11 phường mới: Những địa danh gắn bó với người dân TP.HCM,Đời sống,Đời sống,Giáo dục,False,0.006786999938188432,<0.10
26285,"Mua xe đã qua nhiều chủ, làm sao để sang tên?",Pháp luật,Pháp luật,Xe,False,0.3500640357725835,0.30–0.50
26723,"Em ruột mượn tiền chưa trả, nay em sắp đi định cư nước ngoài, đòi thế nào?",Pháp luật,Pháp luật,Pháp luật,True,0.7098261070392464,>=0.50
87764,Vicky Nhung tung MV nói thay tiếng lòng hội độc thân,Giải trí,Giải trí,Giải trí,True,1.3126594716399311,>=0.50
119943,"Nvidia, AMD đồng ý chia 15% doanh thu bán chip tại Trung Quốc cho chính phủ Mỹ?",Thế giới,Thế giới,Kinh doanh,False,0.768949552175399,>=0.50
162386,Tự viết cuốn sách trong thời đại 4.0 liệu có khó?,Giải trí,Giải trí,Giải trí,True,0.10511567161352375,0.10–0.20
5378,Sẻ chia với học trò vùng khó khăn - Kỳ 2: Những lớp học kết nối,Giáo dục,Giáo dục,Giáo dục,True,2.8302896171979315,>=0.50
214287,Hồng y có khả năng trở thành Giáo hoàng đầu tiên là người châu Á,Thế giới,Thế giới,Giáo dục,False,0.3333327147397216,0.30–0.50
25773,"Giá vàng miếng SJC hôm nay vẫn ở đỉnh 85,2 triệu đồng/lượng",Kinh doanh,Kinh doanh,Kinh doanh,True,1.2262397023621683,>=0.50
230041,Link xem trực tiếp bóng đá Euro 2024 hôm nay 20/6,Thể thao,Thể thao,Thể thao,True,0.7507667373265339,>=0.50
179449,Học sinh 149 trường cấp 3 được xét tuyển vào ĐH Quốc gia TP.HCM như thế nào,Giáo dục,Giáo dục,Giáo dục,True,2.853105618229985,>=0.50
146810,Thực hư việc làm sạch đèn pha ô tô bị ố vàng bằng kem đánh răng,Xe,Xe,Khoa học,False,0.09215717958469272,<0.10
226651,"Tin tức về chuyển nhượng 5/9: MU bán Onana, Tottenham ký Savinho",Thể thao,Thể thao,Thể thao,True,0.7357541510906368,>=0.50
264200,Cái giá đắt cho nỗi ám ảnh ngoại hình của người Hàn Quốc,Đời sống,Đời sống,Sức khỏe,False,0.3872343641659912,0.30–0.50
93816,NSND Trần Tiến qua đời,Giải trí,Giải trí,Giải trí,True,1.5618822427943926,>=0.50
134103,Đồng Nai: Những ai được hỗ trợ tiền dịp Tết Nguyên đán 2026?,Thời sự,Thời sự,Thời sự,True,0.2858343230420397,0.20–0.30
234764,Bầu Hiển và câu chuyện gieo mầm hy vọng,Thể thao,Thể thao,Thể thao,True,0.9458673375430435,>=0.50
12908,Sinh viên Y Dược TP.HCM chiến thắng Sinh viên thế hệ mới,Giải trí,Giải trí,Giáo dục,False,1.404712815158283,>=0.50
229196,"Nhận định bóng đá Juventus vs Napoli, vòng 5 Serie A",Thể thao,Thể thao,Thể thao,True,1.8294003467648121,>=0.50
73517,Nữ sinh bị cuốn vào gầm container ở TP.HCM: Mong có tiền điều trị để đi học lại,Đời sống,Đời sống,Sức khỏe,False,0.5834239551554645,>=0.50
91970,Con gái nuôi Bằng Kiều đọ giọng với ca sĩ Hàn Quốc,Giải trí,Giải trí,Giải trí,True,2.0822116419779153,>=0.50
27859,Ai dễ xơ gan khi uống rượu bia và làm sao để bảo vệ gan?,Sức khỏe,Sức khỏe,Sức khỏe,True,1.636928326009754,>=0.50
108176,"Metro số 2 TP.HCM điều chỉnh lớn về tổng vốn, quy mô và công nghệ",Kinh doanh,Kinh doanh,Kinh doanh,True,0.6898526417429183,>=0.50
124652,"HLV đội Thái Lan gây sốc: Chỉ e ngại U.23 Việt Nam và Indonesia, phớt lờ Malaysia",Thể thao,Thể thao,Thể thao,True,1.1666099401904262,>=0.50
45059,Đùa với cô hả Tí?,Thời sự,Thời sự,Đời sống,False,0.08397226602321939,<0.10
173195,"Thủ tướng: Thanh niên phải soi chiếu, nhìn nhận trách nhiệm bản thân với dân tộc",Giáo dục,Giáo dục,Giáo dục,True,0.07729437895660418,<0.10
227990,3 lý do Arsenal sẽ thắng Chelsea,Thể thao,Thể thao,Thể thao,True,1.4648839946841106,>=0.50
6641,Nhạc Tết AI triệu view nghe vừa quen vừa lạ,Giải trí,Giải trí,Giải trí,True,0.9324384468848471,>=0.50
26068,"Sinh năm 1973, tham gia BHXH tự nguyện 1 năm rồi chuyển sang BHXH bắt buộc, tính lương hưu thế nào?",Pháp luật,Pháp luật,Công đoàn,False,0.03573164299321119,<0.10
136333,Cam Ly - Đà Lạt: ‘Thủ phủ’ du lịch canh nông tỉnh Lâm Đồng,Thời sự,Thời sự,Kinh doanh,False,0.5667833141054068,>=0.50
88872,"Khắc Việt bức xúc, làm rõ về clip quảng cáo cờ bạc",Giải trí,Giải trí,Giải trí,True,0.9237801041090349,>=0.50
105188,Bình Dương tổ chức hội thảo xúc tiến đầu tư tại Hoa Kỳ,Kinh doanh,Kinh doanh,Kinh doanh,True,1.4957056835719789,>=0.50
120565,"Chiến sự tối 5.3: Cận chiến gia tăng, lúc hai bên vẫn giằng co ở Bakhmut",Thế giới,Thế giới,Thế giới,True,0.6128657006393833,>=0.50
210541,Hôn mê sâu sau 7 ngày uống rượu nhưng không ăn,Sức khỏe,Sức khỏe,Sức khỏe,True,1.7792049511352404,>=0.50
96261,"Việt Nam dạy chương trình mới, trường ĐH nước ngoài có đổi cách tuyển sinh?",Giáo dục,Giáo dục,Giáo dục,True,2.7515003644016396,>=0.50
102129,Ngành dẫn đầu điểm chuẩn Trường ĐH Khoa học xã hội và nhân văn TP.HCM năm 2024,Giáo dục,Giáo dục,Giáo dục,True,1.7450503757025055,>=0.50
214861,Mánh khóe ‘dùng quyền lực đổi tiện nghi’ của cựu Thứ trưởng Trung Quốc,Thế giới,Thế giới,Kinh doanh,False,0.05467053236180708,<0.10
97197,Nâng cao chất lượng quản trị đại học,Giáo dục,Giáo dục,Giáo dục,True,1.2274915811652767,>=0.50
204775,Cựu nữ cảnh sát ‘rút ruột’ hàng tỷ đồng của Công an TP.HCM,Pháp luật,Pháp luật,Pháp luật,True,0.4120606462785952,0.30–0.50
250822,Ô tô KIA Forte húc đuôi xe Seltos rồi bỏ chạy tên Đại lộ Thăng Long,Xe,Xe,Xe,True,0.046513888458830144,<0.10
50782,"Xe sang Cadillac XT4 2025 'rẻ như cho' khi ra mắt Trung Quốc, chỉ bằng một nửa giá tại Mỹ",Xe,Xe,Xe,True,0.5394379447475506,>=0.50
123617,"Thủ môn mắc lỗi khó tin, Messi không thể cứu nổi Inter Miami",Thể thao,Thể thao,Thể thao,True,1.3664929303277977,>=0.50
143547,Người Việt mua xe sang: Dịch vụ hậu mãi có 'tiếng nói quyết định',Xe,Xe,Xe,True,0.23213390089068203,0.20–0.30
211263,"Mắc bệnh hiếm, sau sốt nhẹ 3 ngày bé 7 tuổi liệt tứ chi, không thở được",Sức khỏe,Sức khỏe,Sức khỏe,True,1.4465787307293207,>=0.50
226482,"Kết quả bóng đá Chelsea vs Brighton, vòng 6 Ngoại hạng Anh",Thể thao,Thể thao,Thể thao,True,0.8935258907306262,>=0.50
28928,3 loại mỹ phẩm của Shynh Beauty bị thu hồi toàn quốc vì ghi nhãn khiến người mua nhầm là thuốc,Sức khỏe,Sức khỏe,Kinh doanh,False,0.5137815741457465,>=0.50
130006,"Bóng chuyền: Thanh Thúy tái xuất 'gánh' hàng công, nhưng Gunma không thể gây bất ngờ",Thể thao,Thể thao,Thể thao,True,1.1720306722386007,>=0.50
211798,Mối liên hệ giữa ăn thịt và nguy cơ tử vong?,Sức khỏe,Sức khỏe,Sức khỏe,True,0.1292759015850442,0.10–0.20
80613,Diễn xuất bùng nổ của Kim Soo Hyun 'cứu' phim 'Nữ hoàng nước mắt',Giải trí,Giải trí,Giải trí,True,1.1154903793852897,>=0.50
264277,"Người dùng siêu tiết kiệm khi mua sắm, chi tiêu qua thẻ tín dụng LOTTE Finance",Đời sống,Đời sống,Kinh doanh,False,1.1608940012049742,>=0.50
170064,Hương Ly ấn tượng với áo dài thổ cẩm ở Tây Nguyên,Giải trí,Giải trí,Thời sự,False,0.1144781903069163,0.10–0.20
103407,‘Thí sinh chỉ rớt đại học khi không biết cách đăng ký nguyện vọng’,Giáo dục,Giáo dục,Giáo dục,True,1.3083396604060131,>=0.50
99133,Xóa áp lực kiểm tra cuối kỳ,Giáo dục,Giáo dục,Giáo dục,True,1.58896335035883,>=0.50
193705,"Bản tin tài chính sáng 7/1/2024: Giá vàng giảm, dầu tăng, USD hồi phục",Kinh doanh,Kinh doanh,Kinh doanh,True,1.7201274410136174,>=0.50
91635,Á hậu Hồng Đăng: Tôi 'sốc' khi phát hiện khối u ở ngực,Giải trí,Giải trí,Giải trí,True,0.44756156349500575,0.30–0.50
202560,"Chơi chứng khoán năm 14 tuổi, thanh niên bỏ đại học, bán kem mỗi năm thu 17 tỷ",Kinh doanh,Kinh doanh,Kinh doanh,True,0.6383080674113446,>=0.50
61961,OpenAI và Microsoft bị kiện vì vi phạm bản quyền,Khoa học công nghệ,Khoa học,Khoa học,True,0.14922973220868807,0.10–0.20
221534,Kết quả bóng đá Quảng Nam 1-1 Hà Nội - Vòng 9 Vleague 2024/25,Thể thao,Thể thao,Thể thao,True,1.9074651292912,>=0.50
182498,"Chính quyền địa phương 2 cấp hướng đến vận hành tiện lợi, gần dân",Khoa học công nghệ,Khoa học,Xã hội,False,0.13945409370695994,0.10–0.20
119106,Việc lớn khó thành,Thế giới,Thế giới,Thế giới,True,0.0649769782719658,<0.10
121280,Bên trong kế hoạch 'ngầm' đẩy mạnh công nghiệp quốc phòng của Nhật Bản,Thế giới,Thế giới,Kinh doanh,False,0.4727334107437635,0.30–0.50
59630,"Không hỗ trợ Wi-Fi 7, Microsoft làm khó người dùng Windows 10",Khoa học công nghệ,Khoa học,Khoa học,True,0.9775802022109447,>=0.50
121585,"Mỹ, Philippines tập trận quân sự, bắn tên lửa vang trời về hướng Biển Đông",Thế giới,Thế giới,Thế giới,True,0.849407548149067,>=0.50
37517,Video: Trung vệ Đông Á Thanh Hóa tung người móc bóng kinh điển,Thể thao,Thể thao,Thể thao,True,1.4347651669118984,>=0.50
69805,Cha mẹ bật khóc vì con về nhà ăn tết bất ngờ sau 4 năm đi Nhật,Đời sống,Đời sống,Đời sống,True,0.8346467819738838,>=0.50
215148,Cuộc ly hôn của người phụ nữ giàu nhất Nga biến thành đấu súng,Thế giới,Thế giới,Pháp luật,False,0.12091340017732938,0.10–0.20
214485,Giải mã trường hợp 'ngủ đông 24 ngày' duy nhất trên thế giới,Thế giới,Thế giới,Sức khỏe,False,0.16821410175644247,0.10–0.20
217291,Khoảnh khắc ‘tên lửa-drone’ Ukraine nổ trong căn cứ quân sự Nga ở tỉnh Bryansk,Thế giới,Thế giới,Thế giới,True,0.15834981012901034,0.10–0.20
93673,Vợ chồng Kanye West bị 'đuổi' khỏi thảm đỏ Grammy 2025 sau màn khoe thân chấn động?,Giải trí,Giải trí,Giải trí,True,0.05136152628251589,<0.10
26056,Xây nhà lấn sang đất bỏ hoang có bị xử lý không?,Pháp luật,Pháp luật,Pháp luật,True,0.19653748520984143,0.10–0.20
193830,Đại gia xăng dầu dính dáng vụ bắt ông Lê Đức Thọ cầm cố 33 triệu lít dầu ở BIDV,Kinh doanh,Kinh doanh,Kinh doanh,True,1.4178878780359172,>=0.50
233637,"MU chốt xong giá Onana, 'tấn công' lấy Hojlund",Thể thao,Thể thao,Thể thao,True,0.2741002150340133,0.20–0.30
178698,ĐH Nguyễn Tất Thành - ngôi trường 25 năm tuổi thu hút Gen Z,Giáo dục,Giáo dục,Giáo dục,True,1.6445083021840132,>=0.50
70834,Người cha rớt nước mắt nhờ photoshop để con gái 14 tuổi được mặc áo dài 'làm cô giáo',Đời sống,Đời sống,Đời sống,True,0.1216118230914166,0.10–0.20
119321,Ông Elon Musk trên đường trở thành tỉ phú nghìn tỉ USD,Thế giới,Thế giới,Kinh doanh,False,1.374580458840377,>=0.50
69334,Người người nườm nượp viếng đền Chợ Củi thờ quan Hoàng Mười,Đời sống,Đời sống,Đời sống,True,0.0876350042933785,<0.10
161348,Dịch giả Phan Cẩm Thượng: ‘Phật giáo là con đường nhận thức - giác ngộ’,Giải trí,Giải trí,Giáo dục,False,0.41759093875172626,0.30–0.50
98416,"Chỉ đạo mới nhất của TP.HCM: Trường học tiếp tục duy trì căn tin, bãi giữ xe",Giáo dục,Giáo dục,Giáo dục,True,0.16770873811307885,0.10–0.20
105731,"Sửa luật Đầu tư công: Tách bồi thường, giải phóng mặt bằng... thành dự án độc lập",Kinh doanh,Kinh doanh,Kinh doanh,True,0.5165087451091968,>=0.50
42434,Săn trăm ký cá từ đống chà khô hồ Dầu Tiếng,Thời sự,Thời sự,Đời sống,False,0.22111590332036424,0.20–0.30
135343,Xử phạt chủ bè 'chặt chém' du khách trong vụ cá bò hòm ở Nha Trang,Thời sự,Thời sự,Kinh doanh,False,0.2787362054126554,0.20–0.30
38551,Trọng tài bị 'ném đá' vì thờ ơ nhìn võ sĩ bị siết cổ bất tỉnh,Thể thao,Thể thao,Thể thao,True,0.837148768992302,>=0.50
123056,"Chiến sự Ukraine ngày 1008: Nga tấn công 144 khu vực, ra yêu cầu mới với Mỹ",Thế giới,Thế giới,Thế giới,True,0.5700972697142754,>=0.50
198413,Khánh thành nhà máy sản xuất và chế tạo động cơ Yuchai,Kinh doanh,Kinh doanh,Kinh doanh,True,0.3482716749009702,0.30–0.50
204514,Bị cáo Trương Mỹ Lan muốn nhờ con cháu chuộc 2 chiếc túi Hermes bạch tạng,Pháp luật,Pháp luật,Kinh doanh,False,0.022397321115774527,<0.10
110783,Một địa chỉ email đăng ký thành lập 80 doanh nghiệp để gian lận hóa đơn,Kinh doanh,Kinh doanh,Kinh doanh,True,1.2792162382307803,>=0.50
100174,Cựu nữ sinh Malaysia kiện giáo viên 'cúp tiết',Giáo dục,Giáo dục,Giáo dục,True,1.6404536971443273,>=0.50
185751,Google tung tính năng làm mờ ‘ảnh nóng’ trên Android,Khoa học công nghệ,Khoa học,Khoa học,True,0.47002046151568466,0.30–0.50
19012,"Hà Nội cho phép hồ Tây được hoạt động trở lại du thuyền, dù lượn",Kinh doanh,Kinh doanh,Kinh doanh,True,0.17910951522772234,0.10–0.20
17836,Người tiêu dùng Việt tăng ‘bộ lọc an toàn’ khi mua sắm online,Kinh doanh,Kinh doanh,Kinh doanh,True,0.6874957580389102,>=0.50
15479,Quế Anh sẽ tiến thẳng vào top 10 Miss Grand International 2024?,Giải trí,Giải trí,Giải trí,True,0.2909316058343012,0.20–0.30
173308,"Ngôi trường cho học sinh trải nghiệm, tìm hiểu về công nghệ bán dẫn",Giáo dục,Giáo dục,Giáo dục,True,1.9274637956233747,>=0.50
36684,"SEA Games 33: U22 Việt Nam - U22 Lào sẽ đầu xuôi, đuôi lọt",Thể thao,Thể thao,Thể thao,True,1.2247588596359567,>=0.50
32185,Phân tíchMỹ - Trung với 'lá bài' đất hiếm,Thế giới,Thế giới,Kinh doanh,False,0.36075296736720197,0.30–0.50
34190,Người soát vé tàu Bỉ bị tố cáo vì chào tiếng Pháp trong khu vực nói tiếng Hà Lan,Thế giới,Thế giới,Giáo dục,False,0.13964818691232084,0.10–0.20
13349,"Hà Trúc Linh mặc bộ đầm 'điềm báo', vẫn bất ngờ khi giành vương miện Hoa hậu Việt Nam 2024",Giải trí,Giải trí,Giải trí,True,0.4347464620385765,0.30–0.50
7059,"Phân tíchNhạc Việt thời 'hit đa nền tảng': Phép màu, Kho báu và nhiều hơn nữa",Giải trí,Giải trí,Giải trí,True,1.311529450073918,>=0.50
26054,Làm thế nào để được xác nhận là người Việt Nam?,Pháp luật,Pháp luật,Pháp luật,True,0.4236421492502145,0.30–0.50
159076,Phản ứng của chồng và các con khi diva Mỹ Linh thi 'Chị đẹp đạp gió rẽ sóng',Giải trí,Giải trí,Đời sống,False,0.021913893200731283,<0.10
97514,Tiếng Anh thành ngôn ngữ thứ hai trong trường học: Tìm phương pháp giảng dạy phù hợp,Giáo dục,Giáo dục,Giáo dục,True,1.6841293098739964,>=0.50
115850,"Review sữa rửa mặt Trioderma Acne Deep Cleanser có giúp sạch sâu, hỗ trợ giảm mụn?",Sức khỏe,Sức khỏe,Sức khỏe,True,0.7578739146876858,>=0.50
115341,Top 10 serum chống lão hóa tuổi 40 - 50 được người dùng đánh giá cao,Sức khỏe,Sức khỏe,Sức khỏe,True,0.7817280933341834,>=0.50
255296,8 lời khuyên để mua xe cũ hiệu quả trong dịp cuối năm,Xe,Xe,Xe,True,0.4444631404074978,0.30–0.50
2268,Trường đại học Y Dược Cần Thơ tuyển sinh 2 ngành học mới,Giáo dục,Giáo dục,Giáo dục,True,2.9813360727925344,>=0.50
132288,Đồng Nai: Hơn 26.000 khách hàng mất điện sau cơn mưa to kèm gió lớn,Thời sự,Thời sự,Kinh doanh,False,0.16607855713814612,0.10–0.20
47373,"Suzuki Fronx sắp về Việt Nam chỉ tốn 2,2 lít xăng/100km, chạy Hà Nội - Ninh Bình chỉ mất 40.000 đồng",Xe,Xe,Xe,True,0.7139085557915857,>=0.50
204566,Tòa bất ngờ thay đổi thời gian tuyên án 254 bị cáo trong đại án đăng kiểm,Pháp luật,Pháp luật,Pháp luật,True,1.0743859420559734,>=0.50
34699,Những chuyến tàu vào mùa Giáng sinh tuyệt vời nhất châu Âu,Thế giới,Thế giới,Khoa học,False,0.6185063933794382,>=0.50
216448,Khoảnh khắc UAV cảm tử Lancet tập kích radar cảnh báo của Ukraine,Thế giới,Thế giới,Khoa học,False,0.10482853087491345,0.10–0.20
30080,"Ghen tuông, kiểm soát quá mức có thể đang mắc bệnh tâm thần?",Sức khỏe,Sức khỏe,Sức khỏe,True,0.3186540105559423,0.30–0.50
238652,Bảo hiểm xã hội chi trả lương hưu và trợ cấp bằng nhiều hình thức linh hoạt,Thời sự,Thời sự,Công đoàn,False,0.6212050455192233,>=0.50
26689,"Bị đột quỵ trong thời gian được kháng cáo, có thể gửi đơn kháng cáo muộn?",Pháp luật,Pháp luật,Pháp luật,True,0.9029776672789368,>=0.50
200339,"Cửa hàng bán nhỏ giọt vàng nhẫn, khách đến chờ rồi 'ôm cục tức'",Kinh doanh,Kinh doanh,Kinh doanh,True,0.8685762267871255,>=0.50
97021,Vì sao một trường tiểu học ở Phú Quốc khai giảng sớm nửa tháng?,Giáo dục,Giáo dục,Giáo dục,True,1.208399867966612,>=0.50
145569,Nhu cầu tiêu thụ xe máy toàn cầu sẽ tăng kỷ lục trong năm 2025,Xe,Xe,Kinh doanh,False,0.3252225242400102,0.30–0.50
42568,"'Đột nhập' lãnh địa vàng Phước Sơn, 'vàng tặc' rầm rộ khoét núi lấy vàng",Thời sự,Thời sự,Khoa học,False,0.2054920790675071,0.20–0.30
72969,"Chiều nay TP.HCM lại mưa: Đường 'thành sông', chợ mênh mông nước",Đời sống,Đời sống,Đời sống,True,0.002326788818849179,<0.10
142406,Người phụ nữ mang nhiều tỉ đồng đi từ thiện 'chừng nào tắt thở mới thôi',Thời sự,Thời sự,Đời sống,False,0.6956793633545357,>=0.50
265150,"Gặp người vợ ly hôn 6 năm trước, chồng cũ lại thấy 'rung rinh' như thuở ban đầu",Đời sống,Đời sống,Giải trí,False,0.24434298646872993,0.20–0.30
134198,Xác minh vụ người bị tai nạn được 'vợ và người yêu cùng đến chăm sóc',Thời sự,Thời sự,Thời sự,True,0.14700181003422935,0.10–0.20
7913,"50 tuổi, Lam Trường tự nhận không đủ 'mỏ hỗn' để chơi game show",Giải trí,Giải trí,Giải trí,True,1.3883439594023261,>=0.50
30581,Cô gái 28 tuổi tử vong sau 2 ngày điều trị thủy đậu,Sức khỏe,Sức khỏe,Sức khỏe,True,1.5728137362882166,>=0.50
213800,Ông Trump thay đổi lập trường có giúp Ukraine lật ngược tình thế?,Thế giới,Thế giới,Thế giới,True,0.47182845550600716,0.30–0.50
120375,Biến đổi khí hậu đang đe dọa quân đội Anh,Thế giới,Thế giới,Khoa học,False,0.018393028852363935,<0.10
188690,"Để làm ra 1.000 USD, Việt Nam xài điện gấp nhiều lần Indonesia và Philippines",Kinh doanh,Kinh doanh,Kinh doanh,True,0.7070713365154435,>=0.50
119436,Đến thời các mạng xã hội tận thu người dùng,Thế giới,Thế giới,Khoa học,False,0.4998594167214216,0.30–0.50
17389,"Smartphone realme C75 pin khỏe sạc nhanh, đặc quyền tại Thế Giới Di Động",Khoa học công nghệ,Khoa học,Khoa học,True,0.15793299560327106,0.10–0.20
96441,"Câu nói 'đồ bị hiếp dâm', bạo lực học đường tàn nhẫn khiến nữ sinh tự sát",Giáo dục,Giáo dục,Giáo dục,True,1.0575538747359263,>=0.50
33269,Chiêu trò mới: Dùng AI biến hàng tốt thành hàng hỏng để đòi hoàn tiền,Thế giới,Thế giới,Kinh doanh,False,0.4601203757160861,0.30–0.50
265134,"Mẹ chồng ra 'tối hậu thư' trước Tết, nàng dâu đỏ mặt nói 5 câu",Đời sống,Đời sống,Đời sống,True,0.6731595399737733,>=0.50
28724,Có phương thuốc tự làm ở nhà giúp chữa khỏi sâu răng?,Sức khỏe,Sức khỏe,Sức khỏe,True,0.31887573111706824,0.30–0.50
27426,Bà Trương Mỹ Lan xin tòa xem xét lại định giá bất động sản theo giá thị trường,Pháp luật,Pháp luật,Kinh doanh,False,0.6606450206330035,>=0.50
19800,"Hậu thương vụ nghìn tỉ của Geleximco, cổ phiếu Viettronics Tân Bình giảm sàn liên tục",Kinh doanh,Kinh doanh,Kinh doanh,True,2.6411967451021607,>=0.50
4741,Đăng ký xét tuyển đại học vào tháng 7-2023,Giáo dục,Giáo dục,Giáo dục,True,2.8895897054250574,>=0.50
57522,"Đầu tư cho trung tâm dữ liệu tăng mạnh, Anthropic rót 50 tỉ USD vào Mỹ",Khoa học công nghệ,Khoa học,Khoa học,True,0.042730266897332725,<0.10
54803,6 sai lầm khi sử dụng email có thể khiến bạn mất việc,Khoa học công nghệ,Khoa học,Kinh doanh,False,0.01489926354081561,<0.10
139240,Ngắm nhìn TP.HCM ngập sắc cờ đỏ sao vàng từ máy bay trực thăng,Thời sự,Thời sự,Khoa học,False,0.18260979761677132,0.10–0.20
252393,Sáu hãng ô tô ở Hàn Quốc triệu hồi gần 55.000 xe do lỗi linh kiện,Xe,Xe,Xe,True,0.8052387317215802,>=0.50
193508,"Giá vàng hôm nay 15/2/2024 biến động mạnh sát ngày Thần Tài, vàng SJC tăng lại",Kinh doanh,Kinh doanh,Kinh doanh,True,1.5862927951507673,>=0.50
108227,"Muốn có sữa sạch, chất lượng cao, Mang Yang là vùng đất tốt nhất Việt Nam",Kinh doanh,Kinh doanh,Khoa học,False,0.012565801674057353,<0.10
59767,Tương lai khó đoán của dòng Samsung Galaxy S26 với mẫu Pro mới,Khoa học công nghệ,Khoa học,Kinh doanh,False,0.24279650036246347,0.20–0.30
167151,"Nhà phố 4 tầng, rộng 600m2, ngập tràn sắc màu của Thủy Top",Giải trí,Giải trí,Giáo dục,False,0.2036426053085888,0.20–0.30
187268,"M1A2T Abrams pháo 120mm, tốc độ 67km/h, giáp bất tử khiến đối phương toát mồ hôi",Khoa học công nghệ,Khoa học,Khoa học,True,0.5339308067683288,>=0.50
210181,Thuyền trưởng tàu cá bị tai biến nặng được đưa vào bờ cấp cứu kịp thời,Sức khỏe,Sức khỏe,Khoa học,False,0.0570984067709584,<0.10
210711,Sở Y tế TP.HCM yêu cầu không làm gián đoạn ghép gan cho trẻ em,Sức khỏe,Sức khỏe,Sức khỏe,True,0.8871659982759426,>=0.50
260358,Cô dâu bỏ rơi chú rể ngay trên sân khấu để chạy theo tình cũ,Đời sống,Đời sống,Đời sống,True,0.45990258659711886,0.30–0.50
60672,Microsoft sẽ đưa AI đến gần hơn với người dùng Việt Nam,Khoa học công nghệ,Khoa học,Khoa học,True,1.0091239016419986,>=0.50
217862,Israel công bố video binh sĩ tập kích cứ điểm Hamas tại Khan Younis,Thế giới,Thế giới,Thế giới,True,0.26763309181572753,0.20–0.30
102964,"Có nên tự học IELTS bằng ChatGPT, Gemini theo xu hướng mạng?",Giáo dục,Giáo dục,Giáo dục,True,1.9298855631550702,>=0.50
216079,Ngày Quốc tế Phụ nữ 8/3 ở Italia không trọn vẹn vì không đủ hoa Mimosa,Thế giới,Thế giới,Kinh doanh,False,0.10354597100596574,0.10–0.20
235686,Giải golf Chung tay vì ATGT 2024 tìm ra nhà vô địch,Thể thao,Thể thao,Thể thao,True,0.01276553061510416,<0.10
40928,Nhiều cơ thủ top 10 thế giới dự giải pool quốc tế TP.HCM,Thể thao,Thể thao,Thể thao,True,0.894487197600408,>=0.50
72903,Nữ điều dưỡng viết thư động viên bệnh nhân giai đoạn cuối,Đời sống,Đời sống,Sức khỏe,False,0.23041231621616398,0.20–0.30
176671,Cuộc đua vào trường top của những đứa trẻ từ 4 tuổi,Giáo dục,Giáo dục,Giáo dục,True,1.272540806835133,>=0.50
203358,"Tức giận vì bị chụp hình, người đàn ông nhặt đá đánh chết thanh niên 27 tuổi",Pháp luật,Pháp luật,Pháp luật,True,0.5687455831860069,>=0.50
93193,Hot girl từng 'gây bão' khi hẹn hò chàng kỹ sư lương 100 triệu giờ ra sao?,Giải trí,Giải trí,Giải trí,True,0.6766519548314092,>=0.50
52296,"MPV Zeekr 009 công bố bản 4 ghế siêu sang, giá rẻ Volvo EM90",Xe,Xe,Khoa học,False,0.07594575610081655,<0.10
251615,Người dân Nha Trang vật lộn sửa xe máy sau mưa lũ vì ngâm nước nhiều ngày,Xe,Xe,Xe,True,0.3501131549457672,0.30–0.50
192301,"Giá vàng hôm nay 14/9/2024 tăng dồn dập, vàng nhẫn lập kỷ lục mới",Kinh doanh,Kinh doanh,Kinh doanh,True,1.9080814422755563,>=0.50
257493,Cúng Rằm tháng 7 cần lưu ý những điều sau,Đời sống,Đời sống,Xã hội,False,0.01326779076048168,<0.10
86958,Nhóm nhạc đầu tiên thành lập sau 'Anh trai vượt ngàn chông gai' giờ ra sao?,Giải trí,Giải trí,Giải trí,True,1.4158135777237706,>=0.50
135583,"Binh đoàn 15 trao tặng trường học, nhà rông cho đồng bào ở biên giới",Thời sự,Thời sự,Thời sự,True,0.8174249543821539,>=0.50
68018,Cho phép leo núi Bà Đen trở lại: Phải xuất phát đúng khung giờ này mới được!,Đời sống,Đời sống,Khoa học,False,0.10820324117769275,0.10–0.20
104401,Bình Phước cần đảm bảo tiến độ thi công các dự án cao tốc,Kinh doanh,Kinh doanh,Kinh doanh,True,0.4037135580591036,0.30–0.50
70883,1.000 câu chuyện chưa kể: See her heal - đồng hành cùng mẹ sau sinh,Đời sống,Đời sống,Sức khỏe,False,0.027579455499816385,<0.10
187369,"Galaxy S26 có đối thủ cực mạnh Redmi K90 Pro Max, chip Snapdragon, âm thanh Bose",Khoa học công nghệ,Khoa học,Khoa học,True,0.6759664346882018,>=0.50
181997,Apple yêu cầu các đại lý uỷ quyền không bán iPhone trên TikTok Shop,Khoa học công nghệ,Khoa học,Kinh doanh,False,0.6109806416510939,>=0.50
65551,Lan man… bánh ít,Đời sống,Đời sống,Đời sống,True,0.938094850143166,>=0.50
204781,"Ký cấp 6 sổ đỏ sai quy định, cựu chủ tịch huyện hầu tòa",Pháp luật,Pháp luật,Thời sự,False,0.079678966575781,<0.10
29419,Bệnh viện Đại học Y Dược TPHCM nhận danh hiệu Anh hùng Lao động,Sức khỏe,Sức khỏe,Sức khỏe,True,0.5357912451389159,>=0.50
184309,"Tây Ninh: Bàn giao, đưa vào vận hành hệ thống camera giám sát an ninh trật tự",Khoa học công nghệ,Khoa học,Khoa học,True,0.07472136463678547,<0.10
212312,Ba không khi ăn lẩu,Sức khỏe,Sức khỏe,Sức khỏe,True,1.7028526712395724,>=0.50
194747,"Bản tin tài chính sáng 14/7: Giá vàng và dầu tiếp tục tăng nhanh, USD lao dốc",Kinh doanh,Kinh doanh,Kinh doanh,True,1.4611635589416863,>=0.50
203667,Phá điểm đánh bạc từ tin tố giác gọi 'đường dây nóng' của Giám đốc Công an,Pháp luật,Pháp luật,Pháp luật,True,1.0933500835898435,>=0.50
247584,'Kẻ đến sau' Haval Jolion giá khoảng 700 triệu có đấu nổi Toyota Corolla Cross?,Xe,Xe,Xe,True,0.6975101877004005,>=0.50
88400,Mỹ nhân 'X-men' đón con thứ 2 sau khi cắt bỏ ngực,Giải trí,Giải trí,Giải trí,True,0.8680222000738254,>=0.50
238262,Người phụ nữ bị chồng cũ tìm đến tận chỗ làm túm tóc đánh liên tục vào mặt,Thời sự,Thời sự,Pháp luật,False,0.7149298738055918,>=0.50
199525,Thu thuế GTGT hàng nhập khẩu giá trị thấp: Hòa nhịp xu thế toàn cầu,Kinh doanh,Kinh doanh,Kinh doanh,True,1.9166611981700314,>=0.50
42039,Dự đoán tỉ số Ngoại hạng Anh: Chelsea lại 'gieo sầu' cho Man United,Thể thao,Thể thao,Thể thao,True,1.151636210487859,>=0.50
254907,Những phụ kiện ô tô mà bạn không nên lắp trong xe,Xe,Xe,Xe,True,0.3787212915782907,0.30–0.50
218704,"Ukraine bị nghi dùng vũ khí hóa học, Điện Kremlin lên tiếng về ông Zelensky",Thế giới,Thế giới,Thế giới,True,0.05030681764612843,<0.10
132188,An Giang: 2 du khách tử vong khi chèo thuyền sup ở đảo Hòn Tre,Thời sự,Thời sự,Thời sự,True,0.4921901750350042,0.30–0.50
108115,Trung tâm tài chính quốc tế Việt Nam hút vốn ngoại,Kinh doanh,Kinh doanh,Kinh doanh,True,2.1229159312727264,>=0.50
249595,Honda Super Cub 110 nhập Thái giá 135 triệu đồng,Xe,Xe,Xe,True,0.5645951912000723,>=0.50
244755,"Sự thật thông tin người phụ nữ bị đâm tử vong ở Đà Nẵng, để lại 3 con nhỏ",Thời sự,Thời sự,Pháp luật,False,0.5150742667872245,>=0.50
258360,Đàn ông Hà Nội xếp hàng làm đẹp đón Tết từ 6h sáng,Đời sống,Đời sống,Đời sống,True,0.25539264499742986,0.20–0.30
175563,Nữ thủ khoa điểm tuyệt đối từng bị bàn tán ‘trường chuyên mà trượt đại học’,Giáo dục,Giáo dục,Giáo dục,True,2.436643845555002,>=0.50
243041,"Bàn giao được 99,5% diện tích mặt bằng sân bay Long Thành",Thời sự,Thời sự,Kinh doanh,False,0.42169485894941294,0.30–0.50
203868,Bắt người phụ nữ ở Thanh Hóa làm giả hồ sơ cho nhiều người nước ngoài,Pháp luật,Pháp luật,Pháp luật,True,0.8026057140553476,>=0.50
210834,"Thủ phạm khiến nam giới chỉ còn 1, 2 con tinh trùng ở tuổi 24",Sức khỏe,Sức khỏe,Sức khỏe,True,0.9920937849051493,>=0.50
128533,Lịch thi đấu U.23 Việt Nam mới nhất: Cả FPT Play và VTV đều phát trực tiếp,Thể thao,Thể thao,Thể thao,True,1.315347540373487,>=0.50
256843,"Bà 85 tuổi tặng đàn cháu món quà đặc biệt đầu năm, lý do nhiều người xúc động",Đời sống,Đời sống,Đời sống,True,0.7484611034908352,>=0.50
27323,Căng thẳng phiên tòa vụ 4 người trong gia đình đánh hàng xóm 'thừa sống thiếu chết' ở Củ Chi,Pháp luật,Pháp luật,Pháp luật,True,1.3413721733918678,>=0.50
61793,Diablo IV: Dự đoán 7 trùm cuối có thể tái xuất,Khoa học công nghệ,Khoa học,Khoa học,True,0.04489472419951085,<0.10
10103,Trấn Thành phủ nhận 'lấy thịt đè người' thị trường phim Tết 2025,Giải trí,Giải trí,Giải trí,True,1.591587877168175,>=0.50
48193,"'VinFast Limo Green, Minio Green sẽ là đòn chí mạng vào phân khúc Xpander, Morning đang thống trị'",Xe,Xe,Xe,True,0.6745565040911783,>=0.50
98401,Nữ phó giáo sư và những dự án AI tác động lớn tới cuộc sống người Việt,Giáo dục,Giáo dục,Khoa học,False,0.298908800745297,0.20–0.30
263838,Con gái 40 tuổi nghỉ việc về nhà nhận lương của bố mẹ,Đời sống,Đời sống,Đời sống,True,0.15023642630758477,0.10–0.20
65814,Cua yếm vuông Cà Mau: Đặc sản khiến dân sành ăn 'lơ' luôn cua gạch,Đời sống,Đời sống,Khoa học,False,0.011939593965763495,<0.10
9599,"Thu 172 tỉ đồng, Địa đạo là ‘huyền thoại’ nhưng thời của phim chiến tranh qua rồi?",Giải trí,Giải trí,Giải trí,True,1.3539343853994037,>=0.50
28017,Phụ nữ sau 30 tuổi liệu có quá sớm để bổ sung canxi?,Sức khỏe,Sức khỏe,Sức khỏe,True,0.21721379603508595,0.20–0.30
211189,9 nguyên nhân gây đau dạ dày dân văn phòng dễ mắc,Sức khỏe,Sức khỏe,Sức khỏe,True,1.4119753428348867,>=0.50
135931,'Bẫy' mua bán nhà đất: Sở Tư pháp tỉnh Đồng Nai nói gì?,Thời sự,Thời sự,Pháp luật,False,1.2636541842453002,>=0.50
147583,Xe khách cố tình ‘chèn đường’ nhiều ô tô con trên cao tốc: Dân mạng phẫn nộ,Xe,Xe,Xe,True,0.22580752263389225,0.20–0.30
25709,Không cho con cầm tiền từ bé: Nên hay không?,Kinh doanh,Kinh doanh,Kinh doanh,True,0.136130300104031,0.10–0.20
99985,Giúp sinh viên giảm thiểu rủi ro khi sử dụng dịch vụ tài chính,Giáo dục,Giáo dục,Giáo dục,True,0.2836315820979623,0.20–0.30
57751,Hơn 2 tỉ smartphone 5G đã được bán trên toàn thế giới,Khoa học công nghệ,Khoa học,Khoa học,True,0.03766583508669907,<0.10
144034,"Người Việt có thêm địa điểm sửa chữa, bảo dưỡng xe máy chuyên nghiệp",Xe,Xe,Kinh doanh,False,0.1353039171108278,0.10–0.20
227626,MU nhận cú hích lớn trước trận chiến với Bilbao,Thể thao,Thể thao,Thể thao,True,0.9761309278792321,>=0.50
211931,Thắc mắc thường gặp của bố mẹ về vắc xin 6 trong 1,Sức khỏe,Sức khỏe,Sức khỏe,True,1.2069934254513028,>=0.50
172582,Sinh viên ở TPHCM vào học lúc 6h30 có quá sớm?,Giáo dục,Giáo dục,Giáo dục,True,2.0362352296524353,>=0.50
239763,Vụ ô tô tông 2 xe máy rồi lao xuống sông: Thông tin từ Ban ATGT tỉnh Nghệ An,Thời sự,Thời sự,Thời sự,True,0.4596600892907477,0.30–0.50
17291,"Ngày càng nhiều thông tin sai, có nên tìm kiếm, hỏi AI?",Khoa học công nghệ,Khoa học,Khoa học,True,0.6695155717408786,>=0.50
36318,HLV Mai Đức Chung chia tay tuyển nữ Việt Nam,Thể thao,Thể thao,Thể thao,True,1.0832530665681452,>=0.50
239610,Gia Lai đẩy mạnh ứng dụng công nghệ thông tin trong quản lý giao thông,Thời sự,Thời sự,Xe,False,0.024132627141157492,<0.10
219940,HLV U23 Indonesia: Vô địch U23 Đông Nam Á không khó,Thể thao,Thể thao,Thể thao,True,1.1687042899582647,>=0.50
118083,Cảnh báo ‘bạn gái AI’ đang hủy hoại cả thế hệ đàn ông Mỹ,Thế giới,Thế giới,Giải trí,False,0.20749774595721165,0.20–0.30
30636,Cứu sống người đàn ông bị xà beng dài 90cm đâm xuyên cổ,Sức khỏe,Sức khỏe,Sức khỏe,True,1.4878164623516406,>=0.50
8391,Joe Hahn của Linkin Park bị nét dung dị của Hà Nội mê hoặc,Giải trí,Giải trí,Giải trí,True,0.5111461242168083,>=0.50
6065,Những ngả đường du học trở về - Kỳ 5: Dám chấp nhận cô đơn và thách thức,Giáo dục,Giáo dục,Giáo dục,True,0.36395680882247816,0.30–0.50
232911,"Thomas Tuchel ủ mưu lớn Bayern, Pep Guardiola dặn Man City chiêu độc",Thể thao,Thể thao,Thể thao,True,1.3171514693882376,>=0.50
141176,Lực lượng lao động có hàng chục triệu người không tham gia bảo hiểm xã hội,Thời sự,Thời sự,Công đoàn,False,0.6923924971772735,>=0.50
262870,"Cô dâu An Giang nhận quà 100 tỷ, run rẩy nghe chồng nói một câu lúc sinh con",Đời sống,Đời sống,Đời sống,True,0.41812979715262444,0.30–0.50
211144,"Bị giảm cân, người phụ nữ đi khám ra ung thư thực quản",Sức khỏe,Sức khỏe,Sức khỏe,True,1.8792471759609826,>=0.50
90009,Diễn viên Hoàng Phi Kha lên tiếng tin đồn hẹn hò mỹ nhân Thái Lan,Giải trí,Giải trí,Giải trí,True,0.9393307716398507,>=0.50
216156,"Yêu không thành, chàng trai kiện đòi cô gái bồi thường hơn 50 tỷ",Thế giới,Thế giới,Giải trí,False,0.03676038829982459,<0.10
109857,Vàng miếng SJC đột ngột quay đầu tăng mạnh 2 triệu đồng/lượng,Kinh doanh,Kinh doanh,Kinh doanh,True,1.023778473425168,>=0.50
118662,"Vì một con chuột, máy bay mất 3 ngày dọn dẹp",Thế giới,Thế giới,Khoa học,False,0.41506567647735304,0.30–0.50
194810,"Giá vàng tăng, lời 100.000 đồng/lượng từ đầu tháng 7",Kinh doanh,Kinh doanh,Kinh doanh,True,0.6146863691425183,>=0.50
130983,TP.HCM tổ chức nhiều chương trình thể thao kỷ niệm 50 năm thống nhất đất nước,Thể thao,Thể thao,Thể thao,True,0.06659579354850065,<0.10
64278,Xperia 1 VII chính là dấu chấm hết cho smartphone Sony?,Khoa học công nghệ,Khoa học,Kinh doanh,False,0.9528207720274651,>=0.50
216218,Bác sĩ mổ lấy quả lựu đạn nằm trong lồng ngực binh sĩ Ukraine,Thế giới,Thế giới,Sức khỏe,False,0.7819009470580054,>=0.50
173944,Sạt lở đất xô nghiêng ngôi trường đang xây dựng ở Thanh Hóa,Giáo dục,Giáo dục,Giáo dục,True,0.9756350471854043,>=0.50
178727,Danh sách trúng tuyển Trường Đại học Y Dược TPHCM năm 2024,Giáo dục,Giáo dục,Giáo dục,True,1.8865255923024684,>=0.50
57695,Người dùng Android cần cập nhật ngay bản vá bảo mật quan trọng,Khoa học công nghệ,Khoa học,Khoa học,True,0.7252669005277407,>=0.50
235663,Ấn tượng giải golf ngành Nhôm - Kính - Cửa toàn quốc 2024,Thể thao,Thể thao,Thể thao,True,0.020738993890199453,<0.10
27381,Viện kiểm sát: Bà Đỗ Thị Nhàn nhận tiền và chỉ cho bà Trương Mỹ Lan cách đối phó sai phạm ở SCB,Pháp luật,Pháp luật,Pháp luật,True,0.7848135964084746,>=0.50
113855,"VIB lan tỏa văn hóa Việt tại ’Giao lộ thế giới’, New York",Kinh doanh,Kinh doanh,Kinh doanh,True,0.6233986844954305,>=0.50
204009,Xe vi phạm hỏng hóc vì bãi giữ ngập nước liệu có được đền bù?,Pháp luật,Pháp luật,Pháp luật,True,0.3135573048982284,0.30–0.50
49695,Bộ trưởng Giao thông Thổ Nhĩ Kỳ bị phạt vì chạy quá tốc độ,Xe,Xe,Xe,True,0.1387185777534501,0.10–0.20
116576,Hướng dẫn sử dụng miếng dán trị sẹo phẫu thuật tạo thành bụng đúng chuẩn chuyên gia,Sức khỏe,Sức khỏe,Sức khỏe,True,0.585524849398133,>=0.50
147094,"Hạ kính ô tô khi đang chạy, thói quen xấu nên bỏ",Xe,Xe,Xe,True,0.35767554074294594,0.30–0.50
32372,"Bà Harris đem đến làn gió mới, nhưng...",Thế giới,Thế giới,Thế giới,True,0.6626222970196122,>=0.50
232747,Kết quả bóng đá Real Madrid 2-1 Osasuna - Cúp nhà Vua,Thể thao,Thể thao,Thể thao,True,1.8336631655509963,>=0.50
94787,Tư vấn mùa thi 2024: Hàng ngàn học sinh Bình Định chờ đón Tư vấn mùa thi,Giáo dục,Giáo dục,Giáo dục,True,1.1533039877774562,>=0.50
84107,Danh ca Phương Dung nói lý do không đi hát cải lương,Giải trí,Giải trí,Giải trí,True,2.0425119108258163,>=0.50
220175,Nguyễn Filip lấy suất bắt chính trận Việt Nam vs Malaysia,Thể thao,Thể thao,Thể thao,True,1.0964721446919445,>=0.50
98637,"Trường CĐ Sư phạm Đắk Lắk tuyển sinh vượt chỉ tiêu, Sở GD-ĐT đề nghị xử lý",Giáo dục,Giáo dục,Giáo dục,True,1.2685465467430426,>=0.50
248197,Loạt xe hot tại Japan Mobility Show 2025 khiến giới mộ điệu mê mẩn,Xe,Xe,Xe,True,0.4370591719764566,0.30–0.50
189433,"Lãi suất ngân hàng hôm nay 2/12/2025: Lãi suất chứng chỉ tiền gửi vọt lên 6,9%",Kinh doanh,Kinh doanh,Kinh doanh,True,1.231065848202038,>=0.50
82231,'Kẻ ẩn danh': Đánh đấm 'cháy' cũng khó cứu kịch bản hời hợt,Giải trí,Giải trí,Giải trí,True,1.3823926755293061,>=0.50
211624,4 tác động cực xấu đến sức khỏe từ thói quen của hàng triệu người mỗi khi ăn,Sức khỏe,Sức khỏe,Sức khỏe,True,1.3664644021259407,>=0.50
34555,"Phát hiện não 12.000 năm tuổi, có cơ chế bí mật mà khoa học chưa biết?",Thế giới,Thế giới,Khoa học,False,0.375666814674102,0.30–0.50
204475,Bà Trương Mỹ Lan run giọng 'tinh thần bị cáo bấn loạn’,Pháp luật,Pháp luật,Pháp luật,True,0.5985968158613135,>=0.50
130567,Bao giờ tầm vóc người Việt Nam được cải thiện: Mục tiêu cấp bách của Đề án 641,Thể thao,Thể thao,Sức khỏe,False,0.1561045144346715,0.10–0.20
253043,"Xe SUV tiền tỷ Nissan Terra sau 6 năm giá rớt một nửa, có nên mua đi off-road?",Xe,Xe,Xe,True,0.18187859648698235,0.10–0.20
223742,HLV Jurgen Klinsmann: Tuyển Việt Nam không yếu,Thể thao,Thể thao,Thể thao,True,1.6183892729809424,>=0.50
204876,Hotgirl 'Tina Dương' bị tuyên phạt 11 năm tù,Pháp luật,Pháp luật,Pháp luật,True,0.6795530785781765,>=0.50
171754,Danh tính W/n - chủ nhân loạt hit chục triệu lượt xem trên YouTube,Giải trí,Giải trí,Giải trí,True,0.8469170873252135,>=0.50
255084,Lý do nên thay lốp ô tô theo cặp,Xe,Xe,Xe,True,0.2971428320389945,0.20–0.30
102952,'Dư luận phản ánh rất nhiều về đề thi một số môn khó hơn các năm',Giáo dục,Giáo dục,Giáo dục,True,1.9812567128768692,>=0.50
252000,Mazda CX-5 bị tụt hạng trong danh sách xe SUV tốt nhất vì chậm đổi mới,Xe,Xe,Xe,True,0.5497113565122369,>=0.50
68116,'Sáng kiến' tiết kiệm điện hữu hiệu khi các con vào hè,Đời sống,Đời sống,Đời sống,True,0.18722040360251102,0.10–0.20
47309,"Bình Phước sáp nhập với Đồng Nai: Cán bộ chủ chốt, công chức dôi dư giải quyết sao?",Thời sự,Thời sự,Pháp luật,False,0.08539371689302988,<0.10
158149,Lốc xoáy tử thần phải chào thua binh đoàn Minions ở rạp Việt,Giải trí,Giải trí,Giải trí,True,0.04246758155912689,<0.10
19597,Cây xăng bơm thiếu nhưng tự làm tròn số tiền do lỗi mạch điện,Kinh doanh,Kinh doanh,Kinh doanh,True,0.10653702320437802,0.10–0.20
216024,Sinh viên Trung Quốc được khuyên tận dụng ngày nghỉ đi tìm người yêu,Thế giới,Thế giới,Giáo dục,False,0.9703425577966722,>=0.50
5126,Hiệu trưởng khuyên học sinh cần rèn năng lực thích ứng trong thời đại mới,Giáo dục,Giáo dục,Giáo dục,True,1.9916440487123277,>=0.50
258998,"Ngồi cạnh vị khách khó chịu nhất chuyến bay, cô gái nhận cái kết bất ngờ",Đời sống,Đời sống,Giải trí,False,0.1423217042636521,0.10–0.20
157011,Dịu dàng màu nắng tập 6: Em gái của Xuân Bắc bắt quả tang chị dâu ngoại tình,Giải trí,Giải trí,Đời sống,False,0.047946770621139445,<0.10
38244,Võ sĩ Nhật Bản qua đời vì chấn thương não khi thi đấu,Thể thao,Thể thao,Thể thao,True,0.4326261818465863,0.30–0.50
40727,Tay vợt pickleball số 4 thế giới Quang Dương về Việt Nam giao lưu,Thể thao,Thể thao,Thể thao,True,0.6111144391877902,>=0.50
263433,Chàng trai Trung Quốc sống trong ô tô để tiết kiệm tiền thuê nhà,Đời sống,Đời sống,Đời sống,True,0.010855941048806272,<0.10
70178,Tử vi hằng ngày - Xem tử vi vui 12 con giáp ngày 7.10.2024,Đời sống,Đời sống,Đời sống,True,0.21169304148911272,0.20–0.30
205358,Biến chứng khiến người bệnh đái tháo đường có thể mất đi ánh sáng,Sức khỏe,Sức khỏe,Sức khỏe,True,1.2014140733474854,>=0.50
258075,"25 năm mòn mỏi đi tìm, bố mẹ nghẹn ngào thấy con trai trong tù",Đời sống,Đời sống,Đời sống,True,0.41267338602075165,0.30–0.50
156440,3 MC song ngữ đắt show nhất Việt Nam đều gắn bó với VTV,Giải trí,Giải trí,Giải trí,True,0.18853275181073925,0.10–0.20
228480,"Man City gây bão chuyển nhượng, chiêu mộ 3 tân binh",Thể thao,Thể thao,Thể thao,True,0.5606395271609591,>=0.50
15198,"Ồn ào showbiz Việt năm 2024: Đàm Vĩnh Hưng kiện cáo, Nam Em bị phạt, đời tư của Nam Thư",Giải trí,Giải trí,Giải trí,True,1.0502954978907422,>=0.50
96571,Ngành giáo dục TP.Nha Trang kết luận gì về bé trai tử vong tại trường mầm non?,Giáo dục,Giáo dục,Sức khỏe,False,0.4786751391944142,0.30–0.50
123456,"Chỉ 2 năm, Messi đưa Inter Miami tiến sâu vào tốp ‘CLB hàng tỉ USD’ ở Mỹ",Thể thao,Thể thao,Thể thao,True,0.03045980935986331,<0.10
260359,"Đi tắt qua khu rừng, cặp đôi phát hiện kho báu trị giá hơn 9 tỷ đồng",Đời sống,Đời sống,Kinh doanh,False,0.014472116503754129,<0.10
217470,Hải quân Mỹ tung video về chiến dịch tác chiến của tàu sân bay ở Biển Đỏ,Thế giới,Thế giới,Khoa học,False,0.0920995609852664,<0.10
60533,Ngân hàng Quốc gia Úc 'tẩy chay' các sàn tiền số,Khoa học công nghệ,Khoa học,Kinh doanh,False,0.2890540767909608,0.20–0.30
103414,Tuyển sinh ĐH 2025: Rắc rối đến từ đâu?,Giáo dục,Giáo dục,Giáo dục,True,1.269502930597445,>=0.50
87977,'Bà bầu' Lộ Lộ kết hôn với bạn trai luật sư,Giải trí,Giải trí,Giải trí,True,0.49613903211512844,0.30–0.50
164089,NSND Trung Hiếu: 'Đã là nghệ sĩ phải có giải thưởng cá nhân',Giải trí,Giải trí,Giải trí,True,0.6599626229769056,>=0.50
119656,Ấn Độ rót 9 tỉ USD xây siêu cảng hàng đầu thế giới,Thế giới,Thế giới,Kinh doanh,False,0.35811636131444113,0.30–0.50
30839,Zema Việt Nam ký kết chuyển giao công nghệ laser của Lutronic,Sức khỏe,Sức khỏe,Sức khỏe,True,0.12692701791250516,0.10–0.20
145223,"Wuling Hongguang Mini EV mất sức hút tại quê nhà, mở đường sang thị trường Việt Nam",Xe,Xe,Kinh doanh,False,0.33943302503680894,0.30–0.50
169775,Johnny Depp sống ẩn dật ở quê sau khi thắng kiện vợ cũ 15 triệu USD,Giải trí,Giải trí,Giải trí,True,0.10043692754932243,0.10–0.20
138476,Các phương tiện có thể lưu thông qua đèo Gia Bắc trên QL28,Thời sự,Thời sự,Kinh doanh,False,0.005024563237885915,<0.10
59602,Lý do người dùng nên tránh xa hai thiết bị Galaxy này,Khoa học công nghệ,Khoa học,Khoa học,True,0.7318926097647646,>=0.50
219215,U22 Việt Nam: Tương lai có là màu hồng?,Thể thao,Thể thao,Thể thao,True,1.4219167463695521,>=0.50
227284,"Tin tức về chuyển nhượng 14/6: MU mua Gyokeres, Barca ký Rashford",Thể thao,Thể thao,Thể thao,True,0.26540581718384115,0.20–0.30
212274,Ăn măng có tốt không? 3 không khi ăn măng,Sức khỏe,Sức khỏe,Sức khỏe,True,0.8939549359466008,>=0.50
129129,"Billiards: Á quân thế giới 'phá dớp' để vô địch, Trần Quyết Chiến giật giải sê-ri",Thể thao,Thể thao,Thể thao,True,0.39280177823128215,0.30–0.50
214007,Mục đích của Israel khi tấn công quy mô lớn vào Lebanon,Thế giới,Thế giới,Thế giới,True,0.6905274918964263,>=0.50
39468,Người hâm mộ Trung Quốc tức giận đội bóng chuyền nữ 'thất bại nhất 50 năm',Thể thao,Thể thao,Thể thao,True,1.3279874186508014,>=0.50
30411,"Ung thư vú chiếm 1/4 tổng số ca mắc ung thư ở nữ giới, ngày càng trẻ hóa",Sức khỏe,Sức khỏe,Sức khỏe,True,0.886050612923528,>=0.50
96468,"Quyên góp cho trường ĐH, nhân rộng ở VN được không?",Giáo dục,Giáo dục,Giáo dục,True,0.7772843575715622,>=0.50
33234,Hàn Quốc: Giảng viên... thi hộ sinh viên để khoa không bị giải thể,Thế giới,Thế giới,Giáo dục,False,1.586721840084167,>=0.50
238972,Toàn cảnh tuyến đường bộ ven biển hơn 3.300 tỷ đồng qua tỉnh Ninh Bình,Thời sự,Thời sự,Xe,False,0.03897477292814078,<0.10
30106,"Nhiều người tăng mỡ máu, viêm tụy cấp máu trắng đục như sữa, vì sao?",Sức khỏe,Sức khỏe,Sức khỏe,True,2.04709435180182,>=0.50
178913,"Khánh Hòa công bố điểm chuẩn vào lớp 10, cao nhất 33,25",Giáo dục,Giáo dục,Giáo dục,True,1.4235467342503794,>=0.50
240168,"Tài xế kéo xe sắt dài gần 12m bị cảnh sát phạt, chủ cửa hàng 'than' bỏ nghề",Thời sự,Thời sự,Xe,False,0.12668776462262699,0.10–0.20
215010,"Video máy bay bất ngờ bốc cháy trước khi cất cánh, 179 người sơ tán khẩn cấp",Thế giới,Thế giới,Khoa học,False,0.23647081553906835,0.20–0.30
198744,GEIMS Việt Nam 2025 quy tụ hơn 200 doanh nghiệp châu Á,Kinh doanh,Kinh doanh,Kinh doanh,True,0.7497622717561787,>=0.50
38923,Việt Nam giành 8 HCV cờ nhanh tại Giải vô địch cờ vua trẻ châu Á,Thể thao,Thể thao,Thể thao,True,0.5797083563276341,>=0.50
73956,Những đứa trẻ tự kỷ làm nên điều kỳ diệu: Đừng 'giấu con trong nhà' vì sợ làm phiền...,Đời sống,Đời sống,Giáo dục,False,0.27999486988671335,0.20–0.30
67992,Ngôi sao Giáng sinh trong truyền thuyết dưới góc độ thiên văn như thế nào?,Đời sống,Đời sống,Khoa học,False,0.9892097768635485,>=0.50
218738,Nga tấn công tổ hợp công nghiệp quốc phòng và hệ thống vận tải của Ukraine,Thế giới,Thế giới,Thế giới,True,0.7298821800506601,>=0.50
203452,"Tham gia hiếp dâm tập thể, gã đàn ông bỏ trốn gần 30 năm vẫn không thoát",Pháp luật,Pháp luật,Pháp luật,True,0.8607453782870709,>=0.50
114869,"Phụ nữ mang thai, bà mẹ cho con bú có ăn bột ngọt được không?",Sức khỏe,Sức khỏe,Sức khỏe,True,0.028113056194757013,<0.10
183326,Đồng Nai đẩy mạnh chuyển đổi số ngành nông nghiệp,Khoa học công nghệ,Khoa học,Kinh doanh,False,0.21931819525165575,0.20–0.30
44428,"Trưởng khoa làm giám đốc doanh nghiệp ngoài trường là người đa tài, tốt cho trường?",Thời sự,Thời sự,Giáo dục,False,0.7272321836535607,>=0.50
262082,"Cô giáo đến Bạn muốn hẹn hò, đưa ra loạt câu hỏi khiến đàng trai toát mồ hôi",Đời sống,Đời sống,Giải trí,False,0.30721207740220957,0.30–0.50
73464,Người đàn ông suýt chết đuối và 'tuyệt chiêu' dụ cả ngàn gia đình học bơi miễn phí,Đời sống,Đời sống,Giáo dục,False,0.289655732745719,0.20–0.30
98858,Cần học liệu mở khi có một bộ sách giáo khoa dùng chung,Giáo dục,Giáo dục,Giáo dục,True,1.0043864419962225,>=0.50
56304,Người trẻ Việt trên hành trình chinh phục công nghệ toàn cầu,Khoa học công nghệ,Khoa học,Khoa học,True,0.006676157219643208,<0.10
223589,Tuyển Việt Nam và bài học quan trọng từ thất bại SEA Games 32,Thể thao,Thể thao,Thể thao,True,1.0096089384380482,>=0.50
88921,"Vũ Ngọc Anh: Lúc hẹn hò, tôi chủ động rủ Cường Seven về sống chung",Giải trí,Giải trí,Giải trí,True,0.803899388375884,>=0.50
185839,ĐH Bách khoa Hà Nội phối hợp Viện Công nghệ Áo tổ chức đào tạo an ninh mạng,Khoa học công nghệ,Khoa học,Giáo dục,False,1.1013547435738056,>=0.50
118661,Sự kiện thiên văn hiếm 'các hành tinh thẳng hàng' dịp thu phân,Thế giới,Thế giới,Khoa học,False,0.45427439958155263,0.30–0.50
214967,"Bão Bualoi đổ bộ, Philippines ghi nhận các trường hợp thương vong đầu tiên",Thế giới,Thế giới,Khoa học,False,0.10269778290823628,0.10–0.20
204967,Phiên tòa đẫm nước mắt xét xử nữ bị cáo phóng hỏa đốt nhà ở Hà Nội,Pháp luật,Pháp luật,Thời sự,False,0.1360640450164201,0.10–0.20
21468,Cuộc thi clip ‘50 năm - Tỏa sáng miền Nam’: Đổi thay ở những ấp cuối cùng có điện lưới quốc gia,Kinh doanh,Kinh doanh,Khoa học,False,0.06729930582287713,<0.10
172255,"Vì sao vé xem show Taylor Swift, BlackPink ngày càng đắt đỏ?",Giải trí,Giải trí,Giải trí,True,0.6725081598853411,>=0.50
43853,Săn mai rừng ở đảo Nam Du,Thời sự,Thời sự,Đời sống,False,0.5107055337679173,>=0.50
203340,"Chỉ vì mâu thuẫn nhỏ, người đàn ông rút dao đâm hàng xóm gục tại chỗ",Pháp luật,Pháp luật,Pháp luật,True,1.2935060255643926,>=0.50
97874,"Quay lén nhà vệ sinh nữ để câu view, nam sinh viên bị kỷ luật",Giáo dục,Giáo dục,Giáo dục,True,1.4090060103515156,>=0.50
88103,Chris Brown can ngăn cuộc ẩu đả giữa con trai Sean 'Diddy' Combs và Ray J,Giải trí,Giải trí,Giải trí,True,0.09629758617240114,<0.10
184082,Ứng dụng công nghệ số để làm nhiều việc hữu ích hơn,Khoa học công nghệ,Khoa học,Kinh doanh,False,0.16157842690139923,0.10–0.20
158583,Trạm cứu hộ trái tim tập 6: Nghĩa đi sinh nhật con riêng vẫn mang quà về cho Hà,Giải trí,Giải trí,Giải trí,True,0.19619734024851576,0.10–0.20
128175,"Đội trưởng Duy Mạnh ‘khẩu chiến’ thủ quân Lào, cuộc tái đấu cực kỳ gay cấn",Thể thao,Thể thao,Thể thao,True,1.4581562919451998,>=0.50
61126,Làn sóng bot AI đang thay đổi cách truy cập website,Khoa học công nghệ,Khoa học,Khoa học,True,0.48239139826123345,0.30–0.50
50023,"Bị tạt đầu, nữ tài xế vẫn bình tĩnh xử lý, cư dân mạng khen quá đỉnh",Xe,Xe,Xe,True,0.13874744757013113,0.10–0.20
224158,"Nhận định Viettel vs CAHN, 19h15 ngày 12/8",Thể thao,Thể thao,Thể thao,True,1.5148049423335253,>=0.50
100541,Tôn nghiêm trong trường học bị tổn hại,Giáo dục,Giáo dục,Giáo dục,True,1.5215069444091383,>=0.50
55141,Năm thiết bị nên kết nối bằng Ethernet thay vì dùng Wi-Fi,Khoa học công nghệ,Khoa học,Khoa học,True,0.8060442906055927,>=0.50
49666,"Lại một vụ xe Tesla gặp tai nạn, tài xế thiệt mạng vì không thoát ra được, nghi kẹt tay nắm cửa",Xe,Xe,Thời sự,False,0.3532856813848664,0.30–0.50
67163,"Người Công giáo ở TP.HCM hân hoan dự lễ Phục sinh: Tràn ngập niềm tin yêu, hy vọng",Đời sống,Đời sống,Giáo dục,False,0.1319375588712316,0.10–0.20
125381,Ronaldo sẽ làm gì khi tài khoản YouTube vượt cột mốc tốp 50 chỉ sau 12 ngày?,Thể thao,Thể thao,Thể thao,True,0.29818087108382024,0.20–0.30
203397,Cựu cán bộ Ủy ban Kiểm tra Tỉnh ủy Phú Yên lĩnh 8 năm tù vì lừa 'chạy án',Pháp luật,Pháp luật,Pháp luật,True,0.5754699184105133,>=0.50
116977,Những điều cần biết trước khi quyết định ‘đụng chạm dao kéo’,Sức khỏe,Sức khỏe,Sức khỏe,True,0.5015341498514895,>=0.50
25606,Gửi tiết kiệm trực tuyến hưởng lãi suất cao hơn tại quầy,Kinh doanh,Kinh doanh,Kinh doanh,True,1.0256238333271979,>=0.50
53308,iPhone 17 Pro Max là sản phẩm lý tưởng cho người dùng,Khoa học công nghệ,Khoa học,Khoa học,True,1.170545036079893,>=0.50
249476,Những mẫu xe SUV hạng sang đắt nhất thế giới luôn được giới nhà giàu săn đón,Xe,Xe,Xe,True,0.28865315313644074,0.20–0.30
48551,"Volvo S90 Ultimate Recharge giá 2,89 tỉ: Đi 98km không cần xăng",Xe,Xe,Xe,True,0.34726891365337764,0.30–0.50
89934,Con gái David Beckham được ví như Kylie Jenner,Giải trí,Giải trí,Giải trí,True,0.45879092416598033,0.30–0.50
204948,'Ông trùm' sới đá gà ở Sài Gòn bị đề nghị án nặng,Pháp luật,Pháp luật,Pháp luật,True,0.501944936747042,>=0.50
211099,Bố và con trai cùng bị nhồi máu cơ tim một ngày,Sức khỏe,Sức khỏe,Sức khỏe,True,1.0635821923757358,>=0.50
21974,Bông Bạch Tuyết hợp tác chiến lược với Osaki Medical,Kinh doanh,Kinh doanh,Kinh doanh,True,1.7573181239484266,>=0.50
27017,Bắt tạm giam một trưởng ấp ở Bà Rịa - Vũng Tàu vì dâm ô với nữ sinh lớp 9,Pháp luật,Pháp luật,Pháp luật,True,0.27750584096609204,0.20–0.30
26180,"Công ty chấm dứt hợp đồng lao động do kinh tế khó khăn, người lao động được hỗ trợ thế nào?",Pháp luật,Pháp luật,Công đoàn,False,1.2788416997611916,>=0.50
129785,Nhiều nét đột phá từ Hội thảo quốc tế lần thứ 3 về khoa học thể thao,Thể thao,Thể thao,Khoa học,False,0.0002671439399667408,<0.10
97373,Các trường học đóng tại trung tâm của TP.HCM mới thuộc những phường nào?,Giáo dục,Giáo dục,Giáo dục,True,0.32258037145818785,0.30–0.50
218971,Em họ Công Phượng khẳng định U22 Việt Nam không thủ hòa Malaysia,Thể thao,Thể thao,Thể thao,True,0.44873284056333956,0.30–0.50
86639,Diệp Lâm Anh rút khỏi show truyền hình vì ồn ào ly hôn,Giải trí,Giải trí,Giải trí,True,0.7869937952357762,>=0.50
253693,"Loạt xe MPV 7 chỗ ngồi đang được giảm giá sâu, dân mua chạy dịch vụ 'mừng thầm'",Xe,Xe,Kinh doanh,False,0.3219751753000015,0.30–0.50
138666,Cơ cấu tổ chức của Ủy ban MTTQ Việt Nam TP.HCM mới từ ngày 1.7,Thời sự,Thời sự,Thời sự,True,0.2631783974314044,0.20–0.30
210757,Báo cáo Bộ Y tế vụ 4 trẻ nhập viện vì tiêm vắc xin hết hạn,Sức khỏe,Sức khỏe,Sức khỏe,True,0.18954999840244585,0.10–0.20
203953,Vết trượt khiến người thợ sửa chữa ô tô trở thành kẻ sát nhân máu lạnh,Pháp luật,Pháp luật,Pháp luật,True,0.22707706969413682,0.20–0.30
47568,‘Tôi thấy xe số sàn chỉ khiến mình bận bịu thêm’,Xe,Xe,Xe,True,0.4511221307774934,0.30–0.50
218561,Nga nâng cấp hệ thống phòng thủ tên lửa bảo vệ thủ đô Moscow,Thế giới,Thế giới,Thế giới,True,0.7062570396164762,>=0.50
101309,Đà Nẵng: Ngành giáo dục thông tin mới về vụ việc thầy giáo đe dọa nữ sinh,Giáo dục,Giáo dục,Giáo dục,True,1.6492151106445785,>=0.50
205883,5 không khi ăn rươi,Sức khỏe,Sức khỏe,Sức khỏe,True,1.3718456144085067,>=0.50
158540,Tình trạng của Hãng phim truyện Việt Nam trước khi Chủ tịch bị hoãn xuất cảnh,Giải trí,Giải trí,Giải trí,True,1.1017261111718333,>=0.50
31157,Bất ngờ với công dụng chữa bệnh của trái sầu riêng,Sức khỏe,Sức khỏe,Sức khỏe,True,1.0461740641219874,>=0.50
59670,Lý do khiến giá iPhone 18 Pro có thể tăng mạnh?,Khoa học công nghệ,Khoa học,Khoa học,True,0.3594017981437644,0.30–0.50
144003,"Xe bán tải Trung Quốc rục rịch vào Việt Nam, tham vọng 'đấu' Ford Ranger",Xe,Xe,Xe,True,0.3929820178453093,0.30–0.50
188277,ChatGPT không còn được tối ưu hóa để nói ‘chuyện phiếm’ với người dùng,Khoa học công nghệ,Khoa học,Khoa học,True,0.8365922018889489,>=0.50
42823,Bắc Âu xanh và kinh nghiệm cho người Việt: Viên pin của đại sứ và nền kinh tế tuần hoàn Phần Lan,Thời sự,Thời sự,Kinh doanh,False,0.524156682623354,>=0.50
209685,AstraZeneca 5 năm liền vào top 100 Nơi làm việc tốt nhất Việt Nam,Sức khỏe,Sức khỏe,Kinh doanh,False,0.2790319769867182,0.20–0.30
255031,Sự khác biệt giữa màu xe đen và xe trắng,Xe,Xe,Xe,True,0.5222947611719511,>=0.50
242263,Nhân chứng kể 'phút hỗn loạn' vụ tai nạn 8 người thương vong ở Sơn La,Thời sự,Thời sự,Pháp luật,False,0.07925743494032833,<0.10
65611,Loạt quán ăn ngon ở TP.HCM 'gây sốt' có bà chủ… độc thân vui tính,Đời sống,Đời sống,Đời sống,True,0.6856204336856633,>=0.50
117762,Tình báo Anh vinh danh máy tính tối mật giúp đánh bại Đức Quốc xã,Thế giới,Thế giới,Khoa học,False,0.4390079757134394,0.30–0.50
114577,Vượt qua giai đoạn biếng ăn thấp còi cùng bé,Sức khỏe,Sức khỏe,Sức khỏe,True,1.3271507634115896,>=0.50
211271,Ba thời điểm quý ông không nên 'yêu' để tránh gặp nạn,Sức khỏe,Sức khỏe,Sức khỏe,True,1.570317742409319,>=0.50
27391,Vụ Vạn Thịnh Phát: Tổ thanh tra báo cáo trung thực nhưng trưởng đoàn cắt bỏ?,Pháp luật,Pháp luật,Pháp luật,True,0.18147175782068892,0.10–0.20
37221,Giải futsal sinh viên khai màn sôi động tại Trường đại học Nông Lâm TP.HCM,Thể thao,Thể thao,Giáo dục,False,0.27118801814580273,0.20–0.30
175334,Kết quả xử lý tiến sĩ Đặng Anh Quân của ĐH Luật TP.HCM,Giáo dục,Giáo dục,Pháp luật,False,0.78283372093923,>=0.50
27400,Vụ Vạn Thịnh Phát: Luật sư liên hệ với gia đình các bị cáo bị truy nã nhưng không được hồi đáp,Pháp luật,Pháp luật,Pháp luật,True,1.137133162433043,>=0.50
4405,Trường đại học Cần Thơ công bố điểm chuẩn xét tuyển sớm theo học bạ,Giáo dục,Giáo dục,Giáo dục,True,1.9338021983436824,>=0.50
88720,'Triển Chiêu' Hà Gia Kính bị chỉ trích vì hưởng quyền lợi người cao tuổi,Giải trí,Giải trí,Giải trí,True,0.7336868055019888,>=0.50
70312,Bí ẩn hồ sơ tiếng Việt ở trời Tây: Chị em song sinh người Mỹ tìm mẹ ruột,Đời sống,Đời sống,Đời sống,True,0.421018513450519,0.30–0.50
200343,"EVNGENCO3 gặp mặt, tri ân các cán bộ hưu trí",Kinh doanh,Kinh doanh,Kinh doanh,True,0.4254594354048469,0.30–0.50
57976,"Facebook Việt Nam đồng loạt văng, không thể đăng nhập",Khoa học công nghệ,Khoa học,Khoa học,True,0.21236019939767697,0.20–0.30
27316,"Tưởng đang 'thay trời hành đạo', nhóm 'bà chủ' truy hỏi, cưỡng đoạt tiền nhân viên",Pháp luật,Pháp luật,Pháp luật,True,1.113852151512372,>=0.50
244840,"Sập giàn giáo tại Nhà thi đấu Phú Thọ ở TPHCM, một người tử vong",Thời sự,Thời sự,Pháp luật,False,0.24200493762215153,0.20–0.30
210831,"Phát hiện bệnh phong sau 6 tháng mất cảm giác tay, chân",Sức khỏe,Sức khỏe,Sức khỏe,True,2.0238941030208855,>=0.50
223288,HLV Troussier đôn 5 cầu thủ U23 dự Asian Cup 2024,Thể thao,Thể thao,Thể thao,True,1.1281686367239034,>=0.50
27014,"Bỏ tử hình tội vận chuyển ma túy, Tuấn 'cọp' và đồng phạm vận chuyển 117kg ma túy sẽ thoát tử?",Pháp luật,Pháp luật,Pháp luật,True,0.7368402437719515,>=0.50
182462,"CMC ra mắt hệ sinh thái chuyển đổi số toàn diện cấp phường, xã",Khoa học công nghệ,Khoa học,Kinh doanh,False,0.5786619863399095,>=0.50
120241,Nữ sinh gốc Việt tranh huy chương của tổng thống Mỹ,Thế giới,Thế giới,Giáo dục,False,1.7621174343381707,>=0.50
22974,KN Holdings hỗ trợ đồng bào bị ảnh hưởng bão Yagi,Kinh doanh,Kinh doanh,Kinh doanh,True,0.011951844954296853,<0.10
180526,"Tỷ lệ ‘chọi' nghẹt thở, học sinh Hà Nội dốc sức ôn thi vào lớp 10",Giáo dục,Giáo dục,Giáo dục,True,1.9274758306966164,>=0.50
94315,Vợ sắp cưới tỉ phú Jeff Bezos quyến rũ với bộ đồ vũ trụ bó sát,Giải trí,Giải trí,Khoa học,False,0.9083441594765478,>=0.50
2520,HIU công bố điểm sàn xét tuyển nhóm ngành sức khỏe,Giáo dục,Giáo dục,Giáo dục,True,1.4776582169504793,>=0.50
26716,"Nhà cha mẹ để lại, em tôi bán, tôi có bị xóa đăng ký thường trú?",Pháp luật,Pháp luật,Pháp luật,True,0.16487826489279073,0.10–0.20
35853,Hà mã Thái Lan gây sốt khi dự đoán cựu tổng thống Donald Trump là người chiến thắng bầu cử Mỹ,Thế giới,Thế giới,Thời sự,False,0.04448006731497767,<0.10
217694,Hezbollah công bố video hạ UAV Israel trên không phận Lebanon,Thế giới,Thế giới,Thế giới,True,0.3211295483637161,0.30–0.50
99381,Sở GD-ĐT TP.HCM nêu giải pháp nào đổi mới bồi dưỡng học sinh giỏi?,Giáo dục,Giáo dục,Giáo dục,True,2.2350935076783434,>=0.50
182937,"Sáng kiến dùng AI hỗ trợ giáo viên mầm non được Google tài trợ hơn 1,5 tỷ đồng",Khoa học công nghệ,Khoa học,Giáo dục,False,0.22181116078826246,0.20–0.30
46175,Vỡ òa cảm xúc chào đón người thân được đặc xá về với gia đình,Thời sự,Thời sự,Pháp luật,False,0.04737584001744144,<0.10
145554,"Bentley Continental GT Azure V8 đầu tiên về Việt Nam, giá gần 22 tỉ đồng",Xe,Xe,Xe,True,0.07102586453149268,<0.10
142537,Nhà khoa học nói gì về sâm Lai Châu?,Thời sự,Thời sự,Khoa học,False,0.7644755818864749,>=0.50
174682,Loạt trường tiểu học và trung học cấm sử dụng điện thoại từ ngày 1/12,Giáo dục,Giáo dục,Giáo dục,True,1.2330538581898878,>=0.50
246007,Phát hiện vật liệu nổ nghi là bom khi đào móng nhà ở Hà Nội,Thời sự,Thời sự,Pháp luật,False,0.0999850170817671,<0.10
135998,Báo chí và tinh thần trách nhiệm trong công cuộc đổi mới sau sáp nhập,Thời sự,Thời sự,Kinh doanh,False,0.1828288319539788,0.10–0.20
115409,"Top 8 kem dưỡng trắng da mặt càng thoa càng căng hồng, tươi trẻ như dùng filter",Sức khỏe,Sức khỏe,Sức khỏe,True,0.9334991899719455,>=0.50
66591,Người Hồi giáo ở TP.HCM bắt đầu tháng Ramadan: Nhịn ăn uống từ khi mặt trời mọc,Đời sống,Đời sống,Đời sống,True,0.27745817684951424,0.20–0.30
212262,4 thời điểm uống mật ong tốt cho sức khỏe nhiều người chưa biết,Sức khỏe,Sức khỏe,Sức khỏe,True,0.8704928819372825,>=0.50
117913,Những hình ảnh vũ trụ tuyệt vời nhất từ kính James Webb trong năm 2023,Thế giới,Thế giới,Khoa học,False,0.9307963992468711,>=0.50
179650,43 học sinh lớp 10 đạt giải học sinh giỏi quốc gia năm học 2023-2024,Giáo dục,Giáo dục,Giáo dục,True,2.1783330559066694,>=0.50
64115,iPad 10 được giảm giá 100 USD,Khoa học công nghệ,Khoa học,Khoa học,True,0.3134323558290059,0.30–0.50
261755,Cách rút xương chân gà và cách làm chân gà ngâm sả ớt,Đời sống,Đời sống,Đời sống,True,0.19619089001603185,0.10–0.20
119319,Bộ trưởng Tài chính Mỹ kêu gọi Trung Quốc cải cách thị trường,Thế giới,Thế giới,Kinh doanh,False,0.7823551783130683,>=0.50
172600,"Nữ sinh trường đại học ở Hà Nội ăn mỳ trong giờ học, cãi tay đôi với thầy giáo",Giáo dục,Giáo dục,Giáo dục,True,2.3884602349912796,>=0.50
243741,"Gần 500 tỷ đồng khắc phục các điểm đen, điểm tiềm ẩn tai nạn giao thông",Thời sự,Thời sự,Kinh doanh,False,0.3348962807419815,0.30–0.50
83337,Quách Thành Danh tiết lộ cuộc sống hôn nhân bên vợ kín tiếng,Giải trí,Giải trí,Giải trí,True,1.7175836927607147,>=0.50
27273,Tháo rời súng tự chế gởi qua đường hàng không bị phát hiện tại sân bay Đà Nẵng,Pháp luật,Pháp luật,Khoa học,False,0.16420484828339799,0.10–0.20
216115,'Máy hôn' dành cho những cặp đôi yêu xa,Thế giới,Thế giới,Khoa học,False,0.31122711596719166,0.30–0.50
49468,Rolls-Royce đào tạo lái xe êm đến mức không làm sóng sánh ly rượu,Xe,Xe,Xe,True,0.21965398264178648,0.20–0.30
249081,Loạt xe bán tải 'cổ lỗ sĩ' vẫn có giá xe bán lại tăng dần theo thời gian,Xe,Xe,Xe,True,0.4192157279999874,0.30–0.50
102644,Dự đoán phổ điểm từ đề thi tốt nghiệp THPT môn hóa,Giáo dục,Giáo dục,Giáo dục,True,1.9662245152886806,>=0.50
5694,Trường đại học Công nghiệp Hà Nội thành lập trường thành viên thứ hai,Giáo dục,Giáo dục,Giáo dục,True,2.2350185628645867,>=0.50
141553,Tình hình lao động việc làm TP.HCM: Gia tăng lao động hưởng trợ cấp thất nghiệp,Thời sự,Thời sự,Công đoàn,False,0.9055532916484603,>=0.50
27238,Khen thưởng lực lượng truy bắt nghi phạm nổ súng cướp tiệm vàng,Pháp luật,Pháp luật,Pháp luật,True,0.40178822672755027,0.30–0.50
178498,Lợi thế khi học ngành tài chính - ngân hàng song ngữ tại UEF,Giáo dục,Giáo dục,Giáo dục,True,0.8143003233607619,>=0.50
163591,NS Diệu Hiền bức xúc: Tôi chưa bao giờ nói 'Bạch Tuyết hát hay hơn Phượng Liên',Giải trí,Giải trí,Giải trí,True,0.42726605718923993,0.30–0.50
205238,Người đàn ông chỉ được ăn một bữa mỗi ngày do thiếu thuốc Creon,Sức khỏe,Sức khỏe,Sức khỏe,True,1.3065094970986593,>=0.50
4036,Trường đại học Sư phạm kỹ thuật TP.HCM thưởng tiền thí sinh trúng tuyển từ 26 điểm,Giáo dục,Giáo dục,Giáo dục,True,3.2642943607392,>=0.50
254378,Giá xe Ford bất ngờ tăng đồng loạt,Xe,Xe,Kinh doanh,False,0.0840544689264835,<0.10
198091,Trung Quốc chính thức thí điểm mở tour đoàn đưa khách đến Việt Nam,Kinh doanh,Kinh doanh,Kinh doanh,True,0.509677144396762,>=0.50
251450,Người phụ nữ ngã xe máy thoát hiểm trong gang tấc trước bánh xe trộn bê tông,Xe,Xe,Xe,True,0.39018597685732537,0.30–0.50
117688,Bất ngờ ‘độc chiêu’ giúp máy bay Nga ẩn mình trước thiết bị dò tìm hiện đại,Thế giới,Thế giới,Khoa học,False,0.2590263810094057,0.20–0.30
120333,"Chiến sự tối 4.6: Vùng Belgorod của Nga bị dội pháo, sân bay Ukraine hứng hỏa lực",Thế giới,Thế giới,Thế giới,True,0.39150513234237494,0.30–0.50
244336,Bộ GTVT chỉ đạo khẩn sau vụ cuộn thép rơi đè bẹp ô tô ở Hà Nội,Thời sự,Thời sự,Kinh doanh,False,0.07466547467075851,<0.10
213482,Điều gì xảy ra khi bạn ngừng uống cà phê trong một tháng?,Sức khỏe,Sức khỏe,Sức khỏe,True,0.9358538992053194,>=0.50
29697,Làm gì để bớt nghiện mạng xã hội?,Sức khỏe,Sức khỏe,Khoa học,False,0.032898562799330566,<0.10
167579,'Nam Em bị rối loạn lo âu nên tâm lý bất ổn',Giải trí,Giải trí,Sức khỏe,False,0.18632756666248174,0.10–0.20
248686,Những ưu thế của VF 7 khiến nhiều khách hàng mê mẩn,Xe,Xe,Xe,True,0.2686613313644134,0.20–0.30
214378,Chuyện về những nữ binh bắn tỉa Ukraine trên tiền tuyến,Thế giới,Thế giới,Thế giới,True,0.0332383698647547,<0.10
170744,NSND Tấn Minh lần đầu hát Phượng hồng phong cách giao hưởng,Giải trí,Giải trí,Giải trí,True,1.1778033767884737,>=0.50
240418,"Đồng Nai kiến nghị xây cầu Mã Đà, mở đường kết nối Bình Phước",Thời sự,Thời sự,Thời sự,True,0.006859058699440368,<0.10
211822,"Loại rau được ca ngợi ‘ngôi sao’ kéo dài tuổi thọ, chuyên gia khuyên ăn nhiều",Sức khỏe,Sức khỏe,Sức khỏe,True,1.5463384187510294,>=0.50
124445,"HLV Pep thừa nhận tình cảnh rối bời của Man City, Barcelona hoãn trận vì bác sĩ qua đời",Thể thao,Thể thao,Thể thao,True,1.6175213253562646,>=0.50
41468,Tin tức thể thao sáng 8-3: Ronaldo ghi bàn thứ 926 trong một trận hòa,Thể thao,Thể thao,Thể thao,True,0.8400184553291931,>=0.50
240619,Vụ tai nạn khiến 3 người tử vong ở Hà Nội: Tài xế ô tô vi phạm nồng độ cồn,Thời sự,Thời sự,Thời sự,True,0.15055345873137405,0.10–0.20
114601,Nguyên nhân hình thành nám da và cách điều trị,Sức khỏe,Sức khỏe,Sức khỏe,True,1.0803747142234468,>=0.50
187568,Một nhà mạng làm lộ thông số kỹ thuật iPhone 17 trước ngày ra mắt,Khoa học công nghệ,Khoa học,Khoa học,True,0.7365926887663756,>=0.50
3435,"Hơn 70 trường đại học, học viện công bố điểm sàn xét điểm thi tốt nghiệp",Giáo dục,Giáo dục,Giáo dục,True,2.620962769568809,>=0.50
167719,Lễ tang nữ diễn viên Thủy Phạm,Giải trí,Giải trí,Giải trí,True,1.2424904909950776,>=0.50
202846,Tỷ phú Mỹ Charlie Munger để lại 3 bài học người trẻ cần ghi nhớ đến cuối đời,Kinh doanh,Kinh doanh,Kinh doanh,True,0.23931681014624323,0.20–0.30
204398,"Em gái nghệ sỹ Vũ Linh kháng cáo, đòi lại toàn bộ tài sản",Pháp luật,Pháp luật,Thời sự,False,0.0033600704939619197,<0.10
15342,Phan Mạnh Quỳnh mời Mỹ Tâm hát concert; HYBE bị tố mua đề cử Billboard 2024,Giải trí,Giải trí,Giải trí,True,0.8547690311767449,>=0.50
84684,Đông Thiên Đức tiết lộ bí mật đằng sau bản hit triệu view của Anh Tú,Giải trí,Giải trí,Giải trí,True,1.5309660649013042,>=0.50
13504,"Diễn viên Hoa ngữ Hậu cung Như Ý truyện, Tiểu Lý phi đao chuộng đầm của Lê Thanh Hòa",Giải trí,Giải trí,Giải trí,True,0.9214988925632827,>=0.50
147248,"‘Cướp đường’ bất thành, tài xế ô tô tức giận chửi bới đòi đánh người khác",Xe,Xe,Xe,True,0.1765767503654988,0.10–0.20
170553,Lý do đau lòng khiến nghệ sĩ Trần Mạnh Tuấn vắng mặt tại họp báo,Giải trí,Giải trí,Giáo dục,False,0.3124547248369067,0.30–0.50
54019,iPhone SE 4 là bài toán khó cho các đối thủ Android,Khoa học công nghệ,Khoa học,Khoa học,True,0.6792693889483067,>=0.50
23010,TCL chung tay hỗ trợ đồng bào vùng bão lũ,Kinh doanh,Kinh doanh,Kinh doanh,True,0.4121200798728841,0.30–0.50
29270,Giám đốc Bệnh viện Phụ sản trung ương kiêm nhiệm phó hiệu trưởng Trường đại học Y Dược,Sức khỏe,Sức khỏe,Giáo dục,False,1.7369846919194505,>=0.50
117213,Chăm sóc da sau thủ thuật thẩm mỹ xâm lấn,Sức khỏe,Sức khỏe,Sức khỏe,True,1.7073374451619383,>=0.50
71658,"Cây di sản cả trăm năm bị gãy nhánh lớn, đổ ngang đường",Đời sống,Đời sống,Đời sống,True,0.2075349803617474,0.20–0.30
26163,Tài xế lái xe tông chết hai mẹ con ở Bình Tân sẽ bị xử lý ra sao?,Pháp luật,Pháp luật,Pháp luật,True,0.5814455887573586,>=0.50
203810,"Khởi tố 2 đối tượng cướp ngân hàng, đâm bảo vệ tử vong ở Đà Nẵng",Pháp luật,Pháp luật,Pháp luật,True,0.7054107387209251,>=0.50
29608,Vụ 46 công nhân nhập viện sau liên hoan 20-10: Bộ Y tế đề nghị điều tra nguyên nhân,Sức khỏe,Sức khỏe,Sức khỏe,True,0.8345899078885001,>=0.50
249723,"Hyundai Grand i10 trúng biển ngũ quý 3 về tay nữ đại gia giá 1,5 tỷ đồng",Xe,Xe,Xe,True,0.31495187296062666,0.30–0.50
65914,"Người dân xếp hàng tràn lòng đường mua bánh trôi, bánh chay ngày tết Hàn thực",Đời sống,Đời sống,Đời sống,True,0.5539392555042493,>=0.50
52274,"Haval H6 ưu đãi tới 136 triệu đồng, đua doanh số cùng Honda CR-V",Xe,Xe,Kinh doanh,False,0.3394929496371788,0.30–0.50
248309,"Thêm siêu xe Ferrari 812 triệu đô xuất hiện tại TPHCM, màu sơn độc nhất Việt Nam",Xe,Xe,Xe,True,0.07280329953675713,<0.10
194129,"Giảm thuế giá trị gia tăng mang lại nhiều lợi ích cho người dân, doanh nghiệp",Kinh doanh,Kinh doanh,Kinh doanh,True,1.813979255038313,>=0.50
213148,"5 thói quen xấu khi ngủ trưa rút ngắn tuổi thọ, ảnh hưởng đến sức khỏe",Sức khỏe,Sức khỏe,Sức khỏe,True,1.3043765191271692,>=0.50
241472,Ô tô chở 3 người lật ngửa ở cửa ngõ trung tâm TPHCM,Thời sự,Thời sự,Thời sự,True,0.23516331315605443,0.20–0.30
198097,Doanh nghiệp sản xuất nhỏ ‘giậm chân’ vì thiếu quỹ đất,Kinh doanh,Kinh doanh,Kinh doanh,True,1.0143405303207595,>=0.50
88028,"Bích Thủy, diễn viên phim 'Những nẻo đường gần xa' cưới chồng doanh nhân",Giải trí,Giải trí,Giải trí,True,0.8957141534830643,>=0.50
117546,"Tưởng như mất cánh tay sau tai nạn, nam thanh niên 26 tuổi hồi phục ngoạn mục",Sức khỏe,Sức khỏe,Sức khỏe,True,1.9190867534300275,>=0.50
58293,Giá bộ nhớ DRAM sắp tăng mạnh,Khoa học công nghệ,Khoa học,Kinh doanh,False,0.02068645152827736,<0.10
46433,Khởi tố Vi ‘ngộ’ thêm tội vi phạm quy định về kế toán gây hậu quả nghiêm trọng,Thời sự,Thời sự,Pháp luật,False,0.9380115102918102,>=0.50
26717,"Mua xe đứng tên công ty, nay công ty phá sản, làm sao sang tên?",Pháp luật,Pháp luật,Kinh doanh,False,0.29873298603859155,0.20–0.30
147692,"Không đi cao tốc, có cần đăng ký tài khoản giao thông sau 1.10?",Xe,Xe,Kinh doanh,False,0.05743139378916129,<0.10
43397,'Hiệp sĩ rừng xanh' Tăng A Pẩu: Thú rừng cũng có số phận,Thời sự,Thời sự,Khoa học,False,0.5729739496277854,>=0.50
218812,Indonesia chọn John Herdman: Vị HLV từng dự World Cup là ai,Thể thao,Thể thao,Thể thao,True,1.11126567680375,>=0.50
99272,"Sinh viên ngành y 'luyện' viết hồ sơ, kỹ năng phỏng vấn xin việc",Giáo dục,Giáo dục,Giáo dục,True,1.8119270354320727,>=0.50
12784,"Mỹ Linh giờ chỉ thích nhảy múa và viết lách, không thích hát nữa rồi!",Giải trí,Giải trí,Giải trí,True,1.0474142068575525,>=0.50
171997,Nhạc sĩ 10X Nguyễn Văn Sỹ sở hữu hàng loạt bản hit,Giải trí,Giải trí,Giải trí,True,1.3545296975842989,>=0.50
60912,Apple chặn hạ cấp về iOS 18 đối với người dùng 'lỡ' lên iOS 26,Khoa học công nghệ,Khoa học,Khoa học,True,0.7839011554407885,>=0.50
201215,"Giá xăng dầu tiếp tục giảm, Ron 95 về sát mốc 23.000 đồng/lít",Kinh doanh,Kinh doanh,Kinh doanh,True,1.6966845327097708,>=0.50
119026,Triều Tiên từ chối để ngỏ dư địa,Thế giới,Thế giới,Thế giới,True,0.1141682775920202,0.10–0.20
206456,Ca mổ xuyên đêm cấp cứu người phụ nữ tự phá thai 33 tuần tại nhà,Sức khỏe,Sức khỏe,Sức khỏe,True,1.8127011400325612,>=0.50
27389,"Bị cáo Đỗ Thị Nhàn: Rất xấu hổ, sụt 19kg sau nhiều cú sốc",Pháp luật,Pháp luật,Pháp luật,True,1.018488699410542,>=0.50
101505,Học xong nhưng chưa biết bao giờ mới được thi tốt nghiệp,Giáo dục,Giáo dục,Giáo dục,True,1.4126672849139208,>=0.50
257386,"Thanh niên Yên Bái tháo vách, trèo mái nhà đưa thực phẩm cho hàng xóm chống lũ",Đời sống,Đời sống,Đời sống,True,0.1867639801480227,0.10–0.20
16966,Một lãnh đạo doanh nghiệp đề xuất 3 nguyên tắc để Việt Nam thành quốc gia công nghệ,Khoa học công nghệ,Khoa học,Kinh doanh,False,0.336690740715775,0.30–0.50
248887,Tay chơi siêu xe nổi tiếng bán Porsche 911 Turbo S sau khi “chia tay” Ferrari F8,Xe,Xe,Xe,True,0.4976221161672213,0.30–0.50
212511,Các kỹ thuật hiện đại điều trị vô sinh ở nam giới,Sức khỏe,Sức khỏe,Sức khỏe,True,0.6016962440207225,>=0.50
192287,Proparco nâng mức tài trợ cho HDBank lên 100 triệu USD,Kinh doanh,Kinh doanh,Kinh doanh,True,1.6802327572399731,>=0.50
109633,Chính thức động thổ dự án silicon đa tinh thể dùng cho bán dẫn tại Bà Rịa- Vũng Tàu,Kinh doanh,Kinh doanh,Kinh doanh,True,0.8404314988788275,>=0.50
39282,Cơ hội soi mình cho cơ thủ Việt Nam ở Pool 10 bi thế giới,Thể thao,Thể thao,Thể thao,True,0.7219808789061665,>=0.50
27306,Bà Nguyễn Thị Thanh Nhàn đang trốn sẽ chấp hành án 30 năm tù thế nào?,Pháp luật,Pháp luật,Pháp luật,True,1.1402756671684031,>=0.50
213853,Lý do hệ thống Patriot trở thành mục tiêu hàng đầu bị Nga tấn công ở Ukraine,Thế giới,Thế giới,Thế giới,True,0.8163189927694537,>=0.50
14111,"Nhạc sĩ Nguyễn Văn Chung viết nhạc, làm giám khảo Hoa hậu Sinh viên Hòa bình Việt Nam",Giải trí,Giải trí,Giải trí,True,0.5497617095767477,>=0.50
117855,Người phụ nữ sống biệt lập trong hang suốt 500 ngày để làm thí nghiệm,Thế giới,Thế giới,Khoa học,False,0.3333158248020707,0.30–0.50
204531,Xử vụ Vạn Thịnh Phát: Tổng giám đốc nhận lương 7 triệu để 'ký theo chỉ đạo',Pháp luật,Pháp luật,Kinh doanh,False,0.7794949909744853,>=0.50
106991,"Người cho thuê nhà, bất động sản doanh thu dưới ngưỡng chịu thuế vẫn phải kê khai",Kinh doanh,Kinh doanh,Kinh doanh,True,1.6798786442735494,>=0.50
34656,Video con chuột chăm chỉ dọn dẹp nhà kho hằng đêm cho người đàn ông Anh,Thế giới,Thế giới,Khoa học,False,0.1429281602773531,0.10–0.20
39297,"9,58 giây - phải chăng là cực hạn tốc độ của loài người?",Thể thao,Thể thao,Khoa học,False,0.8222560318998323,>=0.50
248287,"600 nhà phân phối VinFast đặt mục tiêu bán 1,5 triệu xe máy điện trong năm 2026",Xe,Xe,Kinh doanh,False,0.1708778761103209,0.10–0.20
41682,Lịch thi đấu Olympic 2024 ngày 29-7: Nhiều nội dung bơi lội tranh chung kết,Thể thao,Thể thao,Thể thao,True,0.28918176351419195,0.20–0.30
201259,Du lịch hè 2024: mua sắm sân bay siêu ưu đãi,Kinh doanh,Kinh doanh,Kinh doanh,True,1.2906581815440514,>=0.50
102984,Điểm chuẩn Trường ĐH Giao thông vận tải TP.HCM: Có ngành tăng sốc 10 điểm,Giáo dục,Giáo dục,Giáo dục,True,0.8177064351205445,>=0.50
139862,Sư đoàn 2 dốc sức cùng Gia Lai khắc phục hậu quả lũ lụt,Thời sự,Thời sự,Giáo dục,False,0.4355617586546129,0.30–0.50
41124,4.500 người tham gia Ngày chạy Olympic vì sức khỏe toàn dân,Thể thao,Thể thao,Thể thao,True,0.16079621212314288,0.10–0.20
243720,"Đề xuất thay đổi phân hạng bằng lái ô tô, xe máy",Thời sự,Thời sự,Xe,False,0.1732973945646168,0.10–0.20
203788,Tòa Tối cao khẳng định người cha không đồng phạm sát hại bé gái 8 tuổi,Pháp luật,Pháp luật,Pháp luật,True,0.5435175188423148,>=0.50
25064,"Bamboo Capital: doanh thu 3.238 tỉ, lợi nhuận 748 tỉ trong 9 tháng đầu năm",Kinh doanh,Kinh doanh,Kinh doanh,True,1.8719213741064107,>=0.50
103447,Điểm chuẩn thường cao hơn điểm sàn xét tuyển bao nhiêu?,Giáo dục,Giáo dục,Giáo dục,True,2.2356108136819453,>=0.50
216127,Đối tượng giết người trốn truy nã 17 năm bất ngờ ra đầu thú vì ‘chữ hiếu’,Thế giới,Thế giới,Pháp luật,False,0.5240376939685157,>=0.50
206331,5 người gục trên sàn khi ăn tiệc trong phòng kín do ngộ độc khí CO tại nhà hàng,Sức khỏe,Sức khỏe,Sức khỏe,True,1.371091587785735,>=0.50
43379,'Chiến dịch Hồ Chí Minh' giữa thời bình và chuyện đất chết hồi sinh,Thời sự,Thời sự,Đời sống,False,0.014173423435570487,<0.10
34858,Tàu hỏa chạy bằng dầu ăn đã qua sử dụng,Thế giới,Thế giới,Kinh doanh,False,0.07477082620921977,<0.10
110872,"Giá vàng hôm nay 11.5.2025: Tăng 2,2 triệu đồng trong tuần nhưng người mua vẫn lỗ",Kinh doanh,Kinh doanh,Kinh doanh,True,1.2743316425114157,>=0.50
26642,"Không kết hôn, muốn khai sinh cho con có tên cha, phải làm sao?",Pháp luật,Pháp luật,Pháp luật,True,0.32982238598540825,0.30–0.50
142392,Đi qua 3 cuộc chiến - Kỳ 3: Đóng giữ 3 đảo ở Trường Sa,Thời sự,Thời sự,Thời sự,True,0.33706566974715874,0.30–0.50
203294,Đề nghị truy tố 'rể quý' trộm hơn 600 triệu đồng của mẹ vợ ở Tây Ninh,Pháp luật,Pháp luật,Pháp luật,True,0.8159089683832632,>=0.50
259247,"Từ chối chủ khách sạn lớn, cụ ông quyết giữ bí kíp phở lưu truyền trăm năm",Đời sống,Đời sống,Đời sống,True,0.059622123427608975,<0.10
54917,Lộ diện những công nghệ mới sẽ có trên iPhone 17,Khoa học công nghệ,Khoa học,Khoa học,True,0.948642753015371,>=0.50
102913,"Đã có điểm chuẩn lớp 6 vào 3 trường 'nóng' của TP.Thủ Đức, TP.HCM",Giáo dục,Giáo dục,Giáo dục,True,1.9249640350510846,>=0.50
230614,Kobbie Mainoo nhận thưởng lớn khi tỏa sáng cùng MU,Thể thao,Thể thao,Thể thao,True,0.5959330059732015,>=0.50
69008,Cách chuẩn bị mâm cúng và bài khấn ngày vía Thần tài,Đời sống,Đời sống,Thời sự,False,0.030324801525216993,<0.10
203795,Nam sinh đâm chết người trước cổng trường ở Tiền Giang,Pháp luật,Pháp luật,Pháp luật,True,0.04527133679870177,<0.10
102897,Thí sinh không chọn mục ‘Cung cấp dữ liệu xét tuyển khác’: Bộ GD-ĐT nói gì?,Giáo dục,Giáo dục,Giáo dục,True,0.9435956807240857,>=0.50
117635,"Phát hiện kim tự tháp cổ nhất thế giới, lâu đời hơn cả ở Ai Cập?",Thế giới,Thế giới,Khoa học,False,0.4249401668770196,0.30–0.50
42236,"Vượt núi Ngọc Linh, 'cõng' hành chính số vào làng",Thời sự,Thời sự,Thời sự,True,0.12289112517915546,0.10–0.20
204202,"Tử hình kẻ truy sát, đoạt mạng đồng nghiệp trong đêm ở Hà Nội",Pháp luật,Pháp luật,Pháp luật,True,0.6122637912499156,>=0.50
57987,Đánh thuế tiêu thụ đặc biệt với game online gây nhiều lo ngại,Khoa học công nghệ,Khoa học,Kinh doanh,False,0.3737315449264076,0.30–0.50
216182,Video thiếu nữ diện kimono đỏ 'bay' trên tuyết trắng gây sốt,Thế giới,Thế giới,Giáo dục,False,0.08040837963580916,<0.10
133244,Bệnh viện đa khoa Đồng Nai đủ điều kiện ghép thận,Thời sự,Thời sự,Sức khỏe,False,1.249407726465106,>=0.50
130122,"Cận cảnh ‘cô gái MMA’ gây bão mạng, học võ để đủ khả năng tự vệ",Thể thao,Thể thao,Thể thao,True,0.13122017208750575,0.10–0.20
34782,"Kinh tế khó khăn, dân Trung Quốc mua vé số nhiều gấp đôi năm ngoái",Thế giới,Thế giới,Đời sống,False,1.0618096801786057,>=0.50
67932,"Người dân, Phật tử TP.HCM dự lễ rước Đức Phật đản sinh, lan tỏa thông điệp từ bi",Đời sống,Đời sống,Giáo dục,False,0.0032014031139038224,<0.10
30066,Lao động mưu sinh ngoài trời nắng nóng cần lưu ý gì?,Sức khỏe,Sức khỏe,Sức khỏe,True,1.31196397048923,>=0.50
27096,"Chủ đầu tư khu công nghiệp 'chây ỳ' 23,6 tỉ đồng nợ tiền nước: Chuyển công an điều tra",Pháp luật,Pháp luật,Kinh doanh,False,0.9054224081692319,>=0.50
26924,"Người nhà nợ nhưng tôi bị 'khủng bố' đòi nợ, phải làm sao?",Pháp luật,Pháp luật,Pháp luật,True,0.07072570272939704,<0.10
224343,V-League 2023: Hấp dẫn cuộc đua vé lên tuyển Việt Nam,Thể thao,Thể thao,Thể thao,True,1.2042016656117736,>=0.50
176770,Con bị trường “dừng đào tạo” vì bố thắc mắc về chương trình học,Giáo dục,Giáo dục,Giáo dục,True,2.094456232415388,>=0.50
147245,Hai ô tô cùng chiều tông nhau: Tài xế xe phía sau luôn sai?,Xe,Xe,Xe,True,0.06160645736631454,<0.10
246518,Cháy 2 người tử vong ở Hà Nội: Nhiều ống nghi là pháo tổ chức sự kiện trong nhà,Thời sự,Thời sự,Thời sự,True,0.9882030209286325,>=0.50
243373,Nâng cao kiến thức an toàn giao thông cho học sinh và phụ huynh,Thời sự,Thời sự,Giáo dục,False,1.1484654402340282,>=0.50
204685,Vụ Vạn Thịnh Phát: Các cựu lãnh đạo SCB đồng loạt xin xem xét lại mức án,Pháp luật,Pháp luật,Pháp luật,True,0.3340252528997733,0.30–0.50
13557,Trần Hùng mang bộ sưu tập làm từ con giấm đến London Fashion Week,Giải trí,Giải trí,Khoa học,False,0.32711363148984657,0.30–0.50
71813,Xúc động clip bà cụ ăn xin chỉ rút tờ 2.000 đồng khi chàng trai cho tiền,Đời sống,Đời sống,Đời sống,True,0.6008736827589988,>=0.50
67127,Xổ số miền Nam ngày 6 tháng 9: Vừa xuất hiện 14 tờ trúng đài Long An,Đời sống,Đời sống,Đời sống,True,1.6934801788443732,>=0.50
204919,Ông Đỗ Thành Nhân khai: ‘Bị cáo không biết gì về chứng khoán’,Pháp luật,Pháp luật,Kinh doanh,False,1.0729585236437251,>=0.50
61431,YouTube tự ý dùng AI làm nét video gây phẫn nộ trong cộng đồng sáng tạo,Khoa học công nghệ,Khoa học,Khoa học,True,0.6310882886210774,>=0.50
51513,"Hyundai Palisade đời mới sẽ có hệ thống hybrid cải tiến, dài hơn, cabin rộng hơn",Xe,Xe,Khoa học,False,0.24556047059669833,0.20–0.30
99012,Giáo viên mong hết cảnh 'bội thực' vì đủ loại cuộc thi,Giáo dục,Giáo dục,Giáo dục,True,1.9110087954360013,>=0.50
32795,Chiến lược cân bằng ảnh hưởng của Trung Quốc,Thế giới,Thế giới,Thế giới,True,0.5470193695020232,>=0.50
251976,"Lỗi cửa sổ trời trên loạt xe Porsche, nhiều chủ xe được hãng bồi thường",Xe,Xe,Xe,True,0.22997804108372505,0.20–0.30
214001,Mỹ bất lực trước hành động quân sự của Israel?,Thế giới,Thế giới,Thế giới,True,0.6780032824236099,>=0.50
133066,"TP.HCM: 1 người mất tích, 900 tấn đá rơi xuống sông sau tai nạn đường thủy",Thời sự,Thời sự,Thời sự,True,0.2710313289208556,0.20–0.30
25438,"Dòng tiền vào chứng khoán ‘tắt’ dần, vì sao nhà đầu tư uể oải?",Kinh doanh,Kinh doanh,Kinh doanh,True,2.1470798545755017,>=0.50
164295,Quốc Cơ - Quốc Nghiệp thành công phá kỷ lục chính mình ở Italy,Giải trí,Giải trí,Khoa học,False,0.005889404078217475,<0.10
21897,"Chủ tịch Hà Nội bật 'làn xanh' cho loạt dự án, yêu cầu xử lý trong 24 giờ từ khi tiếp nhận hồ sơ",Kinh doanh,Kinh doanh,Kinh doanh,True,0.9303159787140716,>=0.50
19726,"Vinmec Central Park: 10 năm tiên phong chuẩn quốc tế, mở lối cho y học dựa trên giá trị",Kinh doanh,Kinh doanh,Sức khỏe,False,1.2801400711924762,>=0.50
164686,Nữ diễn viên 20 tuổi bị sát hại dã man,Giải trí,Giải trí,Pháp luật,False,0.252016865961922,0.20–0.30
27261,Khởi tố vụ án vi phạm quy định đấu thầu tại Bệnh viện Đa khoa Vũng Tàu,Pháp luật,Pháp luật,Thời sự,False,0.08741311005266944,<0.10
30855,Bốn nguyên nhân dẫn đến cặp mắt 'gấu trúc',Sức khỏe,Sức khỏe,Sức khỏe,True,1.1800635131677701,>=0.50
135178,"Quảng Nam kiến nghị Thủ tướng về cơ chế đặc thù, đầu tư cảng hàng không Chu Lai",Thời sự,Thời sự,Kinh doanh,False,0.47288327826777654,0.30–0.50
10316,"Phim Cám soán ngôi Làm giàu với ma, vượt mốc 50 tỉ đồng",Giải trí,Giải trí,Giải trí,True,0.48623511578847545,0.30–0.50
26914,"Cha mẹ để lại tài sản, thỏa thuận với các anh em không mua bán được không?",Pháp luật,Pháp luật,Pháp luật,True,0.054850464204906024,<0.10
23447,Giá vàng thế giới trở lại ngưỡng 4.000 USD/ounce,Kinh doanh,Kinh doanh,Kinh doanh,True,1.1274424834481729,>=0.50
158803,"Huyền Lizzie đóng phim dưới cái rét 8 độ, 'Chúng ta của 8 năm sau' chốt số tập",Giải trí,Giải trí,Giải trí,True,1.5594428870196926,>=0.50
195500,Mua vàng nhẫn lỗ hơn vàng miếng,Kinh doanh,Kinh doanh,Kinh doanh,True,1.2697567898337994,>=0.50
118170,Tìm thấy thanh kiếm đồng 3.000 năm sáng loáng có dấu ấn pharaoh Ai Cập,Thế giới,Thế giới,Khoa học,False,0.17866479821753695,0.10–0.20
257005,Tiết lộ không ngờ về ông chủ của khách sạn gần 100 năm tuổi,Đời sống,Đời sống,Kinh doanh,False,0.28219206744105024,0.20–0.30
145501,"Giá hơn 700 triệu đồng, Toyota Hilux 2024 bản tiêu chuẩn số tự động có đáng mua?",Xe,Xe,Xe,True,0.0085630463014153,<0.10
9308,Leonardo DiCaprio và Jennifer Lawrence tái hợp trong phim mới của Martin Scorsese,Giải trí,Giải trí,Giải trí,True,1.4296152303611427,>=0.50
138670,Ông Nguyễn Văn Nên trở lại Hà Nội nhận trọng trách mới,Thời sự,Thời sự,Thời sự,True,0.9012596185786432,>=0.50
24212,Tạm dừng một số ứng dụng thuế điện tử từ 23-5 đến 15-6,Kinh doanh,Kinh doanh,Kinh doanh,True,0.17354358012568277,0.10–0.20
115912,Retinol gốc thực vật có dùng cho da nhạy cảm được không?,Sức khỏe,Sức khỏe,Sức khỏe,True,0.4737710676772888,0.30–0.50
165175,Tiết lộ điều đặc biệt chưa từng biết về hoa hậu Ý Nhi,Giải trí,Giải trí,Giải trí,True,0.15765452598995183,0.10–0.20
48499,"Tin tức giá xe: Suzuki Jimny kèm phụ kiện, đẩy giá lên tới hơn 900 triệu",Xe,Xe,Xe,True,0.709740005920152,>=0.50
85078,"Chàng trai vừa gặp đã quỳ gối cầu hôn, thành công chinh phục bác sĩ thú y",Giải trí,Giải trí,Giải trí,True,0.2887337087442937,0.20–0.30
60301,Windows sẽ bắt đầu khởi chạy Word ngay sau khi máy tính bật,Khoa học công nghệ,Khoa học,Khoa học,True,1.4514883720567813,>=0.50
119076,Cơ hội để Ba Lan gây dựng ảnh hưởng,Thế giới,Thế giới,Kinh doanh,False,0.2729164499945535,0.20–0.30
175787,"24 năm học sau song sắt, tù nhân nhận bằng tiến sĩ ở tuổi 51",Giáo dục,Giáo dục,Giáo dục,True,0.740397396379097,>=0.50
225966,Liverpool cầu cứu Jurgen Klopp nếu sa thải Arne Slot,Thể thao,Thể thao,Thể thao,True,0.42675416384568554,0.30–0.50
30866,"Bệnh vào từ miệng? Ăn thì không tiếc, ngại chi tiền mua bàn chải răng?",Sức khỏe,Sức khỏe,Khoa học,False,0.027992943395585113,<0.10
221351,"Video bàn thắng Philippines 1-1 Myanmar, Bảng B ASEAN Cup 2024 (AFF Cup)",Thể thao,Thể thao,Thể thao,True,1.1912085737794138,>=0.50
262629,"Vụ cô gái bị đánh hội đồng ở Hà Nội, chuyên gia chỉ cách giúp nạn nhân vượt qua",Đời sống,Đời sống,Đời sống,True,0.02084460314730402,<0.10
204909,"Chống phá Nhà nước, bị cáo Trần Văn Bang lĩnh án 8 năm tù",Pháp luật,Pháp luật,Pháp luật,True,0.37751076463271105,0.30–0.50
214027,Sự kiện trọng đại đối với bà Harris bị xung đột Gaza 'che mờ',Thế giới,Thế giới,Thế giới,True,1.0844712343409637,>=0.50
117914,Một phụ nữ chia sẻ tình trạng sau 3 tháng kết hôn với chatbot AI,Thế giới,Thế giới,Giải trí,False,0.16758002741195843,0.10–0.20
213795,"Ukraine biến trực thăng thành ‘sát thủ’ săn lùng, bắn hạ UAV Nga",Thế giới,Thế giới,Thế giới,True,0.49560999514241055,0.30–0.50
248051,"Volkswagen Virtus ra mắt thị trường Việt Nam, tự gây khó bằng giá bán cao",Xe,Xe,Xe,True,0.7522536389628338,>=0.50
203348,Kỳ án bộ xương khô trong hang sâu và tội ác kinh hoàng bị chôn vùi 30 năm,Pháp luật,Pháp luật,Pháp luật,True,1.2665985942981066,>=0.50
148393,Cơ hội cầm lái trên đường đua F1 tại Toyota Carnival,Xe,Xe,Xe,True,0.2682310490153803,0.20–0.30
249834,'Bạch mã hoàng tử' Honda Benly 50S 25 năm tuổi giá 168 triệu đồng,Xe,Xe,Xe,True,0.8258284781743443,>=0.50
26790,"Tôi ở nhà cha mẹ để lại đã lâu, giờ em dâu đòi chia thừa kế?",Pháp luật,Pháp luật,Pháp luật,True,0.21252971917022712,0.20–0.30
215131,Người chết bất ngờ tỉnh lại ngay trước khi bị lấy nội tạng,Thế giới,Thế giới,Sức khỏe,False,0.5330741585642649,>=0.50
96636,Vụ hiệu phó ở Phú Quốc tố bị giáo viên đánh nhập viện: Hiệu trưởng 'lên tiếng',Giáo dục,Giáo dục,Giáo dục,True,0.41162528563322887,0.30–0.50
115457,Top 7 BHA đang được các tín đồ skincare tin chọn,Sức khỏe,Sức khỏe,Sức khỏe,True,0.9033187765080315,>=0.50
246411,"Vụ cháy khiến 4 người tử vong: 'Sau tiếng nổ như bom, lửa phụt dữ dội'",Thời sự,Thời sự,Thời sự,True,0.6375431719895797,>=0.50
250897,"Một chủ xe nhận 365 vé phạt nguội trong 5 năm, chây ì trốn đóng phạt",Xe,Xe,Đời sống,False,0.12279835144994428,0.10–0.20
115131,Orgalife - nhà tài trợ Kim Cương cho Hội nghị khoa học HoSPEN 4 năm liên tiếp,Sức khỏe,Sức khỏe,Sức khỏe,True,1.0033345190627543,>=0.50
90205,‘Ca sĩ tuổi tỵ’ Tuyết Nhung: Vẫn nhớ những ngày chạy show cùng mẹ Phi Nhung,Giải trí,Giải trí,Giải trí,True,2.053190644775982,>=0.50
117155,3 hậu quả đáng sợ khi tự nặn mụn không đúng cách,Sức khỏe,Sức khỏe,Sức khỏe,True,1.0302853235098706,>=0.50
185689,2.500 thiết bị Starlink tại các trại lừa đảo ở Myanmar bị vô hiệu hoá,Khoa học công nghệ,Khoa học,Khoa học,True,0.5263681683541845,>=0.50
21697,"Vụ sản xuất gần 600 loại sữa bột giả: 9 công ty liên quan, 'trùm' đứng sau tăng vốn dồn dập",Kinh doanh,Kinh doanh,Kinh doanh,True,1.6872066461779338,>=0.50
207302,Người phụ nữ sống sót kỳ diệu sau khi xe ô tô cán qua nửa người,Sức khỏe,Sức khỏe,Sức khỏe,True,1.656853609611952,>=0.50
203291,Vụ bé gái 13 tuổi bị dâm ô: Công an Vĩnh Long khởi tố Nguyễn Văn Giàu,Pháp luật,Pháp luật,Pháp luật,True,1.3742703979112048,>=0.50
52900,Kaspersky tiết lộ cách tội phạm đánh cắp tiền mã hóa,Khoa học công nghệ,Khoa học,Khoa học,True,0.05925949023491628,<0.10
50527,"Toyota Innova Cross nâng cấp, thêm tiện nghi, chờ ngày về Việt Nam",Xe,Xe,Khoa học,False,0.3823757634689142,0.30–0.50
87791,Người mẫu Kim Cương: Tôi luôn nhường nhịn Ưng Hoàng Phúc,Giải trí,Giải trí,Giải trí,True,0.865760151443708,>=0.50
208960,Sức khỏe hiện tại của nữ bác sĩ bị tấm kính đổ vào người tại The Coffee House,Sức khỏe,Sức khỏe,Sức khỏe,True,1.1744199704845295,>=0.50
48629,Xe điện chạy xăng mới là lựa chọn hợp lý lúc này?,Xe,Xe,Xe,True,0.16388537858504126,0.10–0.20
87117,"Vợ chồng nghệ sĩ Lan Hương, Đỗ Kỷ 'gây sốt' khi tái hiện ảnh cưới xưa",Giải trí,Giải trí,Giải trí,True,0.3234631434235026,0.30–0.50
27023,Vụ học sinh lớp 3 bị xe tông tổn thương 90%: Người giao xe có phải chịu trách nhiệm?,Pháp luật,Pháp luật,Pháp luật,True,0.5283179159211582,>=0.50
144742,"Các hãng xe máy tìm đến thị trường ngách, cửa hàng không chính hãng gặp khó",Xe,Xe,Kinh doanh,False,0.19095371892167223,0.10–0.20
55720,Apple 'tung chiêu' giúp iPhone 16e dễ thay pin hơn,Khoa học công nghệ,Khoa học,Khoa học,True,1.1631619778808147,>=0.50
183114,"Phở Hà Nội chuyển đổi số, chế biến phục vụ bởi robot thông minh",Khoa học công nghệ,Khoa học,Khoa học,True,0.4519111862202,0.30–0.50
161096,Nhà văn Phạm Thị Bích Thuỷ bi kịch hóa câu chuyện của gia đình có bốn chị em gái,Giải trí,Giải trí,Giải trí,True,0.24491795214763307,0.20–0.30
196062,"Bỏ đại học, chàng trai người Mường thành 'thủ lĩnh' khởi nghiệp",Kinh doanh,Kinh doanh,Đời sống,False,0.22734048800898748,0.20–0.30
204129,Cựu nhân viên ngân hàng rút tiền của hàng loạt khách để tiêu xài,Pháp luật,Pháp luật,Pháp luật,True,0.07016584368469003,<0.10
245165,Chỉ định luật sư cho kẻ đốt quán cà phê làm 11 người tử vong ở Hà Nội,Thời sự,Thời sự,Pháp luật,False,0.7914920732806456,>=0.50
187652,iPhone 18 sẽ không ra mắt vào năm sau?,Khoa học công nghệ,Khoa học,Kinh doanh,False,0.17934986405859377,0.10–0.20
203600,"Mùi hôi thối bốc ra từ căn nhà, công an kiểm tra phát hiện thi thể đôi nam nữ",Pháp luật,Pháp luật,Pháp luật,True,0.529468152215977,>=0.50
123049,Mỹ điều máy bay giám sát đến Hàn Quốc sau tuyên bố mới của Triều Tiên?,Thế giới,Thế giới,Khoa học,False,0.1544996045954964,0.10–0.20
220874,CLB Nam Định lạc nhịp không chỉ vì mất Xuân Son,Thể thao,Thể thao,Thể thao,True,1.4577770608669636,>=0.50
30448,Nước biển sâu Xisat: 15 năm sát cánh bền bỉ cùng gia đình Việt,Sức khỏe,Sức khỏe,Sức khỏe,True,0.0912670549954025,<0.10
68844,Kỳ thú tháng 5: Ngỡ ngàng với mưa sao băng Eta Aquarid và vẻ đẹp Trăng Sữa,Đời sống,Đời sống,Khoa học,False,0.458006632780455,0.30–0.50
114846,Dị tật bẩm sinh ở Việt Nam vẫn đang ở mức khá cao,Sức khỏe,Sức khỏe,Sức khỏe,True,0.009065690588278996,<0.10
57857,Tiềm ẩn những rủi ro khi mua các thiết bị 'phá ghi âm',Khoa học công nghệ,Khoa học,Khoa học,True,0.6191973820185058,>=0.50
123214,"Messi bất ngờ rời đội tuyển Argentina, David Beckham nâng cấp Inter Miami",Thể thao,Thể thao,Thể thao,True,1.4669854169684013,>=0.50
13690,"Gia đình nhà Beckham xào xáo, thách thức nhau trên mạng xã hội?",Giải trí,Giải trí,Giải trí,True,0.2769868766691962,0.20–0.30
19134,"Trung tâm thương mại, siêu thị khách đông nhưng mua ít",Kinh doanh,Kinh doanh,Kinh doanh,True,0.9315234746610938,>=0.50
222813,HLV Shin Tae Yong nói Indonesia còn chơi hay hơn ở trận lượt về,Thể thao,Thể thao,Thể thao,True,1.2805239730059363,>=0.50
224117,Kết quả bóng đá U23 Malaysia 2-1 U23 Indonesia - U23 Đông Nam Á 2023,Thể thao,Thể thao,Thể thao,True,1.3638483358124247,>=0.50
26322,"Cho bạn mượn tiền nhưng hứa hoài không trả, phải làm gì?",Pháp luật,Pháp luật,Pháp luật,True,0.5778536670001493,>=0.50
194358,Ngân hàng bán món nợ có tài sản thế chấp liên quan trụ sở Tân Hoàng Minh,Kinh doanh,Kinh doanh,Kinh doanh,True,1.204603357521528,>=0.50
214945,Cựu Thủ tướng Canada xác nhận hẹn hò với ca sĩ Mỹ nổi tiếng,Thế giới,Thế giới,Giải trí,False,0.7213419923506375,>=0.50
212782,Liệu pháp miễn dịch thắp niềm hy vọng cho bệnh nhân ung thư gan,Sức khỏe,Sức khỏe,Sức khỏe,True,1.7637584246374054,>=0.50
203341,"Đến nhà chơi, thanh niên ở Cần Thơ cuỗm sạch vàng của mẹ bạn",Pháp luật,Pháp luật,Pháp luật,True,0.7229884819954514,>=0.50
101463,'Đỏ mắt' tìm học phí đại học dưới 20 triệu đồng/năm,Giáo dục,Giáo dục,Giáo dục,True,1.4671363044495749,>=0.50
96551,"Học sinh ném dép, dồn cô giáo vào góc tường: 'Có vấn đề' ứng xử từ 2 phía",Giáo dục,Giáo dục,Giáo dục,True,2.0557984201436863,>=0.50
183883,Tín chỉ carbon và câu chuyện mục tiêu kép chuyển đổi số bền vững,Khoa học công nghệ,Khoa học,Kinh doanh,False,0.016929228597713952,<0.10
185698,Số phận hơn 14 tỷ USD Bitcoin bị Mỹ tịch thu của trùm lừa đảo Campuchia Chen Zhi,Khoa học công nghệ,Khoa học,Kinh doanh,False,0.5782687342276134,>=0.50
57993,Google giúp mọi người đều có thể sử dụng Gemini,Khoa học công nghệ,Khoa học,Khoa học,True,0.8897346364516215,>=0.50
117926,‘Cố ý hành động giống phụ nữ’ sẽ bị phạt đến 3 năm tù tại Iraq,Thế giới,Thế giới,Pháp luật,False,0.11571603005601694,0.10–0.20
118436,"Sau 100 năm, bộ sưu tập đồng xu hiếm được bán giá hàng trăm tỉ đồng",Thế giới,Thế giới,Kinh doanh,False,0.41493006602174975,0.30–0.50
83635,Hari Won: Người ta nói vợ chồng tôi lố lăng,Giải trí,Giải trí,Giải trí,True,0.44847772566524946,0.30–0.50
120616,"Chiến sự Ukraine ngày 1.098: Toàn Ukraine báo động vì tên lửa tấn công, NATO phản ứng",Thế giới,Thế giới,Thế giới,True,0.9754898120203598,>=0.50
264541,"Vợ đẹp né tránh gần gũi mỗi đêm, biết lý do chồng sốc nặng",Đời sống,Đời sống,Giải trí,False,0.3930922094711498,0.30–0.50
99527,Hơn 600 học sinh thi lại do lộ đề: Phụ huynh muốn trường nêu rõ nguyên nhân,Giáo dục,Giáo dục,Giáo dục,True,1.6242408840578255,>=0.50
120110,Xe bay tràn ngập Triển lãm Hàng không Paris,Thế giới,Thế giới,Khoa học,False,0.430607747676754,0.30–0.50
26779,Vụ chuyến bay giải cứu: Khách hàng đã mua vé bay cần làm gì để bảo vệ quyền lợi?,Pháp luật,Pháp luật,Pháp luật,True,0.0738419435523483,<0.10
26754,"Tôi phát hiện vợ đang mang bầu con người khác, tôi có được ly hôn?",Pháp luật,Pháp luật,Pháp luật,True,0.40632804761749985,0.30–0.50
204027,"Bé 3 tuổi băng qua đường bị xe tải cán tử vong, trách nhiệm của tài xế thế nào?",Pháp luật,Pháp luật,Pháp luật,True,0.3772650443072636,0.30–0.50
258404,Lập xuân là gì? Lập Xuân năm 2024 là ngày nào?,Đời sống,Đời sống,Đời sống,True,0.056126941085445914,<0.10
28831,Lại thu hồi toàn quốc lô sữa rửa mặt của Công ty GAMMA do chứa chất không công bố,Sức khỏe,Sức khỏe,Kinh doanh,False,0.3494228753901259,0.30–0.50
200491,Cách Tân Nhất Hương mở rộng ‘sân chơi’ cho kem pha chế Việt,Kinh doanh,Kinh doanh,Kinh doanh,True,1.1251419895606145,>=0.50
113829,Giá vàng hôm nay 17.9.2025: Trong nước đứng yên dù thế giới biến động mạnh,Kinh doanh,Kinh doanh,Kinh doanh,True,1.5068654092653047,>=0.50
262948,Đám cưới ngày lụt: Chú rể Bắc Ninh bì bõm lội nước rước nàng về dinh,Đời sống,Đời sống,Đời sống,True,0.5653272344527158,>=0.50
256233,"Vợ sốc nặng phát hiện chồng lén mặc váy, muốn chuyển giới sau 20 năm kết hôn",Đời sống,Đời sống,Giải trí,False,0.34256044549989356,0.30–0.50
53153,Roborock ra mắt hàng loạt robot vệ sinh nhà cửa thông minh tại Việt Nam,Khoa học công nghệ,Khoa học,Khoa học,True,0.8548655937530905,>=0.50
263664,Hẹn ăn trưa tập 388: Chuyện tình 10 năm của 9X Bình Thuận khiến MC hoang mang,Đời sống,Đời sống,Giải trí,False,0.13254863389633986,0.10–0.20
38039,Ngắm các chân dài bóng chuyền nữ Việt Nam tập luyện hăng say cho SEA Games,Thể thao,Thể thao,Thể thao,True,0.5398175284282719,>=0.50
217273,Khoảnh khắc UAV Ukraine tập kích binh sĩ Nga lái mô tô nước trên sông Dnipro,Thế giới,Thế giới,Khoa học,False,0.2816862490898723,0.20–0.30
237817,"Nơi từng sầm uất ở Ninh Bình, nay hoang tàn giữa khu 'đất vàng' sau 100 năm",Thời sự,Thời sự,Đời sống,False,0.05289005578265793,<0.10
106208,"17 đoàn tàu metro số 1 đã dán tem kiểm định, sẵn sàng khai trương 22.12 tới",Kinh doanh,Kinh doanh,Kinh doanh,True,0.1473627977722844,0.10–0.20
137741,Xử phạt các đơn vị làm chậm tiến độ thi công Nhà hát tỉnh Bình Thuận,Thời sự,Thời sự,Kinh doanh,False,0.014690392534050467,<0.10
247501,Mercedes-Benz sắp thay mẫu xe điện ế ẩm EQC bằng cái tên vừa quen vừa lạ,Xe,Xe,Xe,True,0.5112049181869747,>=0.50
59749,Microsoft đang không hài lòng với Xbox,Khoa học công nghệ,Khoa học,Kinh doanh,False,0.04074116743963785,<0.10
26185,"Không có nơi thường trú, tạm trú thì xác nhận thông tin về cư trú ở đâu?",Pháp luật,Pháp luật,Pháp luật,True,0.6811908406970428,>=0.50
202860,Ông Lê Mạnh Hùng giữ chức Chủ tịch Hội đồng Thành viên PVN,Kinh doanh,Kinh doanh,Kinh doanh,True,0.687111169947402,>=0.50
59892,Schneider Electric tận dụng số hóa để giảm mức tiêu thụ năng lượng và khí thải carbon,Khoa học công nghệ,Khoa học,Khoa học,True,0.18293446514812017,0.10–0.20
52963,Giá Bitcoin tăng vọt sau khi ông Trump hoãn áp thuế 90 ngày,Khoa học công nghệ,Khoa học,Kinh doanh,False,1.5112014574641788,>=0.50
27075,Công an TP.HCM tìm người liên quan vụ truy cập bất hợp pháp tài khoản đăng nhập,Pháp luật,Pháp luật,Pháp luật,True,0.9818571744598812,>=0.50
48850,"Nissan cân nhắc làm Terra, Navara điện, thừa nhận trợ giá từ chính phủ rất quan trọng",Xe,Xe,Kinh doanh,False,0.03650513774354902,<0.10
241405,"Ô tô đỗ chắn cửa vài ngày, chủ nhà ở Hà Nội tung chiêu 'dằn mặt'",Thời sự,Thời sự,Pháp luật,False,0.08390144466147431,<0.10
250581,Kiểu mở cửa xe Beijing X7 'khó đỡ' của người phụ nữ gặp tài xế xe Ford lái ẩu,Xe,Xe,Xe,True,0.3440136456193587,0.30–0.50
122748,Chiến sự Ukraine ngày 1.252: Nhà tù Ukraine bị tập kích,Thế giới,Thế giới,Thế giới,True,0.6830042558949266,>=0.50
24546,"VNPAY hợp tác cùng New Sports, góp phần số hóa thể thao Việt Nam",Kinh doanh,Kinh doanh,Thể thao,False,0.44260615855354,0.30–0.50
45574,"Triều cường ở Cần Thơ cao kỷ lục, nhiều tuyến đường cao ráo vẫn bị ngập",Thời sự,Thời sự,Thế giới,False,0.08205914746636689,<0.10
61662,Tin tặc lợi dụng chế độ Kiosk để đánh cắp tài khoản Google,Khoa học công nghệ,Khoa học,Khoa học,True,0.5085845543186558,>=0.50
258276,Huyền thoại nữ chúa rừng xanh Lâm Đồng thu phục binh sĩ bằng loại nước thần bí,Đời sống,Đời sống,Thời sự,False,0.16098064866707834,0.10–0.20
129044,Sốc: Chủ tịch Liên đoàn quyền Anh Việt Nam Lưu Tú Bảo bị bắt tại Mỹ,Thể thao,Thể thao,Kinh doanh,False,0.15474162742136138,0.10–0.20
265179,"Nghỉ việc chăm mẹ chồng, việc gì cũng đến tay nhưng bà vẫn thấy cho tiền tốt hơn",Đời sống,Đời sống,Đời sống,True,0.678827814402398,>=0.50
66755,"Kỳ thú tháng 9: Thời khắc hiếm gặp Trăng máu, đừng bỏ lỡ!",Đời sống,Đời sống,Đời sống,True,0.30224503935866476,0.30–0.50
250748,Toyota Fortuner chơi trội khi độ vành xe 'khổng lồ' 26 inch,Xe,Xe,Xe,True,0.5560245522271576,>=0.50
181398,CT Group - 33 năm tự hào trong hành trình 80 năm Ý chí và Trí tuệ Việt Nam,Khoa học công nghệ,Khoa học,Kinh doanh,False,0.4539384578315654,0.30–0.50
128683,Lịch thi đấu giải bóng chuyền các CLB nữ thế giới hôm nay: Bích Tuyền 'gánh team',Thể thao,Thể thao,Thể thao,True,0.5932648398939628,>=0.50
212763,Nước dừa ngon ngọt tốt cho sức khỏe nhưng ai không nên uống?,Sức khỏe,Sức khỏe,Sức khỏe,True,1.1702866339694316,>=0.50
163743,Triển lãm Mỹ thuật Việt Nam 2023,Giải trí,Giải trí,Giải trí,True,0.32817775589217324,0.30–0.50
247453,"Phân khúc C-SUV tại Việt Nam sắp có 2 mẫu xe mới động cơ khỏe, chuyên off-road",Xe,Xe,Xe,True,0.7354137420654194,>=0.50
206324,Điều gì xảy ra với người đàn ông được ghép gan lợn?,Sức khỏe,Sức khỏe,Sức khỏe,True,1.2846664167394404,>=0.50
115665,"Top 10 kem trị sẹo rỗ, sẹo lõm, sẹo lồi được chuyên gia khuyên dùng",Sức khỏe,Sức khỏe,Sức khỏe,True,1.074542359261602,>=0.50
195366,Hơn một tỷ cổ phiếu công ty con Tập đoàn Dầu khí Việt Nam bị cảnh báo,Kinh doanh,Kinh doanh,Kinh doanh,True,1.7037405443394684,>=0.50
27425,Vụ Vạn Thịnh Phát: Bà Trương Mỹ Lan nói tiền của mình đã cho rồi thì không nhớ,Pháp luật,Pháp luật,Pháp luật,True,0.004049118895888326,<0.10
101044,Sao lại cười 'chàng trai duy nhất trúng tuyển khoa Giáo dục mầm non'?,Giáo dục,Giáo dục,Giáo dục,True,1.3353690549799269,>=0.50
169050,Mẹ Coco Lee là người đầu tiên phát hiện con gái tự tử,Giải trí,Giải trí,Giải trí,True,0.8261978839213527,>=0.50
101766,Sinh viên nghỉ Tết Nguyên đán Giáp Thìn 2024 nhiều nhất bao nhiêu ngày?,Giáo dục,Giáo dục,Giáo dục,True,1.9125936894888134,>=0.50
158192,Lời dặn dò xúc động của NSND Ngô Đặng Cường khi sang Trung Quốc thăm con gái,Giải trí,Giải trí,Giải trí,True,0.9306736780767676,>=0.50
206214,Nam thanh niên 21 tuổi đột quỵ được cấp cứu sau 30 phút,Sức khỏe,Sức khỏe,Sức khỏe,True,1.3137155049332354,>=0.50
171112,Bài nhạc Tết rộn rã của 5 'Anh trai vượt ngàn chông gai',Giải trí,Giải trí,Giải trí,True,0.8930273078459968,>=0.50
119576,"Đẩy giá dầu bất thành, OPEC 'chơi dao đứt tay' ?",Thế giới,Thế giới,Kinh doanh,False,1.1630330202925605,>=0.50
227190,"Mourinho đổi ý, không giải cứu Jadon Sancho khỏi MU",Thể thao,Thể thao,Thể thao,True,0.8748569873023749,>=0.50
204681,"Đang thi hành 4 bản án, ông Trần Phương Bình tiếp tục hầu tòa",Pháp luật,Pháp luật,Kinh doanh,False,0.5186019595398896,>=0.50
87027,Nhạc sĩ Đức Trí: Ngoài âm nhạc tôi không làm gì khác,Giải trí,Giải trí,Giải trí,True,1.5519928019755889,>=0.50
215397,Vợ đệ đơn ly hôn vì chồng không chịu tắm rửa thường xuyên,Thế giới,Thế giới,Pháp luật,False,0.06263339863681505,<0.10
111878,"Nam A Bank chia cổ tức 25%, tăng vốn điều lệ lên 18.007 tỉ đồng",Kinh doanh,Kinh doanh,Kinh doanh,True,1.3845192637459176,>=0.50
233939,"Tin bóng đá 6/1: MU ký Goncalo Ramos, Chelsea lấy Mudryk",Thể thao,Thể thao,Thể thao,True,1.024030038773476,>=0.50
164829,Ước nguyện cuối đời dang dở của NSƯT Ngọc Trinh,Giải trí,Giải trí,Giải trí,True,0.4173748455549411,0.30–0.50
219815,Video bóng đá U23 Việt Nam vs U23 Indonesia - Chung kết U23 Đông Nam Á 2025,Thể thao,Thể thao,Thể thao,True,1.148565139414577,>=0.50
136880,"Lịch chi trả lương hưu, trợ cấp BHXH ở TP.HCM dịp tết 2025",Thời sự,Thời sự,Công đoàn,False,1.1347487299227292,>=0.50
120116,Tăng trưởng kinh tế Trung Quốc tốt hơn kỳ vọng trong quý 1,Thế giới,Thế giới,Kinh doanh,False,1.2250668191086092,>=0.50
180065,"Thủ tướng yêu cầu, Hà Nội báo cáo gì về tuyển sinh lớp 10?",Giáo dục,Giáo dục,Giáo dục,True,2.4661136145985054,>=0.50
89505,Đoàn Hồng Trang khoe dáng nóng bỏng bên người mẫu nam,Giải trí,Giải trí,Giải trí,True,0.1720827892282396,0.10–0.20
254947,"Tài chính dưới 800 triệu, nên mua KIA K5 Premium hay Mazda6 Premium cũ?",Xe,Xe,Xe,True,0.3274098661142424,0.30–0.50
131914,Các hồ đập Gia Lai xả nước tối đa trước khi bão Kalmaegi đổ bộ,Thời sự,Thời sự,Kinh doanh,False,0.05069444264912515,<0.10
92921,Lệ Quyên 'chất vấn' Quang Lê thu bao nhiêu tiền YouTube bài 'Sầu tím thiệp hồng',Giải trí,Giải trí,Giải trí,True,1.929527602491822,>=0.50
25882,"'Đại gia' Phú Quốc bể hụi trăm tỉ, công an vào cuộc",Kinh doanh,Kinh doanh,Thời sự,False,0.8698303319484972,>=0.50
172359,"Đại học thưởng tết tới 70-80 triệu/người, quỹ thưởng hàng chục tỷ đồng",Giáo dục,Giáo dục,Giáo dục,True,0.8265737752302348,>=0.50
48826,Tin tức giá xe: Toyota Vios 2023 bất ngờ giảm giá tại đại lý,Xe,Xe,Kinh doanh,False,0.37855369609937106,0.30–0.50
26140,"Tôi muốn làm giấy khai sinh cho con mà không cần xét nghiệm ADN, được không?",Pháp luật,Pháp luật,Pháp luật,True,0.5203394047678274,>=0.50
181956,Cơ hội bứt phá cho cộng đồng khởi nghiệp lĩnh vực AI,Khoa học công nghệ,Khoa học,Khoa học,True,0.22419938371312853,0.20–0.30
195026,"Bản tin tài chính sáng 30/5: USD thắng thế, giá vàng và dầu cùng giảm",Kinh doanh,Kinh doanh,Kinh doanh,True,1.722431438436954,>=0.50
257478,"Cha 70 tuổi lấy vợ mới, các con về một phe kiên quyết đòi lại gia tài",Đời sống,Đời sống,Đời sống,True,0.11588485335712062,0.10–0.20
16994,Cảnh giác 3 hình thức lừa đảo trực tuyến phổ biến,Khoa học công nghệ,Khoa học,Khoa học,True,0.10294408217114648,0.10–0.20
123643,Ngoại hạng Anh: M.U trước 'cú ăn ba',Thể thao,Thể thao,Thể thao,True,1.6185267355041,>=0.50
205312,Nguy cơ trầm cảm ở người mất ngủ cao gấp 4 lần,Sức khỏe,Sức khỏe,Sức khỏe,True,1.0305306799758176,>=0.50
159007,"Phim Kẻ ăn hồn của Hoàng Hà lọt cửa kiểm duyệt, ấn định ngày ra rạp",Giải trí,Giải trí,Giải trí,True,0.6834506105111852,>=0.50
237351,"Thiếu tá công an lặn xuống dòng nước lũ phá khóa, cứu sống hai mẹ con mắc kẹt",Thời sự,Thời sự,Pháp luật,False,0.11754481501956132,0.10–0.20
204233,"Chủ đầu tư thu gần 480 tỷ đồng rồi dừng thi công, cắt liên lạc với khách hàng",Pháp luật,Pháp luật,Kinh doanh,False,0.6909104859374131,>=0.50
28874,"Người bệnh mạn tính ở nhiều nước đã được khám, chữa bệnh từ xa",Sức khỏe,Sức khỏe,Sức khỏe,True,1.6340921111309723,>=0.50
99040,"Cuối năm học, trường vận động tài trợ ti vi 65 inch, phụ huynh thắc mắc",Giáo dục,Giáo dục,Giáo dục,True,1.548628051282401,>=0.50
162938,Nghệ thuật đường phố lên ngôi tại TPHCM,Giải trí,Giải trí,Giải trí,True,0.35720725537183184,0.30–0.50
138679,"Cứu học sinh bị nước cuốn, người đàn ông ở Quảng Bình mất tích",Thời sự,Thời sự,Giáo dục,False,0.49157739443783177,0.30–0.50
167608,Hwang Jung Eum ly hôn đại gia ngành thép: Tôi giàu gấp 1.000 lần tên phản bội đó,Giải trí,Giải trí,Giải trí,True,0.8777879298270842,>=0.50
90040,"Hồng Nhung xạ trị lần 3, tiết lộ cuộc sống sau khi mắc ung thư",Giải trí,Giải trí,Giải trí,True,1.0453477670083777,>=0.50
202959,10 tỷ phú trẻ nhất thế giới,Kinh doanh,Kinh doanh,Kinh doanh,True,1.1875779081769362,>=0.50
59818,OpenAI đưa ứng dụng Sora đến người dùng Android Việt Nam,Khoa học công nghệ,Khoa học,Khoa học,True,0.6205900841711833,>=0.50
261216,10 địa điểm đón giao thừa 2024 tuyệt vời nhất thế giới,Đời sống,Đời sống,Thể thao,False,0.01183153156591088,<0.10
252191,Mercedes-Benz Việt Nam triệu hồi loạt xe SUV cao cấp nhất vì lỗi ắc quy,Xe,Xe,Kinh doanh,False,0.14726876569198216,0.10–0.20
27274,"‘Thắng kiện chính quyền, mòn mỏi chờ bồi thường’: Yêu cầu báo cáo việc thi hành án",Pháp luật,Pháp luật,Pháp luật,True,0.5279768336307828,>=0.50
64032,FPT Shop đồng hành 'chuyến xe mùa xuân' đưa tết về vùng quê xa,Khoa học công nghệ,Khoa học,Công đoàn,False,0.2546333903192194,0.20–0.30
2982,"Đại học Nevada, Reno thành đối tác chiến lược của SIU",Giáo dục,Giáo dục,Giáo dục,True,2.4199231634915748,>=0.50
4492,Đánh giá công nghệ y tế: Giải pháp giúp người bệnh hưởng lợi,Giáo dục,Giáo dục,Giáo dục,True,0.8385980341795463,>=0.50
243742,Khi nào máy bay cứu hỏa ở Việt Nam đủ điều kiện cất cánh?,Thời sự,Thời sự,Khoa học,False,0.3757961486790488,0.30–0.50
134749,Bảo đảm an toàn thực phẩm dịp Tết Nguyên đán,Thời sự,Thời sự,Công đoàn,False,0.1073392061287678,0.10–0.20
46854,"Xã, phường mới của Khánh Hòa 'chạy thử' trơn tru",Thời sự,Thời sự,Kinh doanh,False,0.03502543913256084,<0.10
164390,Mai Ngô gây ấn tượng mạnh với màn trình diễn bikini,Giải trí,Giải trí,Giải trí,True,0.029171611354448512,<0.10
253561,5 chiếc hatchback hiệu suất cao hấp dẫn người mua hơn xe thể thao đắt tiền,Xe,Xe,Xe,True,0.617744832397544,>=0.50
44197,Shipper - đời đau hơn cả phim,Thời sự,Thời sự,Giải trí,False,0.2716095437994806,0.20–0.30
265668,"Giỗ bố chồng 7 năm con dâu không ngó ngàng,vì một tờ giấy mà quay ngoắt thay đổi",Đời sống,Đời sống,Đời sống,True,0.6540668475443417,>=0.50
167699,Á hậu Trịnh Kim Chi trang trí biệt thự sang trọng thành 'Tết miền quê',Giải trí,Giải trí,Giải trí,True,0.4099729923117301,0.30–0.50
4040,Trường đại học Khoa học xã hội và Nhân văn TP.HCM dành tối đa 55% chỉ tiêu xét điểm thi THPT,Giáo dục,Giáo dục,Giáo dục,True,2.933224190845185,>=0.50
138659,Đắk Lắk: Nhiều địa phương bị ngập lụt do mưa lớn,Thời sự,Thời sự,Thời sự,True,0.20077805423973533,0.20–0.30
202136,Giá xăng dầu hôm nay 29/12/2023 nối dài đà giảm,Kinh doanh,Kinh doanh,Kinh doanh,True,1.6433886178318606,>=0.50
3288,Vụ trường chưa tuyển sinh đã hết chỗ: Phòng GD-ĐT thông báo hướng tiếp nhận hơn 500 đơn nguyện vọng,Giáo dục,Giáo dục,Giáo dục,True,1.7014942615499016,>=0.50
26894,"Đi công tác nước ngoài 6 tháng, có bị tính thuế thu nhập cá nhân?",Pháp luật,Pháp luật,Pháp luật,True,0.4646376939757947,0.30–0.50
53770,iPhone 17 Air sẽ chẳng có gì thú vị ngoài độ mỏng?,Khoa học công nghệ,Khoa học,Khoa học,True,0.8534580638552859,>=0.50
182879,Thúc đẩy hình thành doanh nghiệp công nghệ số Việt có năng lực nội sinh mạnh mẽ,Khoa học công nghệ,Khoa học,Kinh doanh,False,0.8134582404704515,>=0.50
201752,Giá xăng dầu hôm nay 25/3/2024 lấy lại đà tăng sau 3 phiên lao dốc,Kinh doanh,Kinh doanh,Kinh doanh,True,1.685969155550321,>=0.50
91976,"Gia đình bác tin Vũ Linh cô quạnh cuối đời, viết sẵn di chúc cho Bình Tinh",Giải trí,Giải trí,Giải trí,True,1.2142985101860062,>=0.50
167359,Mỹ Anh tiết lộ cuộc trò chuyện cùng mẹ với CEO Apple Tim Cook,Giải trí,Giải trí,Giải trí,True,0.8254452940853625,>=0.50
43069,Khèn Mông sang chợ Tây,Thời sự,Thời sự,Đời sống,False,0.17677339730804076,0.10–0.20
68482,Ngày thứ ba kỳ nghỉ tết Độc lập 2.9: Bất ngờ đường phố trung tâm TP.HCM,Đời sống,Đời sống,Đời sống,True,0.12680426090711017,0.10–0.20
73092,Công ty than chi gần 5 tỉ đồng mua cá song tặng nhân viên dịp Rằm tháng giêng,Đời sống,Đời sống,Kinh doanh,False,0.31275652001732246,0.30–0.50
110388,MB ra mắt sản phẩm vay vốn tín chấp đồng hành cùng doanh nghiệp,Kinh doanh,Kinh doanh,Kinh doanh,True,1.4723020247349567,>=0.50
117700,Cá voi sát thủ đâm chìm du thuyền 130.000 USD ở Địa Trung Hải,Thế giới,Thế giới,Khoa học,False,0.8666682881307256,>=0.50
186898,TikTok phối hợp Cục An toàn thông tin chống lừa đảo trực tuyến,Khoa học công nghệ,Khoa học,Pháp luật,False,0.1021043152863973,0.10–0.20
175506,Chân dung 4 nam sinh vào chung kết Đường lên đỉnh Olympia năm 2025,Giáo dục,Giáo dục,Giáo dục,True,0.38736442288098405,0.30–0.50
27259,Bắt tạm giam cựu phó tổng biên tập một tạp chí về tội lừa đảo,Pháp luật,Pháp luật,Pháp luật,True,0.8634926112630759,>=0.50
190100,Vietlott tìm được tới 4 vé số cùng trúng độc đắc tiền tỷ,Kinh doanh,Kinh doanh,Đời sống,False,0.9100056288635029,>=0.50
97386,TP.HCM công bố danh sách học sinh được tuyển thẳng lớp 10 vào ngày mai,Giáo dục,Giáo dục,Giáo dục,True,1.8750790190152307,>=0.50
98918,Nữ thủ khoa đầu ra Trường ĐH Kinh tế Huế chia sẻ 'công thức' đạt điểm cao,Giáo dục,Giáo dục,Giáo dục,True,1.5164899462484573,>=0.50
98451,Giáo viên và học sinh tiết lộ nỗi ám ảnh mang tên 'kiểm tra miệng'!,Giáo dục,Giáo dục,Giáo dục,True,1.85453576098292,>=0.50
205727,"Chàng trai đột ngột tử vong hơn 1 ngày sau khi bị sổ mũi, đau đầu",Sức khỏe,Sức khỏe,Sức khỏe,True,1.3482284908830562,>=0.50
203020,LienVietPostBank bất ngờ thay tổng giám đốc,Kinh doanh,Kinh doanh,Kinh doanh,True,1.0664514080532421,>=0.50
88823,Khát nắng sớm và sương lành,Giải trí,Giải trí,Giải trí,True,0.5121793777239178,>=0.50
145890,"BMW X5 8 năm tuổi, giá ngang Ford Everest 2023 có hấp dẫn?",Xe,Xe,Xe,True,0.8288133041046163,>=0.50
257713,"Nghe mẹ chồng tương lai nói 5 câu, cô gái 23 tuổi yên tâm, đồng ý cưới ngay",Đời sống,Đời sống,Đời sống,True,0.6638772309656752,>=0.50
127103,"Từ chiến thắng của U.22 Việt Nam, tìm ra chìa khóa trong đào tạo trẻ: Thể lực phải thật khỏe",Thể thao,Thể thao,Sức khỏe,False,0.179576840433482,0.10–0.20
203402,Bắt giam chủ tịch xã liên quan 200 tấn xi măng bị hư hỏng do phơi ngoài trời,Pháp luật,Pháp luật,Pháp luật,True,0.015425821383607374,<0.10
203961,Công an truy bắt hung thủ sát hại 2 mẹ con ở Hà Nội,Pháp luật,Pháp luật,Pháp luật,True,0.47923350789170555,0.30–0.50
65191,Những lợi ích của việc ứng dụng tự động hóa vận hành kho hàng,Khoa học công nghệ,Khoa học,Kinh doanh,False,0.2459631657675846,0.20–0.30
219025,"U22 Việt Nam: Cần sự khác biệt, không thể chờ vào vận may",Thể thao,Thể thao,Thể thao,True,1.0172034384369597,>=0.50
128008,"HLV Lê Huỳnh Đức chê học trò nôn nóng, HLV Polking 'Tiến Linh hay nhất Việt Nam, nhưng...'",Thể thao,Thể thao,Thể thao,True,1.4500259380069471,>=0.50
215983,Đài phát thanh bí mật nổi tiếng nhất thế giới bất ngờ dừng hoạt động,Thế giới,Thế giới,Khoa học,False,0.35022528420034926,0.30–0.50
215974,Mỹ nữ Nga bị kết án 21 năm tù vì đầu độc 'bản sao' người Mỹ,Thế giới,Thế giới,Pháp luật,False,0.6206415905468208,>=0.50
122293,Chiến sự tối 11.3: Ukraine và Nga vẫn giằng co ở 'vùng đất chết' Bakhmut,Thế giới,Thế giới,Thế giới,True,0.17374581800461075,0.10–0.20
175516,Cô hiệu trưởng bỏ tiền túi 'treo thưởng' chuyến đi nước ngoài cho học sinh giỏi,Giáo dục,Giáo dục,Giáo dục,True,1.7640867597187357,>=0.50
181408,Internet Công nghiệp - Chìa khóa để doanh nghiệp Việt bứt phá,Khoa học công nghệ,Khoa học,Kinh doanh,False,0.5583259781858475,>=0.50
5639,"Đường lên đỉnh Olympia 2023 đầy kịch tính, Lê Xuân Mạnh giành vòng nguyệt quế",Giáo dục,Giáo dục,Giáo dục,True,0.6608853188676953,>=0.50
41655,"Lịch thi đấu bán kết bóng đá nam Olympic 2024: Morocco - Tây Ban Nha, Pháp - Ai Cập",Thể thao,Thể thao,Thể thao,True,1.780719492560066,>=0.50
26507,Cha mẹ đẻ của bạn trai có thể làm giấy khai sinh cho con tôi?,Pháp luật,Pháp luật,Pháp luật,True,0.05966719855961977,<0.10
252957,"Hết nồm ẩm, nhân viên rửa xe làm từ sáng đến tối không hết việc",Xe,Xe,Xe,True,0.2269737101378163,0.20–0.30
26602,"Người khác lấy số điện thoại của tôi để tố cáo, vu khống, kiện được không?",Pháp luật,Pháp luật,Pháp luật,True,1.2995037038018722,>=0.50
184405,Bộ trưởng Nguyễn Mạnh Hùng chia sẻ tại hội nghị AMRI lần thứ 16,Khoa học công nghệ,Khoa học,Khoa học,True,0.03401104909060293,<0.10
128115,"SLNA tạo cú sốc cực lớn, thắng ngược ngoạn mục ĐKVĐ Nam Định: Bất ngờ V-League là đây!",Thể thao,Thể thao,Thể thao,True,1.8494240559618191,>=0.50
66069,Triển lãm ngành Thực phẩm & Đồ uống - cầu nối giao thương bền vững,Đời sống,Đời sống,Kinh doanh,False,1.1846184871472847,>=0.50
117461,Từ Mỹ về Việt Nam tìm con: Đón tin vui ngay trong lần đầu chuyển phôi,Sức khỏe,Sức khỏe,Sức khỏe,True,0.37678995607034393,0.30–0.50
208151,Thu hồi lô serum chăm sóc da Obagi vì không đạt chất lượng,Sức khỏe,Sức khỏe,Kinh doanh,False,0.28030399370388637,0.20–0.30
250917,Đứng tim vì Hyundai Santa Fe sang đường khi trời tối 'như từ dưới đất chui lên',Xe,Xe,Xe,True,0.38718426094488145,0.30–0.50
16670,Sự thật đằng sau cảnh khỏa thân trong The Glory 2,Giải trí,Giải trí,Giải trí,True,1.7396116906150152,>=0.50
51565,Tại sao vị trí bình xăng ô tô mỗi xe một nơi?,Xe,Xe,Xe,True,0.4858030522945862,0.30–0.50
262232,"Chàng trai Nhật cưới vợ Việt trong nhà cổ 100 tuổi, rơi nước mắt khi đọc lời thề",Đời sống,Đời sống,Đời sống,True,0.7080393204420299,>=0.50
52339,Mazda6 bản đặc biệt đắt ngang Mercedes-Benz C-Class,Xe,Xe,Khoa học,False,0.03212328750513649,<0.10
234949,Nữ kình ngư Trung Quốc và Nhật Bản ôm nhau khóc nức nở - ASIAD 19,Thể thao,Thể thao,Thể thao,True,0.2305627557923033,0.20–0.30
219973,Công Phượng và cánh cửa hẹp trở lại tuyển Việt Nam,Thể thao,Thể thao,Thể thao,True,1.3840105495242074,>=0.50
22168,Trải nghiệm mua sắm ‘sánh tầm chất Nhật’ tại AEON Xuân Thủy,Kinh doanh,Kinh doanh,Kinh doanh,True,1.1565026448906224,>=0.50
226896,"Newcastle trả giá chuyển nhượng Sesko 90 triệu euro, MU bất lợi",Thể thao,Thể thao,Thể thao,True,0.3530148247353427,0.30–0.50
6433,Sinh viên Đại học Duy Tân giành huy chương vàng tại SEA Games 32,Giáo dục,Giáo dục,Giáo dục,True,0.12507432311881006,0.10–0.20
52810,Một trường đại học Mỹ đưa Bitcoin vào giảng dạy,Khoa học công nghệ,Khoa học,Giáo dục,False,2.2321262892450706,>=0.50
161900,Lan toả văn hoá đọc thông qua Tuần sách kết nối - Ehon Week,Giải trí,Giải trí,Giáo dục,False,0.06404654269815346,<0.10
237125,"Bão số 13 Kalmaegi quét qua Tây Nguyên mạnh cấp 8-9 là hiếm gặp, mưa lớn xối xả",Thời sự,Thời sự,Khoa học,False,0.309698859092039,0.30–0.50
99435,Học sinh làm thơ chúc tết,Giáo dục,Giáo dục,Giáo dục,True,0.5830680943722969,>=0.50
248844,Người dân TP.HCM đổ xô đi xem siêu xe của các tỷ phú thế giới,Xe,Xe,Xe,True,0.11776548012262456,0.10–0.20
206436,"Hà Nội tăng cường kiểm soát thuốc, mỹ phẩm và thực phẩm bảo vệ sức khỏe",Sức khỏe,Sức khỏe,Kinh doanh,False,0.3278620091424928,0.30–0.50
46872,Tuyên án phúc thẩm vụ 'chuyến bay giải cứu' giai đoạn 2,Thời sự,Thời sự,Pháp luật,False,0.554303236264958,>=0.50
53210,"Oppo ra mắt dòng smartphone Reno11 F 5G, giá từ 9 triệu đồng",Khoa học công nghệ,Khoa học,Khoa học,True,0.9639596652673745,>=0.50
124449,Lịch thi đấu bóng đá nữ Olympic hôm nay: 'Chung kết sớm' của hai chị đại!,Thể thao,Thể thao,Thể thao,True,1.2471148737168098,>=0.50
67358,"Bật mí địa điểm ăn tết Đoan Ngọ, Quốc tế Thiếu nhi ngay trung tâm TP.HCM",Đời sống,Đời sống,Đời sống,True,0.5021877848305135,>=0.50
115876,5 quy tắc chọn kem dưỡng ẩm mùa hè phải nhớ để làn da căng mịn,Sức khỏe,Sức khỏe,Sức khỏe,True,0.4807476882070846,0.30–0.50
141575,Những việc làm mới nào sẽ xuất hiện tại Việt Nam trong năm 2024?,Thời sự,Thời sự,Công đoàn,False,0.0655763370324079,<0.10
249692,Hãng xe điện khởi nghiệp Trung Quốc dùng công nghệ sản xuất ngang hàng Tesla,Xe,Xe,Khoa học,False,0.5461476334739085,>=0.50
113452,Thách thức chờ tân Tổng giám đốc ABBank,Kinh doanh,Kinh doanh,Kinh doanh,True,1.3789480466495068,>=0.50
247748,"Giá xe Volkswagen Teramont X nhập Trung Quốc 2 tỷ, có đọ được Mercedes, Audi?",Xe,Xe,Xe,True,0.3915624656174429,0.30–0.50
173485,Hà Nội dẫn đầu cả nước về số giải học sinh giỏi quốc gia năm học 2024-2025,Giáo dục,Giáo dục,Giáo dục,True,2.048875843597175,>=0.50
176510,Mạng xã hội xôn xao vì điểm thi gần tuyệt đối của hậu duệ tập đoàn Samsung,Giáo dục,Giáo dục,Giáo dục,True,1.797039657070865,>=0.50
204137,"Bỗng nhiên bị dồn đánh, thanh niên rút dao đâm chết người lạ",Pháp luật,Pháp luật,Pháp luật,True,0.8360585554864566,>=0.50
203654,"Xử đại án đăng kiểm: 254 bị cáo, tận dụng cả hành lang để bố trí chỗ ngồi",Pháp luật,Pháp luật,Pháp luật,True,0.9858585024265902,>=0.50
221233,Bảng xếp hạng AFF Cup 2024 (ASEAN Cup 2024) - BXH AFF Cup 2024,Thể thao,Thể thao,Thể thao,True,0.9683956454781281,>=0.50
250238,"Thấy 'racing boy' đi xe lắc lên cao tốc, nam tài xế xử lý khiến ai cũng vỗ tay",Xe,Xe,Xe,True,0.3279003022362559,0.30–0.50
241225,Điều chỉnh quy hoạch cảng hàng không Đồng Hới,Thời sự,Thời sự,Kinh doanh,False,0.5310249681007271,>=0.50
40795,Vì sao ngày càng có nhiều người đạp xe đi làm?,Thể thao,Thể thao,Sức khỏe,False,0.13767558549881853,0.10–0.20
40028,"Nói pickleball là môn thể thao nhẹ, nhưng sao chấn thương nặng?",Thể thao,Thể thao,Thể thao,True,0.032470394962075766,<0.10
109651,TP.HCM sấm sét đùng đùng vì sao?,Kinh doanh,Kinh doanh,Khoa học,False,0.18467986453800167,0.10–0.20
204916,"‘Yêu’ bé gái, cậu bé 14 tuổi trả giá bằng tháng ngày đằng đẵng trong tù",Pháp luật,Pháp luật,Pháp luật,True,0.6857474113331843,>=0.50
186787,"Xử lý lừa đảo trực tuyến là trách nhiệm chung của nhiều bộ, ngành",Khoa học công nghệ,Khoa học,Pháp luật,False,0.19367681195714614,0.10–0.20
113277,"Kiều hối về TP.HCM, Đồng Nai trên 5,357 tỉ USD",Kinh doanh,Kinh doanh,Kinh doanh,True,0.6301227617582738,>=0.50
231029,Mourinho được gọi tên thay Pochettino dẫn dắt Chelsea,Thể thao,Thể thao,Thể thao,True,0.5918694350004606,>=0.50
88252,Vợ chồng Công nương Kate Middleton chia tay trợ lý thân tín 15 năm,Giải trí,Giải trí,Giải trí,True,0.23504159847240547,0.20–0.30
236833,Hà Nội điều chỉnh lùi tiến độ “con đường đắt nhất hành tinh” đến hết 2026,Thời sự,Thời sự,Kinh doanh,False,0.6191997935878724,>=0.50
7872,Đập cánh tự do cùng đêm nhạc Attack on Titan,Giải trí,Giải trí,Giải trí,True,1.3675002862852121,>=0.50
51067,"'Nhớ đời' khi mua bán xe cũ: Lỗ 2 tỉ/xe, dính 5 lỗi phạt nguội không hề biết",Xe,Xe,Xe,True,0.07671721525825226,<0.10
181933,Quan hệ ‘độc tôn’ giữa SK Hynix và Nvidia bị phá vỡ,Khoa học công nghệ,Khoa học,Kinh doanh,False,0.5818169515975004,>=0.50
177736,Điểm sàn Trường Đại học Quốc tế Sài Gòn năm 2025 từ 15 đến18,Giáo dục,Giáo dục,Giáo dục,True,1.102812618809991,>=0.50
233639,Liverpool cướp Moises Caicedo trước mũi Chelsea,Thể thao,Thể thao,Thể thao,True,0.22415957319034263,0.20–0.30
110604,Ưu đãi lớn cho khách hàng sử dụng ứng dụng ngân hàng điện tử BAC A BANK,Kinh doanh,Kinh doanh,Kinh doanh,True,1.547406502913035,>=0.50
252820,"Chuyện dở khóc dở cười của nhân viên bán xe: Bị gạ tình, đau đầu vì khách 'hãm'",Xe,Xe,Xe,True,0.3217083351054904,0.30–0.50
231177,"Van Dijk chê MU, gây sự Onana trong đường hầm bị mắng té tát",Thể thao,Thể thao,Thể thao,True,1.1157150656450012,>=0.50
216285,Vụ 6 khách Việt chết ở Bangkok: Do mâu thuẫn nợ nần,Thế giới,Thế giới,Pháp luật,False,0.5671546365466724,>=0.50
26107,Tạm nghỉ tư vấn pháp lý dịp lễ Quốc khánh 2-9-2025,Pháp luật,Pháp luật,Pháp luật,True,0.9863510659807269,>=0.50
143285,"Ô tô hybrid ngày càng hút khách Việt, mẫu xe nào bán chạy nhất?",Xe,Xe,Xe,True,0.21842579453851396,0.20–0.30
239006,"Cầu trăm tỷ ở Phú Thọ thông xe, đường dẫn thành 'nút thắt cổ chai'",Thời sự,Thời sự,Xe,False,0.13843840819779252,0.10–0.20
19369,Khuyến mãi thu hút các bà nội trợ,Kinh doanh,Kinh doanh,Kinh doanh,True,1.100442617500132,>=0.50
132660,"Nguyên nhân nút giao An Phú ùn ứ cả ngày, người dân mệt mỏi?",Thời sự,Thời sự,Xe,False,0.6759803778065321,>=0.50
204294,"Ra sân bay sang Hàn Quốc lao động, 130 người nhận cú sốc lớn",Pháp luật,Pháp luật,Pháp luật,True,0.47647612376814585,0.30–0.50
63756,Người hâm mộ Xiaomi phát triển mô-đun sao chép thiết kế iOS vào HyperOS,Khoa học công nghệ,Khoa học,Khoa học,True,0.9235306328909129,>=0.50
19484,"Doanh nghiệp đua khuyến mãi, sức mua tăng nhanh",Kinh doanh,Kinh doanh,Kinh doanh,True,1.142417380240243,>=0.50
174671,Xác minh nữ giáo viên bị nhóm nam sinh dồn vào góc lớp chửi bới,Giáo dục,Giáo dục,Giáo dục,True,1.3670554648971627,>=0.50
72728,"CLB chụp ảnh cưới miễn phí, trao yêu thương cho hơn 1.000 cặp đôi khó khăn",Đời sống,Đời sống,Đời sống,True,0.5740148988994874,>=0.50
230325,MU xác nhận chia tay Raphael Varane,Thể thao,Thể thao,Thể thao,True,0.5260065581421577,>=0.50
117664,Trèo tường vào resort Mar-a-Lago vì muốn cưới cháu gái Tổng thống Trump,Thế giới,Thế giới,Pháp luật,False,0.030588506267642424,<0.10
224852,Highlights bóng đá SEA Games 32 U22 Đông Timor 0-3 U22 Indonesia,Thể thao,Thể thao,Thể thao,True,0.910745293993698,>=0.50
142805,Lá cờ đặc biệt trong buổi hợp luyện kỷ niệm 50 năm thống nhất đất nước,Thời sự,Thời sự,Thời sự,True,0.12347395957379032,0.10–0.20
86608,Han So Hee lại gây sốc với loạt hình xăm mới đầy táo bạo,Giải trí,Giải trí,Giải trí,True,1.030706114666001,>=0.50
259726,"Người phụ nữ thổi hồn cho ngôi nhà, truyền tình yêu hoa cho chồng, con",Đời sống,Đời sống,Đời sống,True,0.24005739940926835,0.20–0.30
70383,Một thập kỷ yêu thương của ‘người chồng chụp ảnh vợ ngực trần cho con bú’,Đời sống,Đời sống,Đời sống,True,0.03148965438911622,<0.10
255255,"Đưa ô tô cũ đi đăng kiểm thời điểm cận Tết, cần những giấy tờ gì?",Xe,Xe,Pháp luật,False,0.29928209720346843,0.20–0.30
261786,'Bốc mùi' nhất thế giới nhưng các món ăn này vẫn mê hoặc thực khách,Đời sống,Đời sống,Sức khỏe,False,0.07131202807783288,<0.10
204746,Vụ cháy chung cư Carina: 'Máy bơm của hệ thống PCCC bị tháo cho mượn',Pháp luật,Pháp luật,Thời sự,False,0.7653840861314786,>=0.50
220798,Kết quả bóng đá Thể Công Viettel 2-1 HAGL - Vòng 12 Vleague 2024/25,Thể thao,Thể thao,Thể thao,True,1.5615690959514787,>=0.50
60425,AirPods Max mới ra mắt vào đầu năm sau,Khoa học công nghệ,Khoa học,Khoa học,True,0.8957360515567331,>=0.50
259728,Đầu bếp nhiều năm tìm nguyên liệu phục dựng món ăn Hà Nội thất truyền,Đời sống,Đời sống,Đời sống,True,0.025030287222276626,<0.10
237159,"Thuyền chở đôi vợ chồng bị lật, một người vẫn mất tích",Thời sự,Thời sự,Thời sự,True,0.21379305957535027,0.20–0.30
41294,Lịch trực tiếp vòng loại U23 châu Á 2026: U23 Việt Nam đấu Singapore,Thể thao,Thể thao,Thể thao,True,1.2096680695777073,>=0.50
129220,Lịch thi đấu giải cầu lông Hàn Quốc hôm nay: Nguyễn Thùy Linh săn vé bán kết,Thể thao,Thể thao,Thể thao,True,0.9782051542683694,>=0.50
238569,"Cảnh báo mưa lớn, giông lốc chiều nay tại Hà Nội",Thời sự,Thời sự,Khoa học,False,0.08797052661127047,<0.10
19655,"Chen chân mua vật phẩm cúng ông Công, ông Táo",Kinh doanh,Kinh doanh,Kinh doanh,True,0.08421391757901153,<0.10
114426,Công ty Cổ phần dược phẩm SaVi (SaVipharm) - 2 lần đạt ‘Ngôi sao thuốc Việt’,Sức khỏe,Sức khỏe,Kinh doanh,False,0.05648491669544342,<0.10
86544,"Hương Baby: Tuấn Hưng ngoài xã hội ngang tàng, về nhà lại mẫu mực, tâm lý",Giải trí,Giải trí,Giải trí,True,1.3072055525782178,>=0.50
148148,VinFast VF 8 'mui trần' xuất hiện tại Việt Nam,Xe,Xe,Xe,True,0.4959138368977226,0.30–0.50
212905,"Yếu tố nguy cơ hàng đầu làm tăng nguy cơ mắc, tử vong do tim mạch",Sức khỏe,Sức khỏe,Sức khỏe,True,2.2281197498004497,>=0.50
187260,"DITA 155mm vũ khí ‘ma thuật, lật ngược’ chiến trường Ukraine với tốc độ ánh sáng",Khoa học công nghệ,Khoa học,Khoa học,True,0.4720236531906637,0.30–0.50
112902,"Giá vàng hôm nay 21.5.2023: Lạ lùng thế giới giảm 1 triệu, SJC tăng thêm 150.000 đồng",Kinh doanh,Kinh doanh,Kinh doanh,True,0.9496719598409231,>=0.50
194031,Tỷ USD bắt đáy ngày cổ phiếu các ông lớn đồng loạt giảm sâu,Kinh doanh,Kinh doanh,Kinh doanh,True,2.035834606626114,>=0.50
108738,Người Sài Gòn tiếp tục ‘hưởng’ không khí lạnh,Kinh doanh,Kinh doanh,Khoa học,False,0.1933607041806713,0.10–0.20
29822,"Nguy kịch, cẳng chân hoại tử vì dùng ong châm trị đau khớp gối",Sức khỏe,Sức khỏe,Sức khỏe,True,1.5027657903049545,>=0.50
169159,MC nổi tiếng tự sát sau khi thừa nhận quấy rối tình dục nhiều người,Giải trí,Giải trí,Giải trí,True,0.18706875359338482,0.10–0.20
60072,Nintendo nhờ luật pháp can thiệp để xóa sổ trình giả lập,Khoa học công nghệ,Khoa học,Khoa học,True,0.45207303810216104,0.30–0.50
247203,Cận cảnh vết nứt hở dài 4m tại chung cư ở TPHCM: Thêm 5 căn hộ bị ảnh hưởng,Thời sự,Thời sự,Kinh doanh,False,0.13391191265962754,0.10–0.20
114111,Giá USD hôm nay 9.8.2025: Ngân hàng tăng trở lại gần mức kỷ lục,Kinh doanh,Kinh doanh,Kinh doanh,True,1.4313172214728935,>=0.50
248594,Siêu xe McLaren giá hơn 150 tỷ của Minh Nhựa gắn biển số đấu giá 40 triệu,Xe,Xe,Xe,True,0.4532319433544806,0.30–0.50
44492,Đừng để cho vay nặng lãi được hợp pháp hóa,Thời sự,Thời sự,Kinh doanh,False,0.12824679246404191,0.10–0.20
255401,Ô tô bị ngập bùn đất có nguy hiểm như ngập nước hay không?,Xe,Xe,Xe,True,0.5007302217775531,>=0.50
91560,"Khoảnh khắc Mỹ Tâm diện áo dài trắng, hát ở đại lễ 2.9 gây sốt",Giải trí,Giải trí,Giải trí,True,1.0703088143769495,>=0.50
238539,"Dự báo thời tiết 3/4/2025: Miền Bắc rét cuối mùa, trưa hửng nắng",Thời sự,Thời sự,Xã hội,False,1.137350282314138,>=0.50
232403,"Arsenal tống khứ Thomas Partey, nhiều fan ngỡ ngàng",Thể thao,Thể thao,Thể thao,True,0.51109520594551,>=0.50
213803,Điểm yếu không ngờ của quân đội tiên tiến nhất thế giới,Thế giới,Thế giới,Thế giới,True,0.21833108966493164,0.20–0.30
193017,MC Quyền Linh hoá thân thành ông Bụt để giáo dục tài chính,Kinh doanh,Kinh doanh,Kinh doanh,True,0.3854108909602504,0.30–0.50
247417,Hội chợ Mùa Thu xuất hiện mẫu xe máy điện Việt,Xe,Xe,Xe,True,0.6661579498562764,>=0.50
207059,Tai nạn sinh hoạt khiến bé gái cấp cứu với vùng kín đau đớn,Sức khỏe,Sức khỏe,Sức khỏe,True,1.3646187143674877,>=0.50
117573,Choáng với số lượng bài nghiên cứu của tác giả Trung Quốc bị rút,Thế giới,Thế giới,Giáo dục,False,0.1432377107371725,0.10–0.20
249239,Nghệ An lọt vào top 3 địa phương mua nhiều ô tô nhất cả nước,Xe,Xe,Xe,True,0.08497989326215283,<0.10
35397,Triều Tiên trình làng vũ khí mới siêu mạnh,Thế giới,Thế giới,Thế giới,True,0.01080929166294825,<0.10
254715,Chuyên gia tiết lộ mẹo cực hay loại bỏ nấm mốc khỏi ô tô trong những ngày nồm ẩm,Xe,Xe,Xe,True,0.18447228934873716,0.10–0.20
203746,"Cựu phó phòng tài chính dùng thủ đoạn tẩy xóa tham ô 7,7 tỷ đồng",Pháp luật,Pháp luật,Pháp luật,True,0.023604907385011975,<0.10
28906,"Long Châu sẻ chia - Hành trình sức khỏe, vì một Việt Nam khỏe mạnh",Sức khỏe,Sức khỏe,Sức khỏe,True,0.3664935371302739,0.30–0.50
201274,Giá xăng trong nước ngày mai có khả năng tăng lần thứ 4 liên tiếp,Kinh doanh,Kinh doanh,Kinh doanh,True,1.4271970918923333,>=0.50
216064,Gia đình Thủ tướng Anh bị cảnh sát nhắc vì để thú cưng chạy loạn nơi công cộng,Thế giới,Thế giới,Pháp luật,False,0.2610316272117261,0.20–0.30
211478,Q&A: Cắn móng tay có tác hại gì? Làm sao để bỏ tật cắn móng tay?,Sức khỏe,Sức khỏe,Sức khỏe,True,0.2784646653879391,0.20–0.30
215359,"Lái tàu vắng mặt, đoàn tàu tự lao vun vút suốt 70km",Thế giới,Thế giới,Khoa học,False,0.40056809691979256,0.30–0.50
13990,Hương Giang: 13 năm chưa ai nhường cho tôi điều gì cả,Giải trí,Giải trí,Giải trí,True,0.3034027923477236,0.30–0.50
97689,"Trẻ chậm nói, khó khăn giao tiếp: Những điều phụ huynh cần làm",Giáo dục,Giáo dục,Đời sống,False,0.053865977702662715,<0.10
98783,Tổng lãnh sự Ấn Độ tại TP.HCM tặng sách cho học sinh Phú Yên,Giáo dục,Giáo dục,Giáo dục,True,1.3055190934736531,>=0.50
42225,Bác sĩ trẻ lan tỏa tình thương,Thời sự,Thời sự,Sức khỏe,False,1.4637547247940852,>=0.50
115593,Giải mã công nghệ lành thương - Những điều chưa kịp kể,Sức khỏe,Sức khỏe,Sức khỏe,True,0.5809419138358709,>=0.50
54139,Razer giới thiệu tay cầm chơi game mobile đỉnh cao Kishi Ultra,Khoa học công nghệ,Khoa học,Khoa học,True,0.9532323049291117,>=0.50
175092,"Phê bình bằng văn bản với thầy dạy Văn mắng học sinh 'đầu trâu, đầu chó'",Giáo dục,Giáo dục,Giáo dục,True,1.1813317393928946,>=0.50
55117,Những thủ thuật đơn giản với iPhone nhiều người nên biết,Khoa học công nghệ,Khoa học,Khoa học,True,0.8263127952047714,>=0.50
43521,Khi quán cầy tơ vắng dần - Kỳ 4: Chợ thịt chó Âm Phủ thành phố sách,Thời sự,Thời sự,Xã hội,False,0.12215442279555333,0.10–0.20
61601,Lý do nên chọn AirPods 3 thay vì chờ đợi AirPods 4,Khoa học công nghệ,Khoa học,Khoa học,True,0.0031474342469373084,<0.10
158226,Hari Won gây tranh cãi khi làm giám khảo cuộc thi nhảy,Giải trí,Giải trí,Giải trí,True,1.1182461798059462,>=0.50
204296,"Cho vay gần 7.000 tỷ với lãi 'cắt cổ', ông trùm và 34 bị cáo vào tù",Pháp luật,Pháp luật,Kinh doanh,False,0.7101112763020889,>=0.50
184406,Hạ Long tăng cường chuyển đổi số trong giải quyết TTHC,Khoa học công nghệ,Khoa học,Kinh doanh,False,0.5666001159894926,>=0.50
144027,"Mitsubishi Xforce chính thức trình làng, sớm về Việt Nam",Xe,Xe,Xe,True,0.5029137651775144,>=0.50
195847,Nghị quyết 68 và bài toán để 'sếu đầu đàn' cất cánh,Kinh doanh,Kinh doanh,Kinh doanh,True,1.7330826578971066,>=0.50
81507,NSND Trung Anh: Từ ‘ông bố quốc dân’ đến vai diễn ám ảnh trong phim mới,Giải trí,Giải trí,Giải trí,True,1.9615599269025945,>=0.50
250475,"Tên trộm phụ tùng ô tô chưa kịp lên xe tẩu thoát, đã bị đồng bọn bỏ rơi",Xe,Xe,Pháp luật,False,0.2883335329048248,0.20–0.30
133061,"Đời chợ ở TP.HCM: Chợ xưa chưa xa, người xưa còn đó",Thời sự,Thời sự,Đời sống,False,0.4031945343059925,0.30–0.50
133219,Xây nhà máy điện hạt nhân Ninh Thuận trong 5 năm,Thời sự,Thời sự,Kinh doanh,False,0.028655493099018547,<0.10
261122,"Người phụ nữ ở Hà Nội gói kim cương trong bọc giấy, chồng tưởng rác mang đi vứt",Đời sống,Đời sống,Đời sống,True,0.006263283250653173,<0.10
139593,"Xuất hiện vết nứt trên đồi, di dời khẩn cấp 13 hộ dân",Thời sự,Thời sự,Thời sự,True,0.027889756306891667,<0.10
169354,Ca sĩ Văn Mai Hương khóc giữa họp báo,Giải trí,Giải trí,Giải trí,True,1.1017493032579762,>=0.50
251374,"Nhầm chân ga, nữ học viên lái xe Mercedes lao xuống kênh nước",Xe,Xe,Xe,True,0.36315848727991074,0.30–0.50
73623,Người dân về quê nghỉ tết qua Bến xe Miền Tây TP.HCM đông nhất ngày nào?,Đời sống,Đời sống,Xe,False,0.010851973644019797,<0.10
56460,Blizzard sắp mở thêm một đợt chơi thử khác cho Diablo IV,Khoa học công nghệ,Khoa học,Khoa học,True,0.10788803922125378,0.10–0.20
56470,Minh Tuấn Mobile mở cửa hàng trải nghiệm loa cao cấp,Khoa học công nghệ,Khoa học,Kinh doanh,False,0.08205746876585451,<0.10
234835,Acecook Việt Nam và hành trình đồng hành cùng bóng đá Việt,Thể thao,Thể thao,Thể thao,True,1.349073157408409,>=0.50
198402,Sabeco và hành trình đầy ấn tượng ‘150 năm di sản vươn cao’,Kinh doanh,Kinh doanh,Kinh doanh,True,0.38544644578387544,0.30–0.50
26484,Di chúc do ai xác nhận mới đủ cơ sở pháp lý?,Pháp luật,Pháp luật,Pháp luật,True,0.912017921503697,>=0.50
204371,Lời tạ lỗi của các bị cáo vụ cháy chung cư mini làm 56 người chết,Pháp luật,Pháp luật,Pháp luật,True,0.2610445265055352,0.20–0.30
109641,Đợt mưa lớn ở Bắc và Trung bộ khi nào kết thúc?,Kinh doanh,Kinh doanh,Khoa học,False,0.1857996041368996,0.10–0.20
33462,Nhà sư Thái Lan bị bắt với cáo buộc biển thủ tiền quyên góp,Thế giới,Thế giới,Pháp luật,False,0.8742418859604936,>=0.50
252690,"Top 10 xe bán chạy nhất thị trường Trung Quốc, BYD Dolphin vượt Wuling HongGuang",Xe,Xe,Xe,True,0.6071137753316092,>=0.50
64515,CEO Huawei mạnh miệng ca ngợi chip Kirin X90 5nm,Khoa học công nghệ,Khoa học,Khoa học,True,0.5736132860961436,>=0.50
40075,Bóng chuyền nữ Việt Nam: Cần mục tiêu cao hơn,Thể thao,Thể thao,Thể thao,True,0.9594487271827734,>=0.50
59627,Fanpage giả mạo có tích xanh hoành hành trên Facebook,Khoa học công nghệ,Khoa học,Pháp luật,False,0.29199219264924137,0.20–0.30
200367,"Phát hiện kho hàng gần 6.000 đôi giày nghi giả nhãn hiệu Nike, Adidas ở Phú Thọ",Kinh doanh,Kinh doanh,Thời sự,False,0.0030711714874375184,<0.10
65855,"Mâm cúng ông Công ông Táo trang trọng, chỉn chu khiến dân mạng xuýt xoa",Đời sống,Đời sống,Đời sống,True,0.06937082550732682,<0.10
217465,Video tiêm kích Ukraine phóng bom dẫn đường tập kích mục tiêu Nga,Thế giới,Thế giới,Thế giới,True,0.09149556847268686,<0.10
62859,Những smartphone tầm trung đáng mua dịp cuối năm,Khoa học công nghệ,Khoa học,Khoa học,True,1.1917205976432217,>=0.50
25204,Sở Giao thông vận tải TP.HCM: ‘Thu phí ở BOT Phú Hữu còn bất cập’,Kinh doanh,Kinh doanh,Kinh doanh,True,0.1622607732641687,0.10–0.20
203729,Vì sao chưa thể tuyên án cựu Chủ tịch Vimedimex?,Pháp luật,Pháp luật,Pháp luật,True,0.35259108871444944,0.30–0.50
53587,Thay đổi trên iPhone 15 sẽ khiến người dùng tốn kém thêm,Khoa học công nghệ,Khoa học,Khoa học,True,0.7839300174030048,>=0.50
248632,Bạn có thể nhận ra bao nhiêu lỗi của ô tô qua các dấu hiệu dưới đây?,Xe,Xe,Khoa học,False,0.1692106495960557,0.10–0.20
231214,Trọng tài VAR cho PSG quả 11m bị đình chỉ nhiệm vụ ở Cúp C1,Thể thao,Thể thao,Thể thao,True,0.9478225637795484,>=0.50
264562,Chồng thản nhiên ngoại tình trên ô tô mua bằng tiền mượn bố mẹ vợ,Đời sống,Đời sống,Đời sống,True,0.37761414002151267,0.30–0.50
207982,Cấp cứu trong tình trạng đau đớn sau khi ngâm chân làm ấm cơ thể,Sức khỏe,Sức khỏe,Sức khỏe,True,1.66414814581989,>=0.50
10002,Bộ anime làm thay đổi hoạt hình Nhật Bản,Giải trí,Giải trí,Giải trí,True,0.9100514482807711,>=0.50
241895,"Bão số 2 gây sạt lở 769 vị trí, tắc đường 3 điểm",Thời sự,Thời sự,Kinh doanh,False,0.053481693882758696,<0.10
15124,Nghệ sĩ Mỹ chia tay TikTok; Solo Leveling giúp quảng bá đảo Jeju,Giải trí,Giải trí,Giải trí,True,1.0841649859116036,>=0.50
216579,Vũ khí giá rẻ thay thế súng máy phòng không Ukraine đối phó UAV Nga,Thế giới,Thế giới,Thế giới,True,0.21639442458796232,0.20–0.30
230706,Kết quả bóng đá Al Nassr 1-3 Al Raed - Saudi Pro League 2023/24,Thể thao,Thể thao,Thể thao,True,0.6789015040033042,>=0.50
239858,Đôi nam nữ thương vong dưới gầm xe tải ở Mộc Châu,Thời sự,Thời sự,Thời sự,True,0.7041815215161445,>=0.50
203656,"CSGT bắt 'nóng' băng cướp có súng, chém người lấy tài sản",Pháp luật,Pháp luật,Pháp luật,True,0.9271395349060905,>=0.50
99486,"12 năm học tiếng Pháp, rẽ lối làm giáo viên mầm non",Giáo dục,Giáo dục,Giáo dục,True,0.8564066826007122,>=0.50
51210,"Bắt gặp VinFast Herio Green trên phố: Giống VF 5, chỉ khác vài chi tiết, dự kiến sớm ra mắt",Xe,Xe,Xe,True,0.06011919145793165,<0.10
205197,Xuất hiện nhiều loại ký sinh trùng chưa từng có ở Việt Nam,Sức khỏe,Sức khỏe,Sức khỏe,True,0.7455299166530136,>=0.50
203517,Biểu hiện lạ của kẻ cướp ô tô rồi 'phóng như bay' từ Cần Thơ đến Tiền Giang,Pháp luật,Pháp luật,Pháp luật,True,0.3918783323607755,0.30–0.50
159704,Lộ danh tính MC Huw Edwards trong vụ mua ảnh nóng của trẻ vị thành niên,Giải trí,Giải trí,Pháp luật,False,0.22873199024563973,0.20–0.30
116211,Routine chăm sóc da mụn nhất định Gen Z thời nay phải biết,Sức khỏe,Sức khỏe,Sức khỏe,True,0.7976231517064926,>=0.50
139879,Đồng Tháp: Cháy hộp đèn giữa vòng xoay giao thông khiến nhiều người 'hú vía',Thời sự,Thời sự,Thời sự,True,1.342873830955463,>=0.50
82927,"Vượt mốc 150 tỉ, 'Mang mẹ đi bỏ' chính thức xuất ngoại",Giải trí,Giải trí,Giải trí,True,1.4756057384617445,>=0.50
82376,Cao Minh Đạt tiết lộ về vai diễn 'độc lạ' trên sóng giờ vàng,Giải trí,Giải trí,Giải trí,True,0.9841186320220682,>=0.50
106012,"Tăng mức xử phạt với công ty kiểm toán lên 2 tỉ đồng, cao gấp 20 lần",Kinh doanh,Kinh doanh,Pháp luật,False,0.33210306277333523,0.30–0.50
62259,Tỉ phú Bill Gates khiến Microsoft 'bốc hơi' 400 tỉ USD,Khoa học công nghệ,Khoa học,Kinh doanh,False,0.5097825474559132,>=0.50
135039,"Bão Kalmaegi: Công an Đà Nẵng giúp sơ tán dân, chốt chặn bán đảo Sơn Trà",Thời sự,Thời sự,Thời sự,True,0.35150820916989767,0.30–0.50
97784,Thực hư thầy giáo đánh học sinh ở Đắk Lắk đến chảy máu mũi,Giáo dục,Giáo dục,Giáo dục,True,0.8999391748826876,>=0.50
84862,Đình Toàn tiết lộ lý do vẫn nhận show ngày tết,Giải trí,Giải trí,Giải trí,True,1.0429955637511443,>=0.50
25627,"Giá vàng giảm nhanh trong vài phút, còn 81 triệu đồng/lượng",Kinh doanh,Kinh doanh,Kinh doanh,True,0.9739985973506018,>=0.50
264160,Cô gái tiết kiệm theo cách độc lạ: Bỏ tiền vào lọ khi bị gọi nhầm tên,Đời sống,Đời sống,Đời sống,True,0.1384944591217423,0.10–0.20
186554,Tạo không gian cho đội ngũ nhân sự an toàn thông tin phát triển năng lực,Khoa học công nghệ,Khoa học,Giáo dục,False,0.056896399930067565,<0.10
242960,Công an tìm nạn nhân trong vụ nam thanh niên đi mô tô gây tai nạn rồi bỏ chạy,Thời sự,Thời sự,Pháp luật,False,0.16354405348985673,0.10–0.20
204198,Hai cựu chủ tịch công ty mang đất đã bán cho dân đi cầm cố và cấn trừ nợ,Pháp luật,Pháp luật,Pháp luật,True,0.06202531050526461,<0.10
239368,"Nam thanh niên liên tục la hét, chặn ô tô trên đường ở Hà Nội",Thời sự,Thời sự,Pháp luật,False,0.3283000770660729,0.30–0.50
88232,Angelina Jolie hẹn hò bạn trai trẻ hơn 9 tuổi,Giải trí,Giải trí,Giải trí,True,1.1201797213504525,>=0.50
204643,"Người đàn ông vay 16,2 tỷ đồng chỉ thực nhận 7,3 tỷ, chịu lãi tới 1.500%/năm",Pháp luật,Pháp luật,Kinh doanh,False,0.1038815685681243,0.10–0.20
192008,"Ngân hàng rao bán biệt thự xây thô kèm cây sung, đu đủ... ở Hà Nội giá hơn 99 tỷ",Kinh doanh,Kinh doanh,Kinh doanh,True,0.8439935920928122,>=0.50
73475,Ước mơ dang dở của 2 chiến sĩ PCCC trẻ hy sinh trên đường làm nhiệm vụ,Đời sống,Đời sống,Thời sự,False,0.014059993496378709,<0.10
262290,Cô gái ở TPHCM 3 năm liền đóng viện phí cho người lạ gây sốt mạng xã hội,Đời sống,Đời sống,Sức khỏe,False,0.2619407791828751,0.20–0.30
80175,Tom Cruise khiến người hâm mộ 'thót tim' trong trailer 'Mission: Impossible 8',Giải trí,Giải trí,Giải trí,True,0.8376627414693819,>=0.50
33377,"Bị cấm tại quê nhà, nghệ sĩ xăm hình Hàn Quốc gây dựng tên tuổi ở nước ngoài",Thế giới,Thế giới,Giải trí,False,0.4085879222607771,0.30–0.50
262996,"Chàng trai Việt sang Bắc Âu nuôi lợn, cưa củi, kiếm 70 triệu đồng mỗi tháng",Đời sống,Đời sống,Đời sống,True,0.1585831133279142,0.10–0.20
249224,Đại gia An Giang sở hữu G 63 mạ vàng mua cùng lúc 3 siêu xe trị giá hơn 30 tỷ,Xe,Xe,Xe,True,0.3103310220805294,0.30–0.50
17365,ASUS ra mắt laptop AI 16 inch mỏng nhẹ trang bị chip AMD,Khoa học công nghệ,Khoa học,Khoa học,True,0.9016260194225098,>=0.50
72558,Mùa xuân mới của chàng ca sĩ 25 tuổi không thể cầm micro,Đời sống,Đời sống,Giải trí,False,0.7934253540621351,>=0.50
69776,Tử vi hằng ngày - Xem tử vi vui 12 con giáp ngày 27.5.2023,Đời sống,Đời sống,Đời sống,True,0.26834057353794766,0.20–0.30
199249,Petrovietnam tổ chức thành công Đại hội đại biểu Đảng bộ Tập đoàn,Kinh doanh,Kinh doanh,Kinh doanh,True,0.9820771637736257,>=0.50
174898,Sở GD-ĐT thanh tra các khoản thu và quỹ phụ huynh các trường học từ hôm nay,Giáo dục,Giáo dục,Giáo dục,True,1.2628320155179005,>=0.50
241092,Bộ trưởng Trần Hồng Minh phát lệnh khởi công xây dựng cầu Phong Châu mới,Thời sự,Thời sự,Kinh doanh,False,0.014216844106430981,<0.10
163823,Cảnh sắc và con người Tây Bắc trong tranh Bùi Văn Tuất,Giải trí,Giải trí,Giải trí,True,0.08756504254169878,<0.10
262713,Cô gái 38 tuổi hẹn hò 1.000 lần vẫn chưa tìm được 'ý trung nhân',Đời sống,Đời sống,Giải trí,False,0.3742851407405024,0.30–0.50
110007,Lãi suất tiết kiệm tăng,Kinh doanh,Kinh doanh,Kinh doanh,True,2.063340108263719,>=0.50
183804,Ứng dụng công nghệ thông tin phát huy hiệu quả công tác hội,Khoa học công nghệ,Khoa học,Đời sống,False,0.018851339818119595,<0.10
158678,Gặp em ngày nắng tập 8: Huy nói hết sự thật về Phương với bà nội,Giải trí,Giải trí,Đời sống,False,0.5274358359470811,>=0.50
38238,Vịnh Xuân quyền có thắng nổi ai trên võ đài chuyên nghiệp?,Thể thao,Thể thao,Thể thao,True,1.0190736472758841,>=0.50
128573,Trần Quyết Chiến không còn 'đơn độc',Thể thao,Thể thao,Thể thao,True,1.0326655245366108,>=0.50
73974,Bỗng dưng nổi tiếng vì... mang cơm đi làm,Đời sống,Đời sống,Đời sống,True,0.10339550858975222,0.10–0.20
139346,Tìm thấy thi thể 5 nạn nhân vụ sạt lở công trình thủy điện ở Lai Châu,Thời sự,Thời sự,Pháp luật,False,0.14493893630996701,0.10–0.20
203764,Bắt tạm giam 7 đối tượng vụ thiếu nữ 15 tuổi bị nhiều người xâm hại,Pháp luật,Pháp luật,Pháp luật,True,0.9200024124644923,>=0.50
5718,Hướng dẫn đăng ký nguyện vọng xét tuyển đại học năm 2023,Giáo dục,Giáo dục,Giáo dục,True,1.465096915985929,>=0.50
37604,Đã có bao nhiêu đội giành vé dự World Cup 2026?,Thể thao,Thể thao,Thể thao,True,0.8179443525434954,>=0.50
44341,Sổ hồng đứng tên kiều bào,Thời sự,Thời sự,Đời sống,False,0.06667930322764082,<0.10
146003,"Ô tô gầm cao cỡ nhỏ, giá dưới 600 triệu tại Việt Nam ngày càng cạnh tranh",Xe,Xe,Kinh doanh,False,0.02218215450684191,<0.10
172859,Giảng viên bị đình chỉ vì nộp chứng chỉ kinh nghiệm giả để trúng tuyển,Giáo dục,Giáo dục,Giáo dục,True,1.1037721804719713,>=0.50
81038,Ngọc Lan gặp khó khăn khi đóng cảnh đối đầu Hồng Ánh,Giải trí,Giải trí,Giải trí,True,1.066283838151549,>=0.50
4285,"Điểm chuẩn Trường đại học Kinh tế quốc dân phương thức xét tuyển kết hợp: cao nhất 27,92 điểm",Giáo dục,Giáo dục,Giáo dục,True,1.7985618989845542,>=0.50
209056,"Cán bộ, nhân viên y tế được truyền thông phòng chống tác hại thuốc lá",Sức khỏe,Sức khỏe,Sức khỏe,True,0.910531859963599,>=0.50
248170,Soi xế cổ Mercedes SL 73 AMG hàng hiếm 30 năm tuổi đội giá lên đến 15 tỷ đồng,Xe,Xe,Xe,True,0.24453102235548752,0.20–0.30
118278,Sẽ có hàng ngàn ‘thành phố ma’ ở Mỹ vì thiếu người ở,Thế giới,Thế giới,Khoa học,False,0.32719000813774013,0.30–0.50
137938,"Cận cảnh hiện tượng lạ ở Phú Yên: Bùn phun trào, nhiều vết nứt rộng",Thời sự,Thời sự,Khoa học,False,0.08418082508305536,<0.10
47822,"Xe máy Honda hàng về nhỏ giọt, 'loạn' giá",Xe,Xe,Kinh doanh,False,0.2824011048286911,0.20–0.30
235083,Bảng tổng sắp huy chương SEA Games 33 hôm nay 11/12,Thể thao,Thể thao,Thể thao,True,0.09342593827800671,<0.10
52268,"Xe Trung Quốc sao chép Lexus LM, đấu Toyota Alphard bằng giá rẻ",Xe,Xe,Xe,True,0.2667376264937912,0.20–0.30
206246,Cấp cứu người đàn ông bị rắn lục đuôi đỏ vào nhà tấn công,Sức khỏe,Sức khỏe,Sức khỏe,True,1.0121168208886542,>=0.50
26522,"Xe cầm đồ bị cửa hàng tự ý thanh lý, phải làm sao?",Pháp luật,Pháp luật,Pháp luật,True,0.12578025241694912,0.10–0.20
203615,"Nhận hối lộ, cựu giám đốc Trung tâm đăng kiểm 60-04D lãnh 7 năm tù",Pháp luật,Pháp luật,Pháp luật,True,1.0269082300016936,>=0.50
73469,Sân bay Tân Sơn Nhất vắng vẻ vì ảnh hưởng từ bão Yagi,Đời sống,Đời sống,Kinh doanh,False,0.10033598070882405,0.10–0.20
72105,Hàng trăm ha trồng lúa ngập trong 'biển nước' vì mưa trái mùa chưa từng có,Đời sống,Đời sống,Khoa học,False,0.06132312294047715,<0.10
184831,Quy định mới giúp thúc đẩy phát triển hạ tầng trung tâm dữ liệu quốc gia,Khoa học công nghệ,Khoa học,Khoa học,True,0.6097896780245555,>=0.50
223600,Tuyển Việt Nam hóa giải bất lợi ở trận gặp Philippines,Thể thao,Thể thao,Thể thao,True,1.4643347605832597,>=0.50
101235,Xác minh vụ học sinh 'tự nguyện' nghỉ học: Hiệu trưởng nói 'có thi cũng không đậu',Giáo dục,Giáo dục,Giáo dục,True,2.687395990288862,>=0.50
26003,"Không tham gia BHYT, bị tai nạn lao động có được thanh toán y tế?",Pháp luật,Pháp luật,Công đoàn,False,0.5684798918752738,>=0.50
8945,"Đạo diễn Rob Reiner và vợ chết bất thường, cảnh sát nghi là án mạng",Giải trí,Giải trí,Giải trí,True,0.5304370921145428,>=0.50
104463,Bên trong hầm đường sắt dài 355m vừa được thông ở khu vực đèo Khe Nét,Kinh doanh,Kinh doanh,Khoa học,False,0.027758324748156538,<0.10
31080,"Chế độ ăn keto có thể giúp giảm cân, nhưng không hẳn tốt cho tim mạch và đường ruột",Sức khỏe,Sức khỏe,Sức khỏe,True,1.2692465862999285,>=0.50
82583,Những diễn viên phụ gây chú ý trong ‘Cô gái mang mặt nạ’,Giải trí,Giải trí,Giải trí,True,2.0201365382113834,>=0.50
242083,"Đưa xe hợp đồng vào bến như tuyến cố định, mất sự tiện lợi đưa đón tận nơi?",Thời sự,Thời sự,Kinh doanh,False,0.08180608677043422,<0.10
265396,"Nhìn vợ chồng tôi đùa giỡn, em dâu thốt lên một câu đau lòng",Đời sống,Đời sống,Đời sống,True,0.29980210642514954,0.20–0.30
71806,Người dân TP.HCM thả cá chép ngày cúng ông Táo 23 tháng chạp,Đời sống,Đời sống,Đời sống,True,0.07274475017986115,<0.10
72505,"'Đệ nhất cao thủ' đánh bóng lư đồng ở TP.HCM làm không nghỉ, kiếm tiền triệu ăn tết",Đời sống,Đời sống,Đời sống,True,0.16383455869900532,0.10–0.20
133795,"CSGT dẫn đường, vượt trên 100 km, đưa bé gái bị rắn lục cắn đi cấp cứu",Thời sự,Thời sự,Sức khỏe,False,0.47614328040942294,0.30–0.50
67122,Sông Sài Gòn lung linh hoa đăng lễ cầu quốc thái dân an,Đời sống,Đời sống,Pháp luật,False,0.08236751274448373,<0.10
249518,10 mẫu siêu xe có giá bán đắt nhất thế giới,Xe,Xe,Xe,True,0.2728669259035994,0.20–0.30
203296,"Lật tẩy đường dây sản xuất, buôn bán gas giả quy mô lớn tại TPHCM",Pháp luật,Pháp luật,Pháp luật,True,0.9164218921633327,>=0.50
156677,"Phim Mưa đỏ cán mốc 700 tỷ, bất ngờ rời rạp từ 29/9",Giải trí,Giải trí,Giải trí,True,0.7855310939469881,>=0.50
101214,Sinh viên trường nào được nghỉ tới 8 ngày trong dịp lễ 30.4 và 1.5?,Giáo dục,Giáo dục,Giáo dục,True,1.4430826349704347,>=0.50
218335,NATO tổ chức đợt tập trận không quân lớn nhất trong lịch sử,Thế giới,Thế giới,Thế giới,True,0.6258007142966346,>=0.50
208075,Đại học Oxford ký hợp tác với Viện Nghiên cứu Tâm Anh,Sức khỏe,Sức khỏe,Khoa học,False,0.26165806969469513,0.20–0.30
204048,"Ô tô tông trúng người chạy bộ dưới lòng đường, tài xế có phải đền bù?",Pháp luật,Pháp luật,Pháp luật,True,0.001177664727251726,<0.10
198221,Nâng cao trải nghiệm người mua thông qua việc khai thác các công cụ sàn cung cấp,Kinh doanh,Kinh doanh,Kinh doanh,True,0.9466503969283322,>=0.50
5872,Phó giáo sư 44 tuổi làm phó giám đốc Đại học Quốc gia Hà Nội,Giáo dục,Giáo dục,Giáo dục,True,0.723128188777474,>=0.50
165282,"Người đẹp Thái Lan đăng quang Miss World 2025, Ý Nhi dừng chân top 40",Giải trí,Giải trí,Giải trí,True,0.3469508264007102,0.30–0.50
101949,Mẹ và con cùng thi tốt nghiệp THPT tại một điểm trường,Giáo dục,Giáo dục,Giáo dục,True,0.7315601098327403,>=0.50
18011,Hệ thống bán lẻ SATRA tung 'đại tiệc khuyến mãi' mừng Quốc khánh 2-9,Kinh doanh,Kinh doanh,Kinh doanh,True,1.1782862813261952,>=0.50
8702,Avin Lu song ca nhạc Trịnh cùng nghệ sĩ Canada Yama Laurent,Giải trí,Giải trí,Giải trí,True,1.9568877150619484,>=0.50
215604,Video chủ nhà hàng ven biển thuê hơn chục xe tải chắn gió bão Saola,Thế giới,Thế giới,Đời sống,False,0.26819871366339126,0.20–0.30
209584,Q&A: Bệnh nhân ung thư có nên kiêng ăn đường hay không?,Sức khỏe,Sức khỏe,Sức khỏe,True,1.7822218777070165,>=0.50
73762,Mãn nhãn những tư thế yoga khó của cậu bé 8 tuổi,Đời sống,Đời sống,Sức khỏe,False,0.12197849245436698,0.10–0.20
203313,Nam thanh niên bị đâm chết ngay tại đám cưới ở Cần Thơ,Pháp luật,Pháp luật,Pháp luật,True,0.8171540824059175,>=0.50
203031,Tỷ phú Nguyễn Thị Phương Thảo nhận lương hơn 240 triệu đồng/tháng dù Vietjet lỗ,Kinh doanh,Kinh doanh,Kinh doanh,True,1.0827026478738309,>=0.50
262227,"Bạn muốn hẹn hò tập 1142: Đàng trai bị từ chối, khán giả bất ngờ lên bấm nút",Đời sống,Đời sống,Giải trí,False,0.6414251601928589,>=0.50
181710,CMC Telecom - doanh nghiệp đầu tiên tại Việt Nam đạt MEF SASE SD-WAN 3.0,Khoa học công nghệ,Khoa học,Kinh doanh,False,0.7428530698092237,>=0.50
199843,Hà Nội có thêm tuyến xe buýt điện số 34,Kinh doanh,Kinh doanh,Kinh doanh,True,0.02968954551198766,<0.10
3902,Đại học Quốc gia TP.HCM chính thức dừng tuyển sinh chương trình chất lượng cao,Giáo dục,Giáo dục,Giáo dục,True,2.5597231271944123,>=0.50
224181,Tuyển nữ Việt Nam chưa nhận được thưởng nóng World Cup,Thể thao,Thể thao,Thể thao,True,0.6632369785701718,>=0.50
70255,Bật khóc tìm ông ngoại ở rốn lũ Đắk Lắk: Khoảnh khắc đoàn tụ như phép màu,Đời sống,Đời sống,Đời sống,True,0.30431239748550865,0.30–0.50
55547,Vì sao Apple tổ chức sự kiện ra mắt iPhone 16 sớm hơn thường lệ,Khoa học công nghệ,Khoa học,Kinh doanh,False,0.030898894175350633,<0.10
209868,Kiến thức chăm sóc trẻ dưới 5 tuổi khu vực khó khăn còn hạn chế,Sức khỏe,Sức khỏe,Sức khỏe,True,0.6324037980710157,>=0.50
69744,Tử vi hằng ngày - Xem tử vi vui 12 con giáp ngày 18.9.2024,Đời sống,Đời sống,Đời sống,True,0.0005708201676944968,<0.10
253098,Xe đô thị hạng A dưới 500 triệu: Toyota Wigo bám sát Hyundai Grand i10,Xe,Xe,Xe,True,0.11665554508658649,0.10–0.20
265356,"Bố mẹ chồng bí mật họp chia đất 10 tỷ đồng, con dâu bị coi như người ngoài",Đời sống,Đời sống,Đời sống,True,0.6166213878656691,>=0.50
19031,Giá rau xanh mùng 2 Tết ở Hà Nội tăng gấp 2 - 3 so với ngày thường,Kinh doanh,Kinh doanh,Kinh doanh,True,0.6138025835884218,>=0.50
131932,Bệnh viện Chợ Rẫy nói gì xe cứu thương tông xe đầu kéo trạm dừng cao tốc?,Thời sự,Thời sự,Sức khỏe,False,0.18817328234679948,0.10–0.20
63711,Apple chuyển sang USB-C trên iPhone 15 gây ra nhiều rắc rối,Khoa học công nghệ,Khoa học,Khoa học,True,1.1519064892165376,>=0.50
259840,"Chồng qua đời, vợ và con trai đưa nhau ra toà tranh tài sản",Đời sống,Đời sống,Đời sống,True,0.015602486084860145,<0.10
103090,"Không có cơ sở quy đổi điểm, trường ĐH bỏ xét điểm thi năng lực 5 ngành",Giáo dục,Giáo dục,Giáo dục,True,1.3989941413127809,>=0.50
70420,Chàng trai ở TP.HCM biệt tích nhiều ngày nay: Cha mẹ đổ bệnh mong tin con,Đời sống,Đời sống,Đời sống,True,0.18400138268931182,0.10–0.20
29295,Điều trị lão thị: Chương trình đào tạo từ chuyên gia khúc xạ,Sức khỏe,Sức khỏe,Sức khỏe,True,1.5606354226333057,>=0.50
48123,Tin tức giá xe: Haval H6 giảm gần 200 triệu ở đại lý,Xe,Xe,Xe,True,0.03906708316884294,<0.10
62610,iPhone 14 series thống lĩnh kệ hàng nửa đầu năm 2023,Khoa học công nghệ,Khoa học,Kinh doanh,False,1.6944921928847334,>=0.50
264176,Cách người trẻ thay đổi cuộc sống để đạt điều mình muốn,Đời sống,Đời sống,Đời sống,True,0.2985525610104177,0.20–0.30
229943,Link xem trực tiếp Ukraine vs Bỉ - Bảng E EURO 2024,Thể thao,Thể thao,Thể thao,True,1.3645612704288677,>=0.50
27356,"Bị đánh gãy 2 tay, suốt phiên tòa shipper vẫn xin giảm án cho bị cáo",Pháp luật,Pháp luật,Pháp luật,True,0.8193002142638183,>=0.50
202786,Giám đốc đầu tư VinaCapital Andy Ho đột ngột qua đời,Kinh doanh,Kinh doanh,Kinh doanh,True,1.4452218825773806,>=0.50
52541,"Tân Quốc vương Malaysia là tỉ phú chơi xe nổi tiếng, bộ sưu tập xe nhiều chiếc cực độc",Xe,Xe,Xe,True,0.5658868140915356,>=0.50
26294,Chưa trả hết số tiền vay hộ nghèo thì có được vay tiếp để giải quyết việc làm không?,Pháp luật,Pháp luật,Kinh doanh,False,0.25587829109071114,0.20–0.30
7874,"Huyền thoại R&B Ne-Yo, người sắp đến Việt Nam biểu diễn là ai?",Giải trí,Giải trí,Giải trí,True,1.47023041988062,>=0.50
217527,Quân Nga thiêu cháy pháo tự hành ‘con cua’ Ukraine tại Chasiv Yar,Thế giới,Thế giới,Thời sự,False,0.22831792114893074,0.20–0.30
31132,"Mai mực hot trend trên mạng xã hội, có thực sự chữa đau dạ dày?",Sức khỏe,Sức khỏe,Sức khỏe,True,1.1692054597659842,>=0.50
145582,5 lý do nên biết lái ô tô số sàn,Xe,Xe,Xe,True,0.4574584351510381,0.30–0.50
147143,"Thi bằng lái B2 bị trượt phần thực hành, được thi lại bao nhiêu lần?",Xe,Xe,Pháp luật,False,0.13188213924569092,0.10–0.20
204190,"Nối lại tình cảm không được, vác dao chém người tình đồng tính tới tấp",Pháp luật,Pháp luật,Pháp luật,True,0.5079081677433118,>=0.50
142839,"Nguy cơ bão chồng bão trên Biển Đông, Bộ Quốc phòng chỉ đạo ứng phó cao nhất",Thời sự,Thời sự,Khoa học,False,0.04477861706101238,<0.10
168726,Miss Grand Vietnam 2023 thi trang phục dân tộc: Quá nhiều mẫu cồng kềnh,Giải trí,Giải trí,Giải trí,True,0.08584318827916088,<0.10
115267,Không để viêm màng não do não mô cầu bùng phát như tay chân miệng,Sức khỏe,Sức khỏe,Sức khỏe,True,1.3766547507436155,>=0.50
64593,"VTV 'mất kênh' trên nền tảng OTT, khán giả chịu thiệt",Khoa học công nghệ,Khoa học,Kinh doanh,False,0.13188531835868056,0.10–0.20
177603,Bộ GD-ĐT chuẩn bị lọc ảo 6 lần để xét tuyển đại học năm 2025,Giáo dục,Giáo dục,Giáo dục,True,1.322167323955602,>=0.50
204399,Đối tượng đánh tới tấp cô gái ở TPHCM: ‘Bị cáo áp lực vì ly hôn’,Pháp luật,Pháp luật,Pháp luật,True,0.5807353917305829,>=0.50
40725,Chính thức khởi tranh Giải pickleball PWR Thủ Đức HTV DJOY mở rộng - Cúp WARRIOR,Thể thao,Thể thao,Thể thao,True,0.5141891072659557,>=0.50
237281,"Núi nứt toác nguy hiểm trước bão số 12, sơ tán khẩn cấp 216 người",Thời sự,Thời sự,Thời sự,True,0.10946283730631268,0.10–0.20
193444,Lãi suất ngân hàng hôm nay 26/2/2024: Kỳ hạn 12 tháng ngân hàng nào cao nhất?,Kinh doanh,Kinh doanh,Kinh doanh,True,1.4691441137220407,>=0.50
186160,"Người dân không thể quay số khẩn cấp, nhà mạng Mỹ bị phạt gần 1 triệu USD",Khoa học công nghệ,Khoa học,Khoa học,True,0.1905741271579502,0.10–0.20
254146,"Đấu giá biển số chiều 21/12: Biển Hà Nội tiếp tục trúng giá cao nhất 1,41 tỷ",Xe,Xe,Kinh doanh,False,0.12408883206512167,0.10–0.20
67177,"CSGT TP.HCM lưu ý: Từ 6.12, điều chỉnh tổ chức giao thông cầu Tân Thuận 1",Đời sống,Đời sống,Xe,False,0.23144637512380117,0.20–0.30
199432,"Lợi dụng “điều chỉnh địa giới”, chiêu lừa mới khiến nhiều người mất tiền oan",Kinh doanh,Kinh doanh,Kinh doanh,True,0.3226256087011531,0.30–0.50
49243,"Xe Toyota bất ngờ bốc cháy, hãng từ chối bảo hành, chủ xe bức xúc cho rằng lý do không thỏa đáng",Xe,Xe,Xe,True,0.40787072600187574,0.30–0.50
72252,Chàng trai Việt giành giải thưởng cuộc thi ảnh quốc tế nhờ tài 'săn' cừu,Đời sống,Đời sống,Đời sống,True,0.265826562935673,0.20–0.30
212505,Bèo tây Việt Nam chỉ dành cho gia súc là rau quý ở nhiều quốc gia,Sức khỏe,Sức khỏe,Khoa học,False,0.15568984109611023,0.10–0.20
169110,Phương Mỹ Chi đoán được đề thi Ngữ văn tốt nghiệp THPT?,Giải trí,Giải trí,Giải trí,True,0.2737468581032255,0.20–0.30
212309,Công nghệ góp phần bảo vệ hệ hô hấp trong thời tiết giao mùa,Sức khỏe,Sức khỏe,Sức khỏe,True,0.1193243249519721,0.10–0.20
145484,"Crossover cỡ trung: Liên tục giảm giá, Ford Territory vẫn 'bất lực' bám đuổi Mazda CX-5",Xe,Xe,Xe,True,0.5366280502438799,>=0.50
41736,"Lịch trực tiếp Euro 2024 ngày 25-6: Pháp, Hà Lan, Anh thi đấu",Thể thao,Thể thao,Thể thao,True,0.8609389782330199,>=0.50
98679,Ngôi trường THPT 6 năm qua không dạy học ngày thứ bảy,Giáo dục,Giáo dục,Giáo dục,True,2.856166637292436,>=0.50
55823,Người dùng 'than trời' vì sự cố One UI 7 gây ra với Galaxy S23,Khoa học công nghệ,Khoa học,Khoa học,True,0.8988575105259171,>=0.50
27374,Ông Chu Lập Cơ xin lỗi bà Trương Mỹ Lan vì đã để bà cô độc,Pháp luật,Pháp luật,Pháp luật,True,0.37349170489549943,0.30–0.50
9672,Catalonia nuôi tham vọng đế chế hoạt hình toàn cầu,Giải trí,Giải trí,Giải trí,True,0.44207195789745246,0.30–0.50
186559,Google Chrome bổ sung lớp bảo đảm an toàn thông tin cho người dùng,Khoa học công nghệ,Khoa học,Khoa học,True,0.8646485371088621,>=0.50
212272,Thức uống làm tăng nguy cơ đột quỵ,Sức khỏe,Sức khỏe,Sức khỏe,True,1.5092008876869514,>=0.50
218039,Video máy bay vận tải quân sự nổ tung sau khi hạ cánh ở Mali,Thế giới,Thế giới,Khoa học,False,0.24778808801526897,0.20–0.30
111837,Giá vàng hôm nay 25.10.2025: SJC tăng 700.000 đồng mỗi lượng ngược chiều thế giới,Kinh doanh,Kinh doanh,Kinh doanh,True,1.2344533571781295,>=0.50
182685,65% người dùng Việt Nam đang xem và truy cập nội dung lậu,Khoa học công nghệ,Khoa học,Khoa học,True,0.5826444141888587,>=0.50
7407,NSND Tạ Minh Tâm là ca sĩ yêu thích nhất ở Thành phố tình ca,Giải trí,Giải trí,Giải trí,True,1.351463506515201,>=0.50
103236,Tuyển sinh ĐH năm 2026 theo xu hướng nào?,Giáo dục,Giáo dục,Giáo dục,True,2.1627992609281126,>=0.50
252546,4 lý do mà người đang sử dụng ô tô chạy xăng dầu ngại chuyển sang xe điện,Xe,Xe,Xe,True,0.8042970742294523,>=0.50
32285,Đất hiếm của Ukraine: Lá bài mặc cả mới,Thế giới,Thế giới,Thế giới,True,0.2018858066510621,0.20–0.30
211310,Tưởng bị bệnh trĩ nhưng nhận kết quả mắc ung thư khi có máu đỏ lẫn trong phân,Sức khỏe,Sức khỏe,Sức khỏe,True,1.8606836298878102,>=0.50
230640,"Tin chuyển nhượng 17/3: MU ký Michael Olise, Liverpool mua Musiala",Thể thao,Thể thao,Thể thao,True,0.831698472750389,>=0.50
42446,"Ký ức những lần tách nhập tỉnh - Kỳ 6: Quảng Nam, Đà Nẵng về lại một nhà sau 28 năm",Thời sự,Thời sự,Xã hội,False,0.07949098342811667,<0.10
181605,Công ty nào đứng sau màn trình diễn 10.500 drone tại TPHCM?,Khoa học công nghệ,Khoa học,Khoa học,True,0.7212574840903243,>=0.50
61173,Vật liệu giúp làm mát nhà mà không cần điều hòa,Khoa học công nghệ,Khoa học,Khoa học,True,2.178210879866667,>=0.50
131175,'Khủng long' Petr Rikunov bị đồng hương đánh bại khi gặp sự cố ở Cúp truyền hình,Thể thao,Thể thao,Thể thao,True,0.060471459305154074,<0.10
264550,"Sau 5 tháng kết hôn, chồng không động vào người vợ, còn tuyên bố sốc",Đời sống,Đời sống,Giải trí,False,0.057048248571996085,<0.10
16111,"Thiên Trang, Thúy Quỳnh hay Xuân Hạnh sẽ là Miss Cosmo Vietnam 2023 tối nay?",Giải trí,Giải trí,Giải trí,True,0.1091717285387439,0.10–0.20
119408,Chứng khoán Mỹ lao dốc trước thông tin FED tăng lãi suất,Thế giới,Thế giới,Kinh doanh,False,0.8400412021464357,>=0.50
49255,Tranh cãi Nissan Kicks được công nhận là xe điện,Xe,Xe,Xe,True,0.7820386207266542,>=0.50
52440,Honda CR-V cứu chủ toàn mạng sau khi lao xuống vực 60m,Xe,Xe,Pháp luật,False,0.026101541758640434,<0.10
147170,"Xe máy phóng nhanh bị ô tô sang đường tông ngã: Ai đúng, ai sai?",Xe,Xe,Xe,True,0.04997487044977661,<0.10
181626,OpenAI sẵn sàng nhảy vào nếu Google bị ép bán Chrome,Khoa học công nghệ,Khoa học,Kinh doanh,False,0.19951436614288354,0.10–0.20
236282,Hành trình làm nên kỳ tích của các cô gái vàng cầu mây Việt Nam,Thể thao,Thể thao,Thể thao,True,0.5727165010262155,>=0.50
26634,"Bản án ly hôn sai thông tin, sửa chữa bản án được không?",Pháp luật,Pháp luật,Pháp luật,True,1.1614968888949777,>=0.50
112616,"Techcombank, thương hiệu ngân hàng tư nhân giá trị nhất Việt Nam",Kinh doanh,Kinh doanh,Kinh doanh,True,2.2581201905808794,>=0.50
70957,Tử vi hằng ngày - Xem tử vi vui 12 con giáp ngày 5.11.2024,Đời sống,Đời sống,Đời sống,True,0.059235116584626324,<0.10
250482,"Hà Tĩnh: Lái xe bán tải đi như mơ ngủ, suýt tông thẳng vào ô tô đối diện",Xe,Xe,Xe,True,0.30486669783102915,0.30–0.50
212106,5 không khi uống sữa,Sức khỏe,Sức khỏe,Sức khỏe,True,1.3767437454962876,>=0.50
13602,Nhà thiết kế Sarah Burton rời Alexander McQueen sau hơn 2 thập kỷ gắn bó,Giải trí,Giải trí,Kinh doanh,False,0.47096135006070705,0.30–0.50
28690,Hai lợi ích ít được biết đến của việc niềng răng,Sức khỏe,Sức khỏe,Sức khỏe,True,0.8218168011480768,>=0.50
122464,Hải quân Ấn Độ - Philippines lần đầu tuần tra chung ở Biển Đông,Thế giới,Thế giới,Thế giới,True,0.047752020774937454,<0.10
120081,Hàng triệu hộ gia đình Anh không thể dùng tủ lạnh vì chi phí sinh hoạt tăng,Thế giới,Thế giới,Kinh doanh,False,0.06599868373429535,<0.10
60523,Samsung lên kế hoạch cho nhà máy không nhân viên trong 6 năm tới,Khoa học công nghệ,Khoa học,Khoa học,True,0.19033375446620898,0.10–0.20
119919,"Công ty bán dẫn Đài Loan chi 3,5 tỉ euro cho nhà máy ở Đức",Thế giới,Thế giới,Kinh doanh,False,0.46693341085634854,0.30–0.50
217103,Video UAV Ukraine bắn cháy radar thuộc tổ hợp S-400 của Nga,Thế giới,Thế giới,Khoa học,False,0.004904279521381005,<0.10
228611,Nhận định bóng đá Man City vs MU: Quỷ đỏ đại náo cùng Amorim,Thể thao,Thể thao,Thể thao,True,1.1650863644445164,>=0.50
53069,Mỹ công nhận bằng sáng chế của startup Việt về công nghệ blockchain,Khoa học công nghệ,Khoa học,Khoa học,True,0.5567929562509337,>=0.50
260592,"Cụ ông ở Thanh Hóa 40 năm sưu tầm tư liệu quý, giữ gìn 'hồn cốt' chữ Thái cổ",Đời sống,Đời sống,Giáo dục,False,0.4941667803195996,0.30–0.50
148209,"Vì sao ô tô điện thường có thiết kế đẹp hơn xe chạy bằng xăng, dầu?",Xe,Xe,Kinh doanh,False,0.2963928491142619,0.20–0.30
215729,"Hành khách ẩu đả dữ dội, máy bay phải hạ cánh khẩn cấp",Thế giới,Thế giới,Khoa học,False,0.29099490106826686,0.20–0.30
226244,Barca 6-1 Olympiacos: Lamine Yamal tuyên chiến Siêu kinh điển,Thể thao,Thể thao,Thể thao,True,1.5529629037813215,>=0.50
212551,Địa chỉ cắt kính cận tại Bến Tre năm 2024,Sức khỏe,Sức khỏe,Khoa học,False,0.11896183250949377,0.10–0.20
121044,Thụy Điển sẽ cho phép NATO đóng quân trước khi gia nhập liên minh,Thế giới,Thế giới,Thế giới,True,0.4269585345092902,0.30–0.50
99345,Xem lại những giáo án mầm non 30 năm trước,Giáo dục,Giáo dục,Giáo dục,True,0.5451936164198802,>=0.50
203572,"Thiếu nợ, ‘hot boy’ 18 tuổi cùng bạn đi cướp tiệm vàng",Pháp luật,Pháp luật,Pháp luật,True,0.484130662739836,0.30–0.50
48724,"SUV điện BMW iX1 rẻ nhất của BMW ra mắt, dễ về Việt Nam năm sau",Xe,Xe,Khoa học,False,0.0577905954110608,<0.10
160299,Liêu Hà Trinh: Chồng ngơ ngác khi hay tin lên chức bố khiến tôi hụt hẫng,Giải trí,Giải trí,Đời sống,False,0.3902467861014627,0.30–0.50
219065,"Nam Định gặp Ratchaburi ở Cúp châu lục, Xuân Son có được thi đấu?",Thể thao,Thể thao,Thể thao,True,1.7251046275633484,>=0.50
145092,"Cơ hội đón Tết tại 'xứ sở kim chi' cho khách hàng mua Kia Sorento, Kia K5",Xe,Xe,Kinh doanh,False,0.5205979915122172,>=0.50
148371,"Thử thách dàn xe BMW X-series, MINI trên loạt sa hình 'khó nhằn'",Xe,Xe,Xe,True,0.426601411464294,0.30–0.50
33001,"Mỹ trục xuất người di cư châu Á, có người Việt Nam",Thế giới,Thế giới,Thế giới,True,0.11673831210319119,0.10–0.20
26217,"Đóng bảo hiểm xã hội được 16 năm, làm gì để nhận lương hưu?",Pháp luật,Pháp luật,Công đoàn,False,0.17812937930378608,0.10–0.20
92663,Thiếu gia Tập đoàn Sơn Hải rạng rỡ rước Hoa hậu Đỗ Thị Hà về 'dinh',Giải trí,Giải trí,Đời sống,False,0.2873770198321368,0.20–0.30
95462,Bí quyết ôn thi tốt nghiệp THPT đạt điểm cao: Cơ cấu kinh tế nông nghiệp,Giáo dục,Giáo dục,Giáo dục,True,1.0278672814909662,>=0.50
94034,Quốc Trường lên tiếng làm rõ clip gây hiểu lầm với con gái Quyền Linh,Giải trí,Giải trí,Giải trí,True,2.0114085330267217,>=0.50
50171,Túi khí - dao hai lưỡi với trẻ nhỏ ngồi hàng ghế đầu trên ô tô,Xe,Xe,Khoa học,False,0.33318060736247657,0.30–0.50
59228,‘Silent Hill: Ascension’ sẽ ra mắt đúng dịp Halloween,Khoa học công nghệ,Khoa học,Khoa học,True,0.07894826660538778,<0.10
70000,Tử vi hằng ngày - Xem tử vi vui 12 con giáp ngày 22.2.2024,Đời sống,Đời sống,Đời sống,True,0.004689864582678949,<0.10
41425,Lịch trực tiếp lượt đi bán kết Champions League: Arsenal đấu với PSG,Thể thao,Thể thao,Thể thao,True,0.8737889019643472,>=0.50
67963,Camera AI của CSGT TP.HCM: 'Mắt thần' bắt lỗi phạt nguội khiến tài xế ngỡ ngàng,Đời sống,Đời sống,Khoa học,False,0.3171935716858981,0.30–0.50
213974,Quân đội Ukraine sẽ áp đảo Nga trước khi ông Donald Trump nhậm chức?,Thế giới,Thế giới,Thế giới,True,0.694616404782218,>=0.50
203351,Những thủ đoạn cất giấu ma túy tinh vi bị bóc trần,Pháp luật,Pháp luật,Pháp luật,True,0.5334570955701676,>=0.50
66249,Dấu xưa quyền quý trong ngôi nhà cổ 131 năm của quan Đốc phủ sứ,Đời sống,Đời sống,Khoa học,False,0.010620147319666429,<0.10
121244,Chiến sự tối 21.2: Ông Putin kịch liệt lên án phương Tây trong phát biểu quan trọng,Thế giới,Thế giới,Thế giới,True,0.8393513808683065,>=0.50
27092,"Khởi tố vụ án thuyền trưởng, chủ tàu cá sang vùng biển nước khác đánh bắt trái phép",Pháp luật,Pháp luật,Pháp luật,True,0.09783552401975582,<0.10
261998,Cách làm khoai lang kén thơm ngon khó cưỡng tại nhà đơn giản,Đời sống,Đời sống,Đời sống,True,0.22405858919689664,0.20–0.30
90385,Nữ người mẫu nóng bỏng xứ Trung mất tay sau tai nạn,Giải trí,Giải trí,Giải trí,True,0.33696173664552664,0.30–0.50
236847,"Nam thanh niên cao 1m71, có sẹo ở cổ mất tích bí ẩn tại Hà Nội",Thời sự,Thời sự,Pháp luật,False,0.2371939435244913,0.20–0.30
30741,Trẻ em béo phì có nguy cơ dậy thì sớm hơn,Sức khỏe,Sức khỏe,Sức khỏe,True,1.2730908767389568,>=0.50
52073,Volkswagen đầu tư lớn vào Hãng xe điện Mỹ Rivian,Xe,Xe,Kinh doanh,False,0.11392328607339797,0.10–0.20
83113,‘Lỡ hẹn với ngày xanh’ tập 3: Con gái chủ tịch sẽ giúp Duyên?,Giải trí,Giải trí,Giải trí,True,0.3762017101693804,0.30–0.50
104129,"'Ông lớn' hàng hải, hàng không đến Việt Nam",Kinh doanh,Kinh doanh,Kinh doanh,True,1.239691609049576,>=0.50
167840,Niềm vui nhân đôi của diễn viên Kiều Anh chỉ trong thời gian ngắn,Giải trí,Giải trí,Giải trí,True,1.4747310814469916,>=0.50
239233,TPHCM cho V-Green lắp trạm sạc điện tại điểm thu phí đỗ xe dưới lòng đường,Thời sự,Thời sự,Kinh doanh,False,0.03138460643156715,<0.10
249739,"Xe điện Polestar: 'Bình' châu Âu, 'rượu' Trung Quốc",Xe,Xe,Kinh doanh,False,0.297499123088226,0.20–0.30
43796,Nuôi tôm ở rốn nước ngọt Đồng Tháp Mười,Thời sự,Thời sự,Khoa học,False,0.10736432783668592,0.10–0.20
220588,Đội hình tuyển Việt Nam đấu Campuchia: Dàn sao U23 xung trận,Thể thao,Thể thao,Thể thao,True,1.3295679180324327,>=0.50
229563,MU chưa thoát khỏi cơn ác mộng chấn thương,Thể thao,Thể thao,Thể thao,True,0.7263539180508882,>=0.50
256125,Vụ người phụ nữ bị đánh dã man ở chung cư Hà Nội: Xuất phát từ mâu thuẫn trẻ nhỏ,Đời sống,Đời sống,Pháp luật,False,0.45722238112748004,0.30–0.50
127445,Đội tuyển Việt Nam gieo hạt mầm đổi thay: Mạnh mẽ và khác biệt hơn nữa,Thể thao,Thể thao,Thể thao,True,1.3913219294004247,>=0.50
238944,TPHCM xin ý kiến 4 Bộ về 'siêu dự án' đường vượt biển hơn 104.000 tỷ đồng,Thời sự,Thời sự,Kinh doanh,False,0.35566078853425587,0.30–0.50
121013,"Chiến sự Ukraine ngày 914: Nga tăng viện, Kyiv mất gần 6.000 quân tại Kursk?",Thế giới,Thế giới,Thế giới,True,0.35558819697891497,0.30–0.50
99991,Cà Mau: Nữ sinh đánh bạn trong lớp bị cho thôi học 1 tuần,Giáo dục,Giáo dục,Giáo dục,True,1.1586840559875355,>=0.50
55116,3 loại thiết bị tuyệt đối không cắm vào ổ điện nối dài,Khoa học công nghệ,Khoa học,Khoa học,True,0.3624699692287573,0.30–0.50
95358,Tư vấn mùa thi: Mô hình hiệu quả thiết thực cho học sinh vùng xa,Giáo dục,Giáo dục,Giáo dục,True,1.8702908068432609,>=0.50
177548,Điểm chuẩn Trường Đại học Tôn Đức Thắng năm 2025,Giáo dục,Giáo dục,Giáo dục,True,1.2889585228873042,>=0.50
102689,Đổi mới tuyển sinh ĐH năm 2026 để đánh giá đúng năng lực thí sinh,Giáo dục,Giáo dục,Giáo dục,True,2.0939090106388973,>=0.50
32604,Vì sao gần 50 nước lên án Nga dùng tên lửa Triều Tiên tấn công Ukraine?,Thế giới,Thế giới,Thế giới,True,0.9197926186731484,>=0.50
55743,Thời điểm iPhone 16 đến tay người tiêu dùng,Khoa học công nghệ,Khoa học,Kinh doanh,False,0.26959246061091924,0.20–0.30
116973,Top 10 sữa rửa mặt cho da khô ‘căng mọng’ mà vẫn sạch sâu ngừa mụn,Sức khỏe,Sức khỏe,Sức khỏe,True,0.7682775880267196,>=0.50
205694,Những thực phẩm siêu chế biến làm tăng nguy cơ mắc bệnh ung thư,Sức khỏe,Sức khỏe,Sức khỏe,True,0.912680450383254,>=0.50
251097,"Bị ruồi bay trước mặt, tài xế mất kiểm soát lái Toyota Innova lao xuống kênh",Xe,Xe,Xe,True,0.17977297476239418,0.10–0.20
170762,"Hồ Ngọc Hà: 'Với tôi, cát-sê không phải yếu tố quyết định'",Giải trí,Giải trí,Giải trí,True,0.7781215233171447,>=0.50
187900,Mỹ biến tiêm kích F-15E thành sát thủ diệt UAV tại 'chảo lửa' Trung Đông,Khoa học công nghệ,Khoa học,Thế giới,False,0.39672595148606543,0.30–0.50
73273,Vụ hỏa hoạn khiến 3 cháu bé tử vong: Hàng trăm người Đà Lạt lặng lẽ giúp gia đình,Đời sống,Đời sống,Đời sống,True,0.09234834594501529,<0.10
26494,"Không nơi thường trú, làm sao để làm căn cước công dân?",Pháp luật,Pháp luật,Pháp luật,True,0.6730493100658242,>=0.50
28892,TikToker gây tranh cãi khi quảng cáo ‘trẻ 6 tháng tuổi sử dụng cao ngựa bổ sung canxi’,Sức khỏe,Sức khỏe,Sức khỏe,True,0.3907116606506609,0.30–0.50
112644,Giá vàng hôm nay 20.7.2024: Vàng nhẫn rẻ hơn vàng miếng gần 3 triệu đồng,Kinh doanh,Kinh doanh,Kinh doanh,True,1.329010693665441,>=0.50
58402,Lộ diện 5 'vũ khí bí mật' của iOS 26.2,Khoa học công nghệ,Khoa học,Khoa học,True,0.8255814210687783,>=0.50
27553,Phụ nữ béo phì tăng nguy cơ mắc bệnh phụ khoa và sản khoa,Sức khỏe,Sức khỏe,Sức khỏe,True,1.5725473531493102,>=0.50
26405,"Trẻ hàng xóm đá bóng gây ồn ào lúc nửa đêm, nhắc thì bị phản ứng, kiện được không?",Pháp luật,Pháp luật,Pháp luật,True,1.052498830384306,>=0.50
134281,"Tạm giữ tài xế xe tải tông, rồi cán tiếp nạn nhân tử vong",Thời sự,Thời sự,Thời sự,True,0.11239130025568933,0.10–0.20
204334,Hai cựu cảnh sát thiết lập đường dây buôn lậu 'khủng' tại TPHCM lĩnh án,Pháp luật,Pháp luật,Kinh doanh,False,0.12188903230518605,0.10–0.20
26714,Phát hiện dấu hiệu tội phạm trong vụ án dân sự cần phải làm gì?,Pháp luật,Pháp luật,Pháp luật,True,1.4043038205878127,>=0.50
69699,"Đồng bào dân tộc vượt hàng chục cây số đi sắm tết, đầy bao tải mới về",Đời sống,Đời sống,Đời sống,True,0.24189275454614562,0.20–0.30
80782,"Trung Lùn tự nhận độc tài, từng tuyên bố 'có Diệp Bảo Ngọc không có tôi'",Giải trí,Giải trí,Giải trí,True,1.7530467777547882,>=0.50
220122,Tuyển Việt Nam: HLV Kim Sang Sik cần làm điều này để thắng Malaysia,Thể thao,Thể thao,Thể thao,True,0.8694113470159629,>=0.50
18099,Đẩy mạnh thói quen tiêu dùng trực tuyến bằng phí vận chuyển 0đ,Kinh doanh,Kinh doanh,Kinh doanh,True,1.1875659295856242,>=0.50
30856,Nín thở trên 30 giây kiểm tra phổi: Trào lưu nguy hiểm,Sức khỏe,Sức khỏe,Sức khỏe,True,0.7535764885968561,>=0.50
200303,Insmart nhận chứng chỉ ISO/IEC 27001:2022 về hệ thống quản lý an toàn thông tin,Kinh doanh,Kinh doanh,Kinh doanh,True,0.43776510969771676,0.30–0.50
241001,Những trường hợp nào thì đóng cửa trung tâm đăng kiểm?,Thời sự,Thời sự,Pháp luật,False,0.7534466833161388,>=0.50
89860,Lệ Quyên lên tiếng tin đồn 'bị tình trẻ lừa mất biệt thự trăm tỉ',Giải trí,Giải trí,Giải trí,True,1.0735771964301777,>=0.50
249101,Những mẫu xe điện tiết kiệm pin nhất năm 2024,Xe,Xe,Xe,True,0.7916200872467206,>=0.50
258432,Ông Công ông Táo 2024 vào ngày nào dương lịch? Ý nghĩa ngày ông Công ông Táo,Đời sống,Đời sống,Đời sống,True,0.308929993337939,0.30–0.50
146316,Hyundai cho rằng: 'Không còn ai muốn mua ô tô số sàn nữa',Xe,Xe,Xe,True,0.18313310956022277,0.10–0.20
204170,"Làm thuê lương nghìn đô ở Campuchia, cặp đôi phải trả giá bằng án tù vì lừa đảo",Pháp luật,Pháp luật,Pháp luật,True,0.6066083000030776,>=0.50
176819,Bi hài Kế hoạch nhỏ: Mẹ hỏi khắp nơi xin vỏ lon bia cho con đủ chỉ tiêu,Giáo dục,Giáo dục,Giáo dục,True,0.4242059030931822,0.30–0.50
158153,"Lê Hoàng liên tục thái độ, bất đồng quan điểm với Hari Won và Văn Mai Hương",Giải trí,Giải trí,Giải trí,True,1.0793964290239455,>=0.50
39542,Djokovic vượt qua vòng 1 US Open với ngón chân bị đau,Thể thao,Thể thao,Thể thao,True,1.6226753302211723,>=0.50
47708,"Chủ Suzuki Jimny: 'Biết mình cần gì thì thấy rất chill, lái cảm xúc hơn cả xe sang'",Xe,Xe,Xe,True,0.5644172893566629,>=0.50
89939,ELLE phản hồi về tranh cãi phân biệt chủng tộc liên quan đến Rosé (BlackPink),Giải trí,Giải trí,Giải trí,True,0.826093079008752,>=0.50
232910,Neymar hạnh phúc khoe cho cả thế giới biết bạn gái đang mang bầu,Thể thao,Thể thao,Giải trí,False,0.37180747628904376,0.30–0.50
126799,"Hai lãnh đạo VFF được FIFA tin tưởng, bổ nhiệm vào các ban chức năng quan trọng",Thể thao,Thể thao,Thể thao,True,0.7783252365156964,>=0.50
260743,"Tưởng khăn quàng bị rơi, người phụ nữ chết lặng khi biết sự thật",Đời sống,Đời sống,Khoa học,False,0.4787518191991118,0.30–0.50
26243,Không phải là người lập di chúc có được quyền yêu cầu công chứng di chúc không?,Pháp luật,Pháp luật,Pháp luật,True,1.4320824999536141,>=0.50
189602,"Xóa thuế khoán từ 2026, Bộ Tài chính đề nghị địa phương 'cầm tay chỉ việc'",Kinh doanh,Kinh doanh,Kinh doanh,True,1.3721929144836882,>=0.50
80550,Jang Na Ra gây ấn tượng trong 'Một chương hạnh phúc',Giải trí,Giải trí,Giải trí,True,1.101110189777573,>=0.50
5969,"Sinh viên Đông Nam Á đổ sang Việt Nam học cao đẳng, trung cấp",Giáo dục,Giáo dục,Giáo dục,True,2.4869014797926474,>=0.50
221086,Tuyển Việt Nam đấu Thái Lan chung kết AFF Cup 2024 giá trị niềm tin,Thể thao,Thể thao,Thể thao,True,1.47875766699164,>=0.50
26519,"Sau ly hôn chồng cũ có người khác, thay đổi quyền nuôi con được không?",Pháp luật,Pháp luật,Pháp luật,True,0.6264132337367152,>=0.50
178595,Đại học Sư phạm Hà Nội 2 đề xuất thành lập trường THCS và THPT,Giáo dục,Giáo dục,Giáo dục,True,2.0157540462208807,>=0.50
233932,"Tin chuyển nhượng 9/1: MU thay đổi lớn, sếp bự lên tiếng mua sắm",Thể thao,Thể thao,Thể thao,True,0.19900947351115367,0.10–0.20
202904,Những đại tỷ phú có khối tài sản tăng vọt năm 2023,Kinh doanh,Kinh doanh,Kinh doanh,True,1.9006728601825589,>=0.50
144724,"Volvo XC90 2025 tân trang ngoại hình, cải tiến động cơ hybrid",Xe,Xe,Xe,True,0.06332359588754477,<0.10
63936,Lỗi nhỏ trên iPhone vừa được phát hiện sau 18 năm,Khoa học công nghệ,Khoa học,Khoa học,True,0.5844184848279944,>=0.50
14740,Hương Giang bị tố lừa dối khách hàng; Tuấn Hưng mang Góc ban công vào TP.HCM,Giải trí,Giải trí,Giải trí,True,1.9105001546853688,>=0.50
130722,World Cup billiards: 3 cơ thủ Việt Nam xuất sắc đi tiếp với ngôi nhất bảng,Thể thao,Thể thao,Thể thao,True,0.7526724470156696,>=0.50
125875,Vợ Messi đăng ảnh sinh nhật chồng theo phong cách… Xì Trum: Gây bão mạng giữa Club World Cup,Thể thao,Thể thao,Thể thao,True,0.6862533617441042,>=0.50
206853,Phẫu thuật chấn thương chỉnh hình ít xâm lấn ứng dụng C-Arm 3D thế hệ mới,Sức khỏe,Sức khỏe,Sức khỏe,True,0.8155258860050425,>=0.50
111409,Tinh gọn còn 15 Ngân hàng Nhà nước khu vực,Kinh doanh,Kinh doanh,Kinh doanh,True,0.005674935578702134,<0.10
178989,"Cả nước có gần 11.000 điểm 10 thi tốt nghiệp THPT 2024, Lịch sử, Địa lý lên ngôi",Giáo dục,Giáo dục,Giáo dục,True,1.1845839970683087,>=0.50
248208,Đại gia Sài Gòn chi 60 tỷ tậu xe siêu sang Rolls-Royce Phantom VIII,Xe,Xe,Xe,True,0.6882968075540143,>=0.50
111873,Rối ren thị trường vàng,Kinh doanh,Kinh doanh,Kinh doanh,True,1.436708311632711,>=0.50
30779,Bộ Y tế: Xác minh thuốc giả xuất hiện tại chợ thuốc lớn nhất Hà Nội,Sức khỏe,Sức khỏe,Sức khỏe,True,0.25681628103637877,0.20–0.30
137405,Phó chủ tịch Quốc hội đánh giá cao việc Khánh Hòa áp dụng KPI vào công việc,Thời sự,Thời sự,Thời sự,True,0.08923550573172423,<0.10
31563,"Dấu hiệu dễ thấy nhưng dễ bỏ qua, ung thư dương vật ngày càng tăng ở người trẻ",Sức khỏe,Sức khỏe,Sức khỏe,True,1.6185438665304954,>=0.50
110879,Mua hay bán vàng đều cần cung cấp thông tin cá nhân,Kinh doanh,Kinh doanh,Kinh doanh,True,1.0934899862160254,>=0.50
84145,Hari Won phản ứng khi Trấn Thành bị ‘mắng vốn’ trên truyền hình,Giải trí,Giải trí,Giải trí,True,0.9660851175784012,>=0.50
74343,Thanh Niên và tôi: Thấy cuộc đời ý nghĩa hơn từ một tờ báo,Đời sống,Đời sống,Đời sống,True,0.6296925236144889,>=0.50
135488,"Đất nền 'sốt ảo' sau thông tin sáp nhập, Quảng Nam yêu cầu công an làm rõ",Thời sự,Thời sự,Kinh doanh,False,0.3096310213095229,0.30–0.50
263960,"Đám cưới độc đáo trên núi tuyết, 3 khách mời đến dự",Đời sống,Đời sống,Đời sống,True,0.46237999321521683,0.30–0.50
122346,Triều Tiên phóng tên lửa đạn đạo trước thềm tập trận Mỹ - Hàn,Thế giới,Thế giới,Thế giới,True,0.9165539427007673,>=0.50
83420,Hồng Vân phấn khích trước cuộc hôn nhân của cháu Kim Tiểu Long và vợ hơn tuổi,Giải trí,Giải trí,Giải trí,True,0.508492573449926,>=0.50
133910,Cát cứ thu phí đỗ xe 'lụi': Không cấp phép nếu tái phạm nhiều lần,Thời sự,Thời sự,Xe,False,0.0788922274948538,<0.10
68074,Lỡ hẹn với mùa hè,Đời sống,Đời sống,Sức khỏe,False,0.40187901342053145,0.30–0.50
224694,"Kết quả Vleague 2023: HAGL hòa Đà Nẵng, Hà Tĩnh thắng siêu kịch tính TPHCM",Thể thao,Thể thao,Thể thao,True,1.534361101601917,>=0.50
175994,Cựu sinh viên Oxford là người Việt đầu tiên làm việc cho Nội các Chính phủ Anh,Giáo dục,Giáo dục,Giáo dục,True,1.808436133129673,>=0.50
16739,"Lê Giang đi cinetour xuyên Tết đến mùng 9; Thuận Nguyễn, Puka diễn kịch đến rằm tháng giêng",Giải trí,Giải trí,Giải trí,True,1.9839614274751582,>=0.50
89302,Vũ Mạnh Cường: 'Làm MC chính luận cũng là cách tiếp nối truyền thống gia đình',Giải trí,Giải trí,Giải trí,True,0.6658293068953246,>=0.50
126182,"7.000 người ngồi kín chỗ, khán đài rực lửa xem trận chung kết trong mơ",Thể thao,Thể thao,Thể thao,True,1.0782006156762822,>=0.50
111300,Vì sao quét mã QR bị lừa đảo mất tiền?,Kinh doanh,Kinh doanh,Kinh doanh,True,0.5093460274150984,>=0.50
200808,"Quả ‘thần dược’ của Trung Quốc rẻ chưa từng có, giá sầu riêng tăng trở lại",Kinh doanh,Kinh doanh,Kinh doanh,True,1.6073725302063284,>=0.50
234124,Link xem trực tiếp Đan Mạch vs Serbia - Bảng C EURO 2024,Thể thao,Thể thao,Thể thao,True,1.586078307609911,>=0.50
87925,NSƯT Kim Oanh: Từng bất mãn đóng phản diện vì bị khán giả ghét,Giải trí,Giải trí,Giải trí,True,1.5337237765927167,>=0.50
59643,MeKo trở thành nhà phân phối phụ kiện công nghệ của ESR tại Việt Nam,Khoa học công nghệ,Khoa học,Kinh doanh,False,0.07534624995664296,<0.10
203972,Trả hồ sơ vụ Nguyễn Phương Hằng để điều tra phát ngôn của tiến sĩ Đặng Anh Quân,Pháp luật,Pháp luật,Pháp luật,True,0.8590251234605151,>=0.50
254005,Thị trường xe máy cũ tại Hà Nội ế ẩm,Xe,Xe,Xe,True,0.370394652433369,0.30–0.50
216917,Vũ khí tấn công được Ukraine đánh giá mạnh hơn cả UAV,Thế giới,Thế giới,Khoa học,False,0.41594724329621485,0.30–0.50
108547,Nội tôi vận động hiến đất trồng cột điện,Kinh doanh,Kinh doanh,Đời sống,False,0.24574894830467792,0.20–0.30
116044,"Xịt vết thương là gì? Có thật sự giúp vết thương mau lành, ngừa sẹo hiệu quả?",Sức khỏe,Sức khỏe,Sức khỏe,True,0.9969263961285867,>=0.50
88915,"Vẻ điển trai của vận động viên bóng chuyền cao 1,93m giành á quân Mister Vietnam",Giải trí,Giải trí,Giáo dục,False,0.2579840272565968,0.20–0.30
263527,Cựu CEO tiết lộ sự thật về những người thành công,Đời sống,Đời sống,Pháp luật,False,0.012118443527905365,<0.10
205354,"Ho ra máu, tràn dịch phổi vì món cua núi",Sức khỏe,Sức khỏe,Sức khỏe,True,1.8022267322876089,>=0.50
2838,Đạt tối thiểu 24 điểm 3 môn mới được xét tuyển ngành vi mạch bán dẫn,Giáo dục,Giáo dục,Giáo dục,True,1.8281557025360076,>=0.50
31912,"Cứu sống cô gái bị xe tải 1,5 tấn cán qua người",Sức khỏe,Sức khỏe,Sức khỏe,True,2.0166817383659628,>=0.50
64243,Vivo X100 đạt điểm cao ấn tượng trên AnTuTu,Khoa học công nghệ,Khoa học,Khoa học,True,0.7007034764202692,>=0.50
30728,"Một học sinh bị tổn thương gan, thận vì sốc nhiệt khi tập chạy ở trường",Sức khỏe,Sức khỏe,Sức khỏe,True,1.2246188800043942,>=0.50
169530,NSND Hồng Vân kể chuyện từng đòi chia tay Lê Tuấn Anh,Giải trí,Giải trí,Giải trí,True,1.5458445709109534,>=0.50
231431,"Tin bóng đá 19/11: MU ký Fofana, Liverpool lấy Kalvin Phillips",Thể thao,Thể thao,Thể thao,True,1.0093661893427246,>=0.50
37893,"3 lần cản phá thành công 'quả phạt đền siêu thực', thủ môn Ozer giúp Lille đánh bại AS Roma",Thể thao,Thể thao,Thể thao,True,1.5038784916810646,>=0.50
249003,Top xe SUV hạng sang tốt nhất năm 2024,Xe,Xe,Xe,True,0.09379673099673558,<0.10
80450,"Phim kinh dị 18+ áp đảo phòng vé Việt, 'Nhà gia tiên' bị 'soán ngôi'",Giải trí,Giải trí,Giải trí,True,1.2869973680362858,>=0.50
137318,"3 học sinh đi cùng xe máy đến trường bị tai nạn, 1 em tử vong",Thời sự,Thời sự,Thời sự,True,0.19450199763054488,0.10–0.20
195028,"Bộ Xây dựng thoái vốn, cổ phiếu Viglacera tăng vọt, tiền đổ mạnh vào chứng khoán",Kinh doanh,Kinh doanh,Kinh doanh,True,2.7853629026797995,>=0.50
255822,"9X xinh đẹp ở Đà Nẵng biến gỗ thành tác phẩm trăm triệu, nhiều người thán phục",Đời sống,Đời sống,Giáo dục,False,0.04691944175642704,<0.10
186587,Thêm một phòng lab phục vụ đào tạo an toàn thông tin tại trường đại học,Khoa học công nghệ,Khoa học,Giáo dục,False,1.2610601617683277,>=0.50
30996,"Không muốn mất ngủ, nên tránh ăn gì?",Sức khỏe,Sức khỏe,Sức khỏe,True,1.6434800079056098,>=0.50
183463,Hiệu quả từ công tác chuyển đổi số ở huyện Hàm Tân,Khoa học công nghệ,Khoa học,Kinh doanh,False,0.37341323756176037,0.30–0.50
193429,"Lãi suất ngân hàng 1/3/2024: Không điều chỉnh, lập tức đứng đầu bảng lãi suất",Kinh doanh,Kinh doanh,Kinh doanh,True,1.3351424286501952,>=0.50
173056,Hàng trăm sinh viên sững sờ vì bị cho dừng học đột ngột,Giáo dục,Giáo dục,Giáo dục,True,2.143030006510392,>=0.50
10890,Song Joong Ki vào top diễn viên cư xử tệ nhất Hàn Quốc năm 2023,Giải trí,Giải trí,Giải trí,True,1.3168700122065538,>=0.50
117638,Nữ hành khách suýt bị đuổi xuống máy bay vì ‘thả rông’ vòng 1,Thế giới,Thế giới,Giải trí,False,0.37509108838413974,0.30–0.50
113746,Giá USD còn đi xuống?,Kinh doanh,Kinh doanh,Kinh doanh,True,2.2920572170847473,>=0.50
132048,"Tai nạn xe tải với xe máy trên đường Phan Huy Ích, 1 người tử vong",Thời sự,Thời sự,Thời sự,True,0.5038403960805181,>=0.50
204548,"Bị buộc trả 2,5 tỷ đồng, người mẫu Trà Ngọc Hằng kháng cáo",Pháp luật,Pháp luật,Kinh doanh,False,0.47675562524533177,0.30–0.50
31550,"Ngại sinh con vào ‘năm cùng tháng tận’, sản phụ nguy kịch đầu năm mới",Sức khỏe,Sức khỏe,Sức khỏe,True,0.6848484720845385,>=0.50
82941,"Phim 'Cuộc chiến không giới tuyến' tập 31: Lên thăm anh, Hiếu bị Trung mắng xối xả",Giải trí,Giải trí,Thời sự,False,0.158950439451653,0.10–0.20
264296,"Làm sạch lòng lợn chỉ cần dùng loại bột rẻ tiền, sạch nhanh, không mùi tanh",Đời sống,Đời sống,Đời sống,True,0.27311954672166533,0.20–0.30
4171,"Đại học liên kết quốc tế UFM: khẳng định giá trị học thuật, nhiều cơ hội sau tốt nghiệp",Giáo dục,Giáo dục,Giáo dục,True,1.9667126948778142,>=0.50
92596,Kiều Oanh được Xuân Lan cho sử dụng trọn đời nhạc phim 'Cái giá của hạnh phúc',Giải trí,Giải trí,Giải trí,True,2.051742375091286,>=0.50
253738,"Loạt xe SUV 7 chỗ tồn kho đang được giảm giá khủng, món hời cho người mua",Xe,Xe,Xe,True,0.3498962447762014,0.30–0.50
55107,iOS 26 âm thầm giải quyết những phiền toái trên iPhone,Khoa học công nghệ,Khoa học,Khoa học,True,1.1826216342145843,>=0.50
27364,"Thuê côn đồ đòi nợ 'con nuôi', mẹ già lãnh án tù",Pháp luật,Pháp luật,Pháp luật,True,0.6835679092406356,>=0.50
101257,"Tranh luận 'for' hay 'to' Bến Thành, giới từ nào đúng trong biển chỉ dẫn metro?",Giáo dục,Giáo dục,Giáo dục,True,0.23910525102883962,0.20–0.30
217241,Video quân đội Ukraine bắn nổ 3 xe chiến đấu bộ binh Nga ở Belgorod,Thế giới,Thế giới,Thời sự,False,0.008474656559784133,<0.10
215077,Tổng thống Pháp đăng tải một loạt video deepfake của chính mình,Thế giới,Thế giới,Giải trí,False,0.19657639355805517,0.10–0.20
106898,"Thiếu điện, nhưng lãng phí điện",Kinh doanh,Kinh doanh,Kinh doanh,True,1.3165075457679767,>=0.50
207456,"3 không khi dùng mật ong, ai không nên uống mật ong?",Sức khỏe,Sức khỏe,Sức khỏe,True,0.558307309011403,>=0.50
24040,Nhiều người Việt ưu tiên sống chất lượng hơn là sống lâu,Kinh doanh,Kinh doanh,Kinh doanh,True,0.09164321681709153,<0.10
27479,Góc khuất những người chiếm đoạt trẻ em,Pháp luật,Pháp luật,Pháp luật,True,0.261336931349059,0.20–0.30
34357,Thung lũng Tử thần trải qua tháng nóng nhất lịch sử,Thế giới,Thế giới,Khoa học,False,0.44990520281281055,0.30–0.50
215740,"Thử thách trên TikTok khiến 4 người ở Mỹ gãy cổ, tử vong ngay lập tức",Thế giới,Thế giới,Khoa học,False,0.111610116981613,0.10–0.20
118905,Thí nghiệm chính trị mới ở Hà Lan,Thế giới,Thế giới,Thế giới,True,0.2177541811928539,0.20–0.30
173466,Thưởng Tết cho giáo viên: Làm sao để nhà giáo vui như 3 ngày Tết?,Giáo dục,Giáo dục,Giáo dục,True,1.209855593072035,>=0.50
124531,"HLV Ishii choáng váng vì bị sa thải, báo Thái Lan bất ngờ nhắc đội tuyển Việt Nam",Thể thao,Thể thao,Thể thao,True,1.2366029260105535,>=0.50
36872,"Thắng Singapore 6-0, U17 Việt Nam ra quân tưng bừng ở vòng loại châu Á",Thể thao,Thể thao,Thể thao,True,1.1050841910331464,>=0.50
54189,Có lãng phí khi đầu tư vào bo mạch chủ cao cấp?,Khoa học công nghệ,Khoa học,Khoa học,True,0.5312080943465192,>=0.50
251966,Đại lý Audi lớn bất ngờ đóng cửa sau 15 năm hoạt động,Xe,Xe,Kinh doanh,False,0.5701271450104293,>=0.50
94623,Trương Trí Lâm: Không ai hơn tôi khoản sợ vợ,Giải trí,Giải trí,Giải trí,True,1.0117728936959662,>=0.50
264301,Mẹo làm ấm giường ngủ bằng vật dụng quen thuộc trong nhà chỉ với vài phút,Đời sống,Đời sống,Sức khỏe,False,0.16119173021540734,0.10–0.20
221189,Nguyễn Xuân Son gây ấn tượng mạnh ở ASEAN Cup 2024 (AFF Cup),Thể thao,Thể thao,Thể thao,True,1.1810777411016304,>=0.50
203752,Cải họ tránh ‘tam nam bất phú’ nhưng 3 anh em trai lại sa vào ma túy,Pháp luật,Pháp luật,Pháp luật,True,0.6854728704700419,>=0.50
122658,Chiến sự đến tối 9.4: Pháp bác thông tin tham chiến ở Ukraine,Thế giới,Thế giới,Thế giới,True,0.23380296979389664,0.20–0.30
90882,Động thái mới nhất của Hailey sau tin đồn rạn nứt với Justin Bieber,Giải trí,Giải trí,Giải trí,True,0.9194574030430679,>=0.50
200903,"Bình Định chạy đua gỡ 'thẻ vàng' IUU, xử nghiêm tàu vi phạm",Kinh doanh,Kinh doanh,Thời sự,False,0.22492105409310814,0.20–0.30
147505,"Ô tô phóng ngược chiều 'như tự sát' trên cao tốc, ép xe khác phải tránh",Xe,Xe,Xe,True,0.22716614793660694,0.20–0.30
185902,CMC chính thức lên tiếng về vụ bị mã độc tống tiền tấn công,Khoa học công nghệ,Khoa học,Kinh doanh,False,0.7973903443486681,>=0.50
233605,Bayern Munich chốt giá kỷ lục chiêu mộ Harry Kane,Thể thao,Thể thao,Thể thao,True,0.3651666396741407,0.30–0.50
31818,Người đàn ông mắc uốn ván nghi do sâu răng,Sức khỏe,Sức khỏe,Sức khỏe,True,1.553474653338148,>=0.50
26332,Dưới 14 tuổi có bị xử phạt hành chính không?,Pháp luật,Pháp luật,Pháp luật,True,0.7915577972500752,>=0.50
177110,Sự thật chuyện học sinh bị người lạ dụ dỗ 'cha gặp tai nạn giao thông',Giáo dục,Giáo dục,Giáo dục,True,2.077877659443351,>=0.50
51697,Mitsubishi Pajero Sport mới lộ ảnh tại Việt Nam: Dễ thay đổi động cơ và hộp số đấu Everest,Xe,Xe,Khoa học,False,0.17151093907922998,0.10–0.20
119341,Kinh tế Mỹ tăng trưởng hơn kỳ vọng năm 2023,Thế giới,Thế giới,Kinh doanh,False,0.5786449068298732,>=0.50
204926,"Cặp đôi nghiện ma túy, lượn quanh khu nhà giàu Thảo Điền để trộm cắp",Pháp luật,Pháp luật,Pháp luật,True,0.8217069531835023,>=0.50
35504,Israel dọn đường cho chiến dịch ở Gaza,Thế giới,Thế giới,Thế giới,True,0.6002007989923248,>=0.50
132369,"Đèo Prenn sạt lở trong thời gian bảo hành, đơn vị nào khắc phục?",Thời sự,Thời sự,Kinh doanh,False,0.06557345939814341,<0.10
66787,Một người vừa trúng 140 tờ xổ số miền Nam ngày 5 tháng 10 đài Kiên Giang,Đời sống,Đời sống,Đời sống,True,1.8359613467050697,>=0.50
247350,Điều đặc biệt ở phường rộng nhất trong nội đô Hà Nội sau sắp xếp,Thời sự,Thời sự,Xã hội,False,0.021565276920895382,<0.10
174997,Nữ sinh lớp 9 tử vong sau giờ học Thể dục ở Đắk Lắk,Giáo dục,Giáo dục,Giáo dục,True,0.5070601307971467,>=0.50
210650,Cô gái 17 tuổi thủng ruột vì thói quen ngậm tăm sau ăn,Sức khỏe,Sức khỏe,Sức khỏe,True,1.8310048993335748,>=0.50
65303,Trao giải Sáng tạo nội dung số Việt Nam 2024,Khoa học công nghệ,Khoa học,Kinh doanh,False,0.23330655203697426,0.20–0.30
171185,PGS.TS Đỗ Hồng Quân: 'Giải thưởng Âm nhạc Việt Nam 2024 là khởi đầu mới,Giải trí,Giải trí,Giải trí,True,0.9828318543241081,>=0.50
192150,"Napas dành tặng hàng ngàn quà tặng, ưu đãi trong ngày thẻ Việt Nam 2024",Kinh doanh,Kinh doanh,Kinh doanh,True,0.9065015449105656,>=0.50
33288,Người dân Thái Lan mong chính phủ kiềm giá và giảm chi phí sinh hoạt,Thế giới,Thế giới,Kinh doanh,False,0.23713101822961513,0.20–0.30
144659,"Mazda3 cũ giá rẻ không ngờ, 500 triệu đồng đã có xe đời mới",Xe,Xe,Xe,True,0.577995633988473,>=0.50
102968,Điểm chuẩn ngành sư phạm lịch sử thuộc tốp đầu,Giáo dục,Giáo dục,Giáo dục,True,1.5806031081534364,>=0.50
260692,"Nữ công nhân ở Hà Nam có ‘thú cưng’ đặc biệt, cả công ty xôn xao",Đời sống,Đời sống,Đời sống,True,0.24022540971663542,0.20–0.30
32644,Tổng tư lệnh Ukraine tiết lộ thế khó của Kiev?,Thế giới,Thế giới,Thế giới,True,0.33005021285733405,0.30–0.50
147651,Không tuân thủ biển hiệu lệnh giao thông có bị phạt?,Xe,Xe,Xe,True,0.06184653807951179,<0.10
137329,Người dân TP.HCM nộp hồ sơ phi địa giới ngay trong năm 2025,Thời sự,Thời sự,Kinh doanh,False,0.6671667835062679,>=0.50
38736,Tuyển bóng bàn Việt Nam vào chung kết đồng đội nam SEA Games sau 8 năm,Thể thao,Thể thao,Thể thao,True,0.5765477066491749,>=0.50
245033,7 người mất hơn 12 tỷ đồng vì nghe lời dụ dỗ của kẻ thất nghiệp,Thời sự,Thời sự,Pháp luật,False,0.023619044222592922,<0.10
259071,"Người đàn ông 59 tuổi đi xem mắt, đối tượng là em gái của chị dâu",Đời sống,Đời sống,Đời sống,True,0.21549892465966558,0.20–0.30
204241,"Dụ bạn sang Campuchia 'lương một tháng đủ mua iPhone', cô gái 20 tuổi lĩnh án tù",Pháp luật,Pháp luật,Pháp luật,True,0.97080001221433,>=0.50
62213,Microsoft lại 'làm khó' người dùng Windows 10,Khoa học công nghệ,Khoa học,Khoa học,True,0.4850500362235122,0.30–0.50
114572,Bạn có đang coi thường những tín hiệu cảnh báo từ cơ thể?,Sức khỏe,Sức khỏe,Sức khỏe,True,1.4578108770972849,>=0.50
180595,Những trường đại học công bố điểm sàn xét tuyển bằng điểm thi đánh giá năng lực,Giáo dục,Giáo dục,Giáo dục,True,1.639932999638901,>=0.50
172378,Bộ GD-ĐT phản hồi vụ ‘bằng đại học quốc tế’ không được công nhận,Giáo dục,Giáo dục,Giáo dục,True,1.891305801120092,>=0.50
59537,Những màu sắc nổi bật của iPhone 15 series,Khoa học công nghệ,Khoa học,Khoa học,True,0.3526788738266373,0.30–0.50
22040,"Concert ‘Anh trai vượt ngàn chông gai’ Day 3, 4 sẽ diễn ra trong tháng 3, tại TP.HCM",Kinh doanh,Kinh doanh,Kinh doanh,True,0.2409447122558942,0.20–0.30
245069,"Cựu cán bộ, doanh nhân Thanh Hóa sai phạm liên quan Hạc Thành Tower được giảm án",Thời sự,Thời sự,Kinh doanh,False,0.7500950943813192,>=0.50
145234,Crossover cỡ trung: Mazda CX-5 bỏ xa đối thủ bám đuổi Ford Territory,Xe,Xe,Xe,True,0.3388099229350073,0.30–0.50
132215,Bác sĩ đi xe cấp cứu 2 bánh đến nhà cứu người,Thời sự,Thời sự,Sức khỏe,False,0.7366137465771632,>=0.50
97788,Khi AI tiếp tay và trở thành kẻ 'bạo lực học đường' kiểu mới,Giáo dục,Giáo dục,Giáo dục,True,0.9258682302863832,>=0.50
161328,Bộ sách tri ân những bậc anh hùng trẻ tuổi đất Việt,Giải trí,Giải trí,Đời sống,False,0.2880940838534215,0.20–0.30
20501,Manulife ra mắt thêm 2 sản phẩm mới gia nhập dòng bảo hiểm 'xanh',Kinh doanh,Kinh doanh,Kinh doanh,True,0.5966331614163107,>=0.50
91968,Cuộc sống tuổi 77 của nghệ sĩ Uyên Trinh 'Mùi ngò gai',Giải trí,Giải trí,Giải trí,True,1.8052399463995719,>=0.50
50008,Bùng nổ tranh cãi có cần nhường đường trên cao tốc khi đã chạy tốc độ tối đa,Xe,Xe,Xe,True,0.28226823133265744,0.20–0.30
5053,Đưa Đại học Cần Thơ vào nhóm các trường đại học hàng đầu châu Á,Giáo dục,Giáo dục,Giáo dục,True,1.3131854999895498,>=0.50
185588,Viettel và Qualcomm sản xuất thành công khối vô tuyến trạm thu phát sóng 5G,Khoa học công nghệ,Khoa học,Khoa học,True,1.0438621542870556,>=0.50
209769,"Người mẹ 27 tuổi thoát mối nguy cận kề, sinh con nặng 6kg",Sức khỏe,Sức khỏe,Sức khỏe,True,1.5481012760030892,>=0.50
115668,5 nguyên tắc làm đẹp giúp nàng đẹp xinh lung linh đón tết,Sức khỏe,Sức khỏe,Sức khỏe,True,0.9381964768993156,>=0.50
26417,Tạm nghỉ tư vấn pháp lý trong dịp lễ Quốc khánh 2-9,Pháp luật,Pháp luật,Pháp luật,True,0.6101663570588004,>=0.50
169093,Thanh Bùi khóc nức nở khi biểu diễn cùng 2 con trai,Giải trí,Giải trí,Giải trí,True,0.43342753155814795,0.30–0.50
8665,"Hồ Ngọc Hà tin Charlie Puth sẽ bất ngờ vì Việt Nam, Hà Anh Tuấn hát cùng MONO",Giải trí,Giải trí,Giải trí,True,1.7908350478853259,>=0.50
34046,Xôn xao ảnh Canada đón Ngoại trưởng Mỹ với thảm đỏ nhỏ xíu giữa vũng nước,Thế giới,Thế giới,Thế giới,True,0.43240082542956304,0.30–0.50
45526,Vụ trụ cầu sông Lô trơ lõi thép: Có dấu hiệu vi phạm quy định trong hoạt động xây dựng,Thời sự,Thời sự,Pháp luật,False,0.29060658656642435,0.20–0.30
215941,"Thăm 'thành phố Răng hàm' ở Mexico, nơi có nhiều nha sĩ nhất thế giới",Thế giới,Thế giới,Sức khỏe,False,0.13579896645929468,0.10–0.20
85838,Nam diễn viên tự nhận thất bại vì bỏ nghề xa xứ khiến Kim Xuân nhói lòng,Giải trí,Giải trí,Giải trí,True,1.0965915111855729,>=0.50
26849,Chuyển nhượng cổ phần cá nhân cho pháp nhân khác?,Pháp luật,Pháp luật,Kinh doanh,False,1.0846594285892452,>=0.50
138985,TP.HCM: Tai nạn liên hoàn giữa 5 ô tô trên cầu Rạch Chiếc,Thời sự,Thời sự,Thời sự,True,0.5864383272854453,>=0.50
246494,Ông Trịnh Văn Quyết được đề nghị phạt tiền cho tội thao túng chứng khoán,Thời sự,Thời sự,Pháp luật,False,0.23190574229788707,0.20–0.30
117328,"Tái tạo năng lượng, 'hồi sinh' cơ, xương khớp với các bài tập yoga vặn xoắn",Sức khỏe,Sức khỏe,Sức khỏe,True,0.544215751364614,>=0.50
69604,Bí quyết 'hồi sinh' của đôi vợ chồng già từng thập tử nhất sinh vì bạo bệnh,Đời sống,Đời sống,Sức khỏe,False,0.10418192457617004,0.10–0.20
217953,Video Ukraine phá hủy tổ hợp tác chiến điện tử bí mật của Nga,Thế giới,Thế giới,Khoa học,False,0.23979132085532007,0.20–0.30
114660,Từng bước ‘cứng cáp trăm phần’ cho đến góp sức xây dựng quê hương,Sức khỏe,Sức khỏe,Giải trí,False,0.011381373242477233,<0.10
115685,Alpha Arbutin là gì? Tác dụng đối với làn da và những lưu ý khi sử dụng,Sức khỏe,Sức khỏe,Sức khỏe,True,0.8037117977975553,>=0.50
143339,Lộ thời điểm xe máy điện Honda E-VO gia nhập thị trường Việt Nam,Xe,Xe,Xe,True,0.09013230318011878,<0.10
171070,Món quà ca sĩ Quang Dũng dành tặng thân mẫu đang bệnh nặng,Giải trí,Giải trí,Giải trí,True,0.7466302110346389,>=0.50
236023,HLV Việt Nam được đào tạo kỹ năng 'đặc biệt' trước Olympic 2024,Thể thao,Thể thao,Thể thao,True,0.0912492999482597,<0.10
248581,Hyundai N: Lịch sử và ý nghĩa chữ cái đại diện cho dòng xe hiệu suất cao,Xe,Xe,Xe,True,0.7171795717305148,>=0.50
183913,Bà Rịa-Vũng Tàu vận hành mini app Zalo giúp người dân tiếp cận các dịch vụ công,Khoa học công nghệ,Khoa học,Kinh doanh,False,0.2903419170545408,0.20–0.30
26834,"Thuê nhà xây nhà xưởng, chủ lấy lại nhà trước hợp đồng, phải làm sao?",Pháp luật,Pháp luật,Công đoàn,False,0.4602870033423697,0.30–0.50
221944,Tuyển Việt Nam lạc nhịp dưới thời HLV Kim Sang Sik,Thể thao,Thể thao,Thể thao,True,1.3502854952197785,>=0.50
115060,Vis Trương từ chàng trai ‘Avatar’ đến soái ca,Sức khỏe,Sức khỏe,Giải trí,False,0.4909309091979469,0.30–0.50
37355,Cựu ngôi sao Barcelona trở thành người truyền đạo,Thể thao,Thể thao,Thế giới,False,0.08213183025998327,<0.10
216002,Người phụ nữ chiến đấu với kền kền để bảo vệ thi thể chồng trong rừng rậm Amazon,Thế giới,Thế giới,Khoa học,False,0.1768524548104174,0.10–0.20
177262,Chuyên gia giáo dục Lê Đình Hiếu được ba mẹ dạy 5 điều theo suốt cuộc đời,Giáo dục,Giáo dục,Giáo dục,True,0.6970739075325002,>=0.50
211555,Bác sĩ khuyến cáo 4 kiểu da cần được điều trị ngay,Sức khỏe,Sức khỏe,Sức khỏe,True,1.3475520052750865,>=0.50
99903,"TP.HCM sẽ kiểm tra đột xuất trung tâm ngoại ngữ, tin học trong trường hợp nào?",Giáo dục,Giáo dục,Giáo dục,True,1.388739328820603,>=0.50
112648,"Lãi suất tiết kiệm giảm, lãi vay vẫn neo cao",Kinh doanh,Kinh doanh,Kinh doanh,True,1.2909878626169538,>=0.50
119587,Báo động tình trạng các nước nghèo mắc nợ kỷ lục trong gần 2 thập niên,Thế giới,Thế giới,Kinh doanh,False,0.6171029971859159,>=0.50
249182,5 nữ tài xế xinh đẹp quyến rũ nổi tiếng khắp cộng đồng mạng,Xe,Xe,Xe,True,0.052592134064043505,<0.10
158524,MC Huyền Trang VTV thích chơi bi-a và những bật mí thú vị,Giải trí,Giải trí,Giải trí,True,0.9595278290042486,>=0.50
256676,Lời chúc Valentine trắng 14/3 cho người yêu lãng mạn 2025,Đời sống,Đời sống,Đời sống,True,0.07907920342662095,<0.10
177963,Đáp án môn Tiếng Anh mã đề chẵn thi tốt nghiệp THPT năm 2025,Giáo dục,Giáo dục,Giáo dục,True,1.3860896076759182,>=0.50
115907,Top 10 kem chống lão hóa tuổi 40 giúp da ‘quay ngược thời gian’ không cần spa,Sức khỏe,Sức khỏe,Sức khỏe,True,0.8665015429542853,>=0.50
211085,Bé gái 42 tháng tuổi uống nhầm thuốc tẩy quần áo,Sức khỏe,Sức khỏe,Sức khỏe,True,1.0658094048045528,>=0.50
32222,"Trung Quốc phản đòn mang tính 'sát thương', thương chiến Mỹ - Trung vào vòng xoáy mới",Thế giới,Thế giới,Kinh doanh,False,1.77028311114031,>=0.50
64899,Microsoft sẽ sớm 'xóa sổ' Control Panel khỏi Windows,Khoa học công nghệ,Khoa học,Khoa học,True,1.108657998322539,>=0.50
32927,Ông McCarthy giữa muôn trùng vây,Thế giới,Thế giới,Kinh doanh,False,0.04458106315920268,<0.10
27844,Cẩn thận hỏng gan vì thải độc,Sức khỏe,Sức khỏe,Sức khỏe,True,2.034493070119236,>=0.50
19565,"Manulife đồng ý hoàn tiền, khách phải chấm dứt mọi hành động chống lại công ty bảo hiểm",Kinh doanh,Kinh doanh,Kinh doanh,True,0.16747984889810213,0.10–0.20
206386,"Bụng to bất thường nhưng không đau, người phụ nữ mang khối u xơ tử cung 12 cm",Sức khỏe,Sức khỏe,Sức khỏe,True,2.0212373351233444,>=0.50
230736,"Liverpool giữ chân Salah, Luis Diaz bất ngờ bị rao bán",Thể thao,Thể thao,Thể thao,True,0.7356445456295735,>=0.50
141122,"TP.HCM: 32% ‘việc tìm người’ lương dưới 5 triệu, 41% ‘người tìm việc’ lương trên 20 triệu",Thời sự,Thời sự,Giáo dục,False,0.2134704375644233,0.20–0.30
203738,Khởi tố vụ án bé gái 12 tuổi ở Hà Nội bị hiếp dâm dẫn đến có thai,Pháp luật,Pháp luật,Pháp luật,True,0.6402998009093291,>=0.50
161395,"Nhà thơ Lữ Mai: 'Làm báo, viết văn không làm tổn hại chúng ta nếu có đạo đức'",Giải trí,Giải trí,Đời sống,False,0.05041800219572684,<0.10
37907,Thái Lan tuyên bố muốn giành 4 HCV bóng đá ở SEA Games 33,Thể thao,Thể thao,Thể thao,True,1.945547695528078,>=0.50
143605,"10 ô tô bán chạy nhất Việt Nam tháng 9.2025: VinFast áp đảo, VF5 dẫn đầu",Xe,Xe,Xe,True,0.44748388676865203,0.30–0.50
73789,Dừng xe ở làn khẩn cấp trên cao tốc đi vệ sinh: Luật quy định CSGT phạt thế nào?,Đời sống,Đời sống,Xe,False,0.29931737874833036,0.20–0.30
65266,Không gian mạng là 'mặt trận chiến lược mới',Khoa học công nghệ,Khoa học,Kinh doanh,False,0.09301444956813287,<0.10
120938,Dự án trải đường cho vũ khí hạt nhân Mỹ quay về Anh,Thế giới,Thế giới,Khoa học,False,0.1943701608532497,0.10–0.20
30051,5 loại vitamin tuyệt đối không dùng quá liều,Sức khỏe,Sức khỏe,Sức khỏe,True,1.3800581488413608,>=0.50
27371,Hôm nay tòa tuyên án đối với bà Trương Mỹ Lan và 85 bị cáo,Pháp luật,Pháp luật,Pháp luật,True,0.8470085130869927,>=0.50
184737,Luật Giao dịch điện tử sửa đổi tạo “đường băng” để chuyển đổi số “cất cánh”,Khoa học công nghệ,Khoa học,Kinh doanh,False,0.2968049426313305,0.20–0.30
111137,Giá USD hôm nay 13.10.2024: Đồng loạt tăng trong tuần,Kinh doanh,Kinh doanh,Kinh doanh,True,1.4436845970581555,>=0.50
114206,Nam sinh nhập viện cấp cứu do nhét dị vật dài 60 cm vào niệu đạo,Sức khỏe,Sức khỏe,Sức khỏe,True,1.424463356403606,>=0.50
54224,Huawei ra mắt Pocket 2 thách thức Galaxy Z Flip5,Khoa học công nghệ,Khoa học,Khoa học,True,1.4475185722186368,>=0.50
173704,Người thầy 'không viết bảng' khiến lớp tôi hơn 20 năm vẫn trân quý,Giáo dục,Giáo dục,Giáo dục,True,1.0116559404485415,>=0.50
204320,"Chuyển giao đất vàng trái phép, dàn lãnh đạo Vinafood II lãnh án",Pháp luật,Pháp luật,Kinh doanh,False,0.506557999234626,>=0.50
240970,Lưu ý mới với xe bị từ chối kiểm định,Thời sự,Thời sự,Pháp luật,False,0.47733605962560227,0.30–0.50
26668,"Khai thác cát gây sạt lở, đòi bồi thường được không?",Pháp luật,Pháp luật,Pháp luật,True,0.5917853258570299,>=0.50
207928,Chủ tịch Tập đoàn Carl Zeiss ấn tượng với Bệnh viện mắt quốc tế Việt - Nga,Sức khỏe,Sức khỏe,Sức khỏe,True,0.5658575105131791,>=0.50
145475,"Tiêu thụ xe bán tải gia tăng, Ford Ranger chiếm hơn 80%",Xe,Xe,Xe,True,0.04576719355353376,<0.10
12825,"Cảnh khỏa thân trong phim mới của Park Min Young bị chê vô nghĩa, nhạt nhẽo",Giải trí,Giải trí,Giải trí,True,1.671438432820341,>=0.50
137505,Chịu trách nhiệm hình sự tội gì nếu thú cưng gây chết người?,Thời sự,Thời sự,Pháp luật,False,0.5789954572232452,>=0.50
67422,"CSGT TP.HCM lập biên bản, ghi hình phạt nguội hàng loạt ô tô dừng đỗ sai quy định",Đời sống,Đời sống,Xe,False,0.4055432592855277,0.30–0.50
145944,Toyota Fortuner 2023 được nâng cấp nhưng vẫn nhàm chán,Xe,Xe,Khoa học,False,0.16493071173003282,0.10–0.20
131319,"Sau kỳ tích của Carlos Yulo, Đông Nam Á lại giải hạn huy chương: Khó có Việt Nam",Thể thao,Thể thao,Thể thao,True,1.047047311871183,>=0.50
210788,Bệnh nhi 10 tuổi tử vong do bạch hầu,Sức khỏe,Sức khỏe,Sức khỏe,True,0.7398612888037696,>=0.50
224853,Highlights bóng đá SEA Games 32 U22 Myanmar 2-0 U22 Campuchia,Thể thao,Thể thao,Thể thao,True,0.8764233888321163,>=0.50
212454,Những loại trái cây tốt cho người bệnh đái tháo đường,Sức khỏe,Sức khỏe,Sức khỏe,True,1.4214210495253257,>=0.50
224875,Nhận định bóng đá nam SEA Games 32 - U22 Indonesia vs U22 Myanmar,Thể thao,Thể thao,Thể thao,True,1.622474138550154,>=0.50
140208,Kon Tum đặt mục tiêu trồng mới hơn 1.500 ha sâm Ngọc Linh,Thời sự,Thời sự,Kinh doanh,False,0.5373976584440738,>=0.50
101215,'Ngôi sao' tin học Lâm Đồng đạt huy chương bạc kỳ thi Olympic Tin học quốc tế,Giáo dục,Giáo dục,Giáo dục,True,1.9581516316096539,>=0.50
204073,"Thủ tục đăng ký xe máy, ô tô online mới nhất 2024 trên VNeID, cổng dịch vụ công",Pháp luật,Pháp luật,Xe,False,0.38111689902263,0.30–0.50
260137,Phát hiện bé trai 2 tuổi sống sót nhiều ngày bên thi thể mẹ,Đời sống,Đời sống,Sức khỏe,False,0.20155279951828442,0.20–0.30
54746,Cách bảo vệ tai nghe không bị bong tróc da và hư hỏng,Khoa học công nghệ,Khoa học,Thời sự,False,0.03201603451313717,<0.10
253433,Top 10 xe bán chậm tháng 8: Ford Explorer bất ngờ ế ẩm,Xe,Xe,Xe,True,0.04567470393803419,<0.10
69369,"Cúng sao giải hạn, xin quẻ đầu năm: Có chăng hên xui… được an bài?",Đời sống,Đời sống,Pháp luật,False,0.10925404221473989,0.10–0.20
237894,Mẹ bé gái 13 tuổi mất tích bí ẩn kể về những chi tiết cởi nút thắt tìm con,Thời sự,Thời sự,Pháp luật,False,0.20682793126081372,0.20–0.30
81827,Trần Ngọc Vàng: Tôi và Thuận Nguyễn cùng tần số,Giải trí,Giải trí,Giải trí,True,1.2708533660163814,>=0.50
120802,Không quân Hàn Quốc dừng hầu hết máy bay sau vụ chiến đấu cơ rơi súng,Thế giới,Thế giới,Thế giới,True,0.5102514428295811,>=0.50
66408,Hơn 18.000 ngôi chùa đồng loạt cử chuông trống bát nhã sáng 1.7: Có ý nghĩa gì?,Đời sống,Đời sống,Khoa học,False,0.009519359896237756,<0.10
204364,Bà Trương Mỹ Lan ra tòa xin giảm nhẹ hình phạt,Pháp luật,Pháp luật,Kinh doanh,False,0.5112228063645213,>=0.50
219417,Chủ tịch VFF Trần Quốc Tuấn nhận tin cực vui từ FIFA,Thể thao,Thể thao,Thể thao,True,0.9854715367835496,>=0.50
9765,"Ngô Thanh Vân xuất hiện 10 giây trong trailer The Old Guard 2, đấu tay đôi với minh tinh quốc tế",Giải trí,Giải trí,Giải trí,True,1.2266091605175653,>=0.50
32523,"Mỹ đang bị Nga, Iran 'hất cẳng' khỏi châu Phi?",Thế giới,Thế giới,Thế giới,True,1.100367990100667,>=0.50
26341,"Ký hợp đồng thử việc, có được chấm dứt trước hạn?",Pháp luật,Pháp luật,Pháp luật,True,0.1449808602084074,0.10–0.20
121023,Thái Lan có thể mua tàu hộ tống của Trung Quốc thay tàu ngầm,Thế giới,Thế giới,Khoa học,False,0.15716438170304353,0.10–0.20
145120,'Kỳ lân' ô tô điện Trung Quốc sắp gia nhập thị trường Việt Nam,Xe,Xe,Xe,True,0.7115596273600308,>=0.50
50798,"BMW Speedtop: Xe giới hạn cho giới siêu giàu, giá quanh 13 tỉ đồng",Xe,Xe,Xe,True,0.455418136121471,0.30–0.50
89835,Cuộc sống của NSƯT Kim Tuyến trước tin đồn tình cảm,Giải trí,Giải trí,Giải trí,True,1.9586750807595334,>=0.50
122531,Trung Quốc tiến hành tập trận quanh Đài Loan,Thế giới,Thế giới,Thế giới,True,0.7747240291838073,>=0.50
262736,Bạn muốn hẹn hò tập 1065: Ông bố đơn thân mong được hẹn hò cô giáo kém tuổi,Đời sống,Đời sống,Giải trí,False,0.44463425365019904,0.30–0.50
110570,Giá vàng nhẫn tăng nửa triệu đồng mỗi lượng,Kinh doanh,Kinh doanh,Kinh doanh,True,1.1312005126808446,>=0.50
26958,Tài sản riêng của mẹ tôi có phải chia cho con riêng của cha dượng?,Pháp luật,Pháp luật,Pháp luật,True,0.2785385267281523,0.20–0.30
209760,Tăng giá khám chữa bệnh BHYT theo mức lương mới,Sức khỏe,Sức khỏe,Sức khỏe,True,1.0458363335278258,>=0.50
7518,Tài năng guitar gốc Việt Lê Hoàng Minh: ‘Người Việt Nam yêu guitar nhiều lắm’,Giải trí,Giải trí,Giải trí,True,0.8868315708068637,>=0.50
210112,Cụ ông 81 tuổi thoát khỏi vụ cháy chung cư mini nhờ xô nước,Sức khỏe,Sức khỏe,Sức khỏe,True,0.08156671225153223,<0.10
90737,Tình trạng sức khỏe của Tấn Beo ra sao sau 2 năm trị bệnh?,Giải trí,Giải trí,Giải trí,True,0.3609193057941694,0.30–0.50
59514,Windows 11 sắp 'khai tử' mật khẩu truyền thống,Khoa học công nghệ,Khoa học,Khoa học,True,0.632748151716181,>=0.50
204952,Bách hóa Xanh bị băng lừa đảo xuyên quốc gia lừa 6 tỷ đồng,Pháp luật,Pháp luật,Pháp luật,True,0.008460775997538694,<0.10
252859,"Bị mất chiếc Toyota Highlander chạy 1,6 triệu km, hãng tặng khách luôn xe mới",Xe,Xe,Xe,True,0.37384122929059993,0.30–0.50
114567,Tư vấn sức khỏe,Sức khỏe,Sức khỏe,Sức khỏe,True,1.8447684700987854,>=0.50
217481,Nga ra mắt người máy quân sự thế hệ mới áp chế UAV,Thế giới,Thế giới,Khoa học,False,0.2684815539837715,0.20–0.30
46797,"Khởi công đường Lò Lu, dân mong hoàn thành đúng tiến độ",Thời sự,Thời sự,Kinh doanh,False,0.28124877875736176,0.20–0.30
251602,"''Check xe' Ford bị tai nạn vẫn kết luận 'nguyên bản', gara nhận lỗi xin mua lại",Xe,Xe,Xe,True,0.32415092875093066,0.30–0.50
255148,Cách xác định nhanh vị trí nắp bình xăng không cần bước ra khỏi xe,Xe,Xe,Xe,True,0.45570073859983984,0.30–0.50
242182,"Xe máy lao xuống mương thoát nước, 2 người đàn ông tử vong tại chỗ",Thời sự,Thời sự,Thời sự,True,0.17928033706215774,0.10–0.20
238803,"Phòng, chống thiên tai 2023: Từ ứng phó đến hành động sớm",Thời sự,Thời sự,Khoa học,False,0.0809760296251748,<0.10
116611,"Chuyên gia bật mí 3 hoạt chất ‘cứu tinh’ cho làn da chảy xệ, lão hóa sớm",Sức khỏe,Sức khỏe,Sức khỏe,True,0.8925589158340763,>=0.50
117524,"Alo bác sĩ nghe: Bệnh tả có nguy hiểm không, phòng ngừa ra sao?",Sức khỏe,Sức khỏe,Sức khỏe,True,1.817903154791352,>=0.50
46287,"Xe tăng, xe thiết giáp 'hành quân' trong đêm mưa về trụ sở Bộ Quốc phòng",Thời sự,Thời sự,Xe,False,0.016675163626752032,<0.10
204396,Nhìn lại những vụ án tham nhũng gây nhức nhối dư luận,Pháp luật,Pháp luật,Pháp luật,True,0.31191528789683953,0.30–0.50
51535,"Mercedes-Benz CLA đời mới hé lộ động cơ: 3 bản điện hóa, 2 bản thuần điện, không có xăng thường",Xe,Xe,Xe,True,0.30297466741381957,0.30–0.50
26025,"Nhà chung cư chưa có sổ hồng, muốn tặng cho con phải làm thủ tục gì?",Pháp luật,Pháp luật,Kinh doanh,False,0.10685519471106086,0.10–0.20
12578,Bức xúc vì cảnh gái dại trai trong phim truyền hình Việt hơi nhiều,Giải trí,Giải trí,Giải trí,True,1.5417390661164139,>=0.50
26002,Di chúc được xác nhận của cơ sở y tế có giá trị như di chúc công chứng?,Pháp luật,Pháp luật,Pháp luật,True,0.19820738614464167,0.10–0.20
112445,Giá vàng hôm nay 21.1.2023: 'Bốc hơi' nửa triệu đồng sau 1 đêm,Kinh doanh,Kinh doanh,Kinh doanh,True,1.0468732689098488,>=0.50
129453,"Billiards: Thiên tài Caudron tung sê-ri lớn, tái xuất ấn tượng tại World Cup TP.HCM",Thể thao,Thể thao,Thể thao,True,0.8410238388026928,>=0.50
65121,Ứng dụng AI vào lưới điện thông minh: Động lực mới cho phát triển bền vững,Khoa học công nghệ,Khoa học,Kinh doanh,False,0.5605805697044809,>=0.50
231929,Rodri trách khéo Haaland sau cú ăn ba của Man City,Thể thao,Thể thao,Thể thao,True,1.168284725846393,>=0.50
100533,"Đề xuất lương giáo viên xếp cao nhất, giáo viên mầm non nghỉ hưu sớm 5 năm",Giáo dục,Giáo dục,Giáo dục,True,1.4360871528848014,>=0.50
240780,Nữ tài xế lái ô tô đi ngược chiều đường dẫn cao tốc nói 'do không biết đường',Thời sự,Thời sự,Xe,False,0.21932177305617628,0.20–0.30
27341,Cựu giám đốc Công an Hải Phòng Đỗ Hữu Ca ra tòa phúc thẩm,Pháp luật,Pháp luật,Pháp luật,True,0.5223745018891309,>=0.50
180219,"Điểm chuẩn học bạ Trường ĐH Khoa học Xã hội và Nhân văn TP.HCM cao nhất 28,45",Giáo dục,Giáo dục,Giáo dục,True,1.9075588349714485,>=0.50
126884,Đề xuất trao tặng bằng khen của Thủ tướng cho HLV Kim Sang-sik và các cầu thủ U.23 Việt Nam,Thể thao,Thể thao,Thể thao,True,1.964074926119963,>=0.50
251670,Ấm lòng thợ xe Thanh Hóa đến Thái Nguyên sửa xe miễn phí cho người dân sau ngập,Xe,Xe,Đời sống,False,0.204053803190897,0.20–0.30
194103,"Trong một tháng, đóng gần 380 nghìn tài khoản chứng khoán",Kinh doanh,Kinh doanh,Kinh doanh,True,1.0996279704085827,>=0.50
126556,"Lịch thi đấu vòng chung kết TNSV THACO cup 2025 hấp dẫn: Xem ở đâu, giờ nào?",Thể thao,Thể thao,Thể thao,True,1.1432656294490684,>=0.50
35140,Xuân vận Trung Quốc 2023 bắt đầu,Thế giới,Thế giới,Đời sống,False,0.09636158592391186,<0.10
14963,"Manbo tiết lộ điểm thi đại học của Gerdnang, 4 điểm môn văn nên Hieuthuhai gây tranh cãi",Giải trí,Giải trí,Giải trí,True,1.4867025403915255,>=0.50
98334,8 trẻ nhập viện sau tiệc Trung thu: Sở Y tế Vĩnh Long nêu nguyên nhân,Giáo dục,Giáo dục,Sức khỏe,False,0.5528461086932892,>=0.50
97351,Đến với học trò bị cô lập do mưa lũ,Giáo dục,Giáo dục,Giáo dục,True,0.2337875018717086,0.20–0.30
219189,Hạn chót FAM khiếu nại FIFA: Malaysia trên đe dưới búa,Thể thao,Thể thao,Thể thao,True,0.6670298465088149,>=0.50
98136,"Bổ nhiệm 54 trưởng, phó phòng ban của Sở GD-ĐT TP.HCM mới",Giáo dục,Giáo dục,Giáo dục,True,0.23985759621220248,0.20–0.30
226733,"Tin tức về chuyển nhượng 23/8: MU ký Nathan Collins, Mourinho cứu Antony",Thể thao,Thể thao,Thể thao,True,0.42090367773993076,0.30–0.50
54522,"The X Show: OPPO Find X9 Series ra mắt, biến khoảnh khắc thành kiệt tác nhiếp ảnh",Khoa học công nghệ,Khoa học,Giải trí,False,0.11471809433968372,0.10–0.20
141206,"Doanh nghiệp Hà Nội đang tuyển hàng nghìn việc làm, mức lương hấp dẫn",Thời sự,Thời sự,Giáo dục,False,1.0926399422540918,>=0.50
118283,Lễ đăng quang Vua Anh tốn hơn 90 triệu USD,Thế giới,Thế giới,Đời sống,False,0.006671464558991702,<0.10
114934,"Đề xuất tăng thuế, đồng bộ các giải pháp phòng chống tác hại của thuốc lá",Sức khỏe,Sức khỏe,Sức khỏe,True,0.9722699814953106,>=0.50
179240,"Trường THPT Hà Đông: đào tạo chất lượng cao, mức thu học phí thấp",Giáo dục,Giáo dục,Giáo dục,True,3.833103850222749,>=0.50
26162,"Bị người khác dùng mã số thuế của mình, có cần đổi mã số thuế mới?",Pháp luật,Pháp luật,Kinh doanh,False,0.29554064900371635,0.20–0.30
148191,"Không chỉ giảm giá, Tesla Model Y còn có thêm bản tiêu chuẩn giá rẻ",Xe,Xe,Xe,True,0.5387749042835703,>=0.50
80247,"Phim ‘Làng trong phố’ tập 9: Hoài bị hại, Hiếu mang tiếng làm ‘phi công’",Giải trí,Giải trí,Giải trí,True,0.1136858372103855,0.10–0.20
204274,Luật sư đề nghị miễn trách nhiệm hình sự cho bị cáo Trịnh Văn Quyết,Pháp luật,Pháp luật,Pháp luật,True,1.2662504532167527,>=0.50
253757,Giá xe Lexus LX 2025 tăng đáng kể nhưng sức hút không hề giảm,Xe,Xe,Kinh doanh,False,0.10564581663669115,0.10–0.20
204756,Cựu thiếu tá lái xe tông tử vong nữ sinh ở Ninh Thuận bị tuyên phạt 14 tháng tù,Pháp luật,Pháp luật,Pháp luật,True,0.26921431392598927,0.20–0.30
69305,TP.HCM: Trao giải cuộc thi 'Thính giả với an toàn giao thông',Đời sống,Đời sống,Pháp luật,False,0.012762541810092065,<0.10
58540,Loạt điện thoại Galaxy A và M kèm ứng dụng AppCloud 'không thể gỡ bỏ',Khoa học công nghệ,Khoa học,Khoa học,True,1.0265006326007513,>=0.50
57990,Toyota cảnh báo rò rỉ dữ liệu một số khách hàng,Khoa học công nghệ,Khoa học,Kinh doanh,False,0.600554083384313,>=0.50
56334,Microsoft đầu tư vào công ty khởi nghiệp chip AI,Khoa học công nghệ,Khoa học,Kinh doanh,False,0.06220115004476179,<0.10
252027,Mercedes-Benz bị tẩy chay tại thị trường Trung Quốc,Xe,Xe,Xe,True,0.2679769709528596,0.20–0.30
203750,Bắt giam kẻ rút súng bắn người trong quán bida,Pháp luật,Pháp luật,Pháp luật,True,0.8802941844636425,>=0.50
60132,Làn sóng smartphone tầm trung pin khủng 8.000 mAh sắp xuất hiện,Khoa học công nghệ,Khoa học,Khoa học,True,1.3312321052058764,>=0.50
203276,Phê chuẩn khởi tố 8 bị can trong vụ án ma túy lớn nhất lịch sử Đắk Lắk,Pháp luật,Pháp luật,Pháp luật,True,1.2225121812539932,>=0.50
126565,ĐH Nam Cần Thơ tuyển 'quân xịn' dự vòng loại khu vực Tây Nam bộ,Thể thao,Thể thao,Thể thao,True,1.1223683008140977,>=0.50
182639,Nâng tầm dịch vụ khách hàng với giải pháp Tổng đài đa kênh VNPT Call Center,Khoa học công nghệ,Khoa học,Kinh doanh,False,1.3049345333002496,>=0.50
8885,"Phim Việt chốt sổ năm 2025 bị Avatar 3 áp đảo, đứng trước nguy cơ thua lỗ",Giải trí,Giải trí,Giải trí,True,0.6342586400649439,>=0.50
30724,"Tóc bạc do đâu, có thể ngăn ngừa được không?",Sức khỏe,Sức khỏe,Khoa học,False,0.061779079748024435,<0.10
27853,"Đốt than củi sưởi ấm cho trẻ tắm, bệnh nhi nguy kịch vì ngộ độc khí CO",Sức khỏe,Sức khỏe,Sức khỏe,True,1.1911405265266324,>=0.50
166255,"Vụ diễn viên, MC bị bắt: Ca sĩ rời Đảng vì cáo buộc tống tiền The Icon Group",Giải trí,Giải trí,Giải trí,True,0.07107110311518977,<0.10
26972,"Cha mẹ tôi di chúc miệng để lại nhà làm nơi thờ tự, vậy có hiệu lực không?",Pháp luật,Pháp luật,Pháp luật,True,0.4070195065468155,0.30–0.50
82082,Vì sao NSƯT Hoài Linh nhận lời đóng phim 'Chị ngã em nâng'?,Giải trí,Giải trí,Giải trí,True,1.9228528389190522,>=0.50
109443,Người dân TP.HCM có thể phải lội nước trong 2 ngày tới vì triều cường cao,Kinh doanh,Kinh doanh,Khoa học,False,0.22342548602059692,0.20–0.30
107136,Quy định về điều kiện tách thửa đất ở Tây Ninh có gì mới?,Kinh doanh,Kinh doanh,Khoa học,False,0.08832320528380533,<0.10
145141,"Sức mua có dấu hiệu hồi phục, các hãng xe máy tại Việt Nam tăng sản lượng",Xe,Xe,Kinh doanh,False,0.21801765448990462,0.20–0.30
218152,Video UAV Ukraine bắn nổ xe tăng T-90 của Nga ở Donetsk,Thế giới,Thế giới,Xe,False,0.10544194617149116,0.10–0.20
38408,Tay đấm Hà Thị Linh thắng dễ trận ra quân Olympic 2024,Thể thao,Thể thao,Thể thao,True,0.9616386340472354,>=0.50
56291,Đột phá sạc không dây truyền năng lượng bằng sóng siêu âm,Khoa học công nghệ,Khoa học,Khoa học,True,1.33246519590532,>=0.50
26992,"Tiệm tạp hóa dán hình học sinh với câu 'cảnh báo ăn cắp vặt', vậy có vi phạm pháp luật?",Pháp luật,Pháp luật,Pháp luật,True,1.0256209492770054,>=0.50
51304,"Sập bẫy tình ảo với 'Elon Musk', người phụ nữ mất hơn 1,5 tỉ",Xe,Xe,Pháp luật,False,0.22502393780518692,0.20–0.30
264105,Thợ nữ xăm mình nhiều nhất Việt Nam kể chuyện làm đẹp vùng kín cho đàn ông,Đời sống,Đời sống,Giải trí,False,0.03229627842342375,<0.10
118911,"Hai bên hòa, ba bên lợi",Thế giới,Thế giới,Thế giới,True,0.8514690537143496,>=0.50
241803,"Tai nạn giao thông giữa 3 ô tô trên cao tốc Nội Bài - Lào Cai, 1 người tử vong",Thời sự,Thời sự,Thời sự,True,0.5474784059826894,>=0.50
92415,Linh Phi nói lý do chọn gác sự nghiệp làm hậu phương cho diễn viên Quang Tuấn,Giải trí,Giải trí,Giải trí,True,1.6531214565492536,>=0.50
249592,"Bấm trúng biển ngũ quý 6, thanh niên rao bán giá xe Wave Alpha giá 235 triệu",Xe,Xe,Xe,True,0.010549765752886131,<0.10
30046,"Phẫu thuật trĩ Longo: Giảm đau, ngăn tái phát, xuất viện sớm",Sức khỏe,Sức khỏe,Sức khỏe,True,1.8495593396812868,>=0.50
187216,Xe tăng Leclerc XLR 'lột xác' sẵn sàng đấu ngang cơ T-14 Armata và mọi đối thủ,Khoa học công nghệ,Khoa học,Xe,False,0.09929097380854363,<0.10
18062,Đô thị TP.HCM cần 'không gian hành vi văn hóa' đa dạng,Kinh doanh,Kinh doanh,Xã hội,False,0.09996726918815113,<0.10
247813,Xe máy tí hon Honda Cross Cub 110 nhập Trung Quốc giá đắt ngang SH,Xe,Xe,Xe,True,0.3013921343965881,0.30–0.50
44353,Đối mặt cơn lốc hàng Trung Quốc,Thời sự,Thời sự,Kinh doanh,False,1.7143483640762296,>=0.50
58037,Chuỗi bán lẻ di động 'ngấm đòn' Covid-19,Khoa học công nghệ,Khoa học,Kinh doanh,False,1.5359301194542667,>=0.50
157614,"Không thời gian tập 2: Cô giáo Tâm bị ngã, Trung tá Đại gặp sự cố không ngờ",Giải trí,Giải trí,Đời sống,False,0.0013094899066748988,<0.10
203279,Bắt tạm giam thanh niên xâm hại cháu ngoại của người cho ở nhờ,Pháp luật,Pháp luật,Pháp luật,True,1.0271920605062894,>=0.50
254714,"'Tài già' chỉ ra 5 kinh nghiệm lái xe an toàn khi trời mưa nồm, sương mù dày đặc",Xe,Xe,Xe,True,0.2917960806905845,0.20–0.30
263852,Chàng trai trẻ liều mạng hoá 'người nhện' tay không leo toà nhà chọc trời,Đời sống,Đời sống,Đời sống,True,0.14209747092454644,0.10–0.20
203805,"Bắt người phụ nữ cho vay lãi suất 200%/năm, thu lợi bất chính 800 triệu đồng",Pháp luật,Pháp luật,Pháp luật,True,0.7348647990956904,>=0.50
74378,Thanh Niên và tôi: 17 giờ 52 phút,Đời sống,Đời sống,Đời sống,True,0.06908044467946084,<0.10
146280,Kia Rio 2023 xuất hiện tại Việt Nam dù đã khai tử,Xe,Xe,Xe,True,0.6833983255631764,>=0.50
35241,Bài phát biểu cuối của Tổng thống Biden trước khi rời Nhà Trắng,Thế giới,Thế giới,Thế giới,True,0.4582398240720217,0.30–0.50
197314,Bản tin kinh tế 19/11: Chiêu giấu nợ của SCB; sếp SeABank muốn bán hết cổ phiếu,Kinh doanh,Kinh doanh,Kinh doanh,True,2.490519147185818,>=0.50
109847,Giá vàng bị thổi bay gần 2 triệu đồng/lượng,Kinh doanh,Kinh doanh,Kinh doanh,True,1.0923430897086999,>=0.50
209383,"Nghi ngộ độc khí, hàng chục công nhân ở Quảng Ninh nhập viện",Sức khỏe,Sức khỏe,Sức khỏe,True,0.32603665660458286,0.30–0.50
90138,Hoa hậu Ngọc Diễm chia sẻ tin vui,Giải trí,Giải trí,Giải trí,True,0.5211548904658303,>=0.50
251927,"Xảy ra nhiều bất đồng, Nissan tạm ngừng đàm phán sáp nhập với Honda",Xe,Xe,Kinh doanh,False,1.0962125317680123,>=0.50
115797,Detox da trong môi trường ô nhiễm: Bí quyết cho làn da khỏe mạnh,Sức khỏe,Sức khỏe,Sức khỏe,True,1.0962082564557758,>=0.50
26928,"Mua nhà giấy tay, làm sao để đứng tên trên sổ hồng?",Pháp luật,Pháp luật,Pháp luật,True,0.47151096829406014,0.30–0.50
265122,"Đi qua 30 năm hôn nhân, tôi không hiểu tại sao có thể... sống với chồng",Đời sống,Đời sống,Giải trí,False,0.14978849745724382,0.10–0.20
39500,Tay vợt Indonesia gục ngã trước Emma Raducanu tại US Open,Thể thao,Thể thao,Thể thao,True,1.5806242375458663,>=0.50
100807,"Mở cửa cứu bạn thoát vụ ‘thảm sát 3 người’, học sinh lớp 5 nhận thư khen",Giáo dục,Giáo dục,Pháp luật,False,0.2554261295326839,0.20–0.30
258150,Mạng xã hội chia sẻ chuyện người đàn ông ăn củ cải để đòi món nợ suốt 10 năm,Đời sống,Đời sống,Đời sống,True,0.003179999022770441,<0.10
109195,"'Sáng rồi, sáng như hòa bình vậy'",Kinh doanh,Kinh doanh,Đời sống,False,0.12246111134888649,0.10–0.20
26628,"Bị tuyên án treo, cấm đảm nhiệm chức vụ, có được tiếp tục đi làm không?",Pháp luật,Pháp luật,Pháp luật,True,0.29922093209793277,0.20–0.30
261043,"Cô gái say rượu nhảy sông tự tử, chó cưng dẫn cảnh sát tới cứu",Đời sống,Đời sống,Đời sống,True,0.006914406663957873,<0.10
26375,"Chậm đi du học do thủ tục, có được hoãn nghĩa vụ quân sự không?",Pháp luật,Pháp luật,Pháp luật,True,0.09190637872979002,<0.10
44934,"'Hàng nhà làm', 'chuẩn mẹ nấu'",Thời sự,Thời sự,Đời sống,False,0.30009299044404875,0.30–0.50
66670,Lịch âm hôm nay ngày 4 tháng 11: Rằm tháng 9 có siêu trăng sáng nhất 2025,Đời sống,Đời sống,Khoa học,False,0.5669624764966321,>=0.50
45180,"'Đại bàng' FDI làm tổ: Xây nhà ở chục triệu USD, cùng Công đoàn chăm lo công nhân",Thời sự,Thời sự,Kinh doanh,False,0.09386096570630842,<0.10
236698,"Người dân kiến nghị dừng phát loa từ 4h30, phường nói 'phép vua thua lệ làng'",Thời sự,Thời sự,Pháp luật,False,0.2938502037338652,0.20–0.30
59933,"Microsoft Paint tích hợp DALL-E 3, tạo hình ảnh AI ngay trên Windows 11",Khoa học công nghệ,Khoa học,Khoa học,True,1.3634481006826313,>=0.50
27133,Bắt 1 cán bộ ở Ủy ban Kiểm tra Tỉnh ủy Phú Yên lừa 'chạy án',Pháp luật,Pháp luật,Pháp luật,True,0.8760734301175659,>=0.50
156908,Đạo diễn phải làm công văn xin mua vải để may đồ cho NSƯT Thanh Loan,Giải trí,Giải trí,Giải trí,True,1.4885733707546103,>=0.50
218505,Video xe tên lửa ‘cây sồi’ Ukraine cháy lớn sau đòn tập kích của UAV Nga,Thế giới,Thế giới,Thế giới,True,0.22414232470754314,0.20–0.30
118275,Chuyên gia Harvard nói về dạng sự sống ngoài hành tinh duy nhất đến được trái đất,Thế giới,Thế giới,Khoa học,False,1.435608234743333,>=0.50
19343,Siêu thị tung 'mưa' ưu đãi cho phái đẹp,Kinh doanh,Kinh doanh,Kinh doanh,True,0.7731268282919426,>=0.50
179841,Điểm chuẩn trường đại học Quốc tế Hồng Bàng và trường đại học Văn Lang 2023,Giáo dục,Giáo dục,Giáo dục,True,1.6194751804304,>=0.50
211079,Q&A: Dâu tây rất giàu vitamin lợi cho sức khỏe nhưng ai không nên ăn?,Sức khỏe,Sức khỏe,Sức khỏe,True,1.2562035924386814,>=0.50
54974,Mẹo giúp Google Photos không bị đầy không gian lưu trữ,Khoa học công nghệ,Khoa học,Khoa học,True,0.8550731015876876,>=0.50
53925,So kè iPhone 16e và các thành viên dòng iPhone 16,Khoa học công nghệ,Khoa học,Khoa học,True,0.681833534793989,>=0.50
13770,Mai Ngô mang thiết kế lấy cảm hứng từ Nam Phương hoàng hậu đến Miss Charm,Giải trí,Giải trí,Thời sự,False,0.23368379705740738,0.20–0.30
190767,VPBank lập kỷ lục thu xếp khoản vay 1 tỷ USD quốc tế hỗ trợ tài chính bền vững,Kinh doanh,Kinh doanh,Kinh doanh,True,2.0684761227684345,>=0.50
230963,Mourinho được tiến cử thay Xavi dẫn dắt Barcelona,Thể thao,Thể thao,Thể thao,True,1.1798898182258306,>=0.50
37998,"Bóng chuyền nữ Việt Nam thất bại trước Thái Lan: Không sao đâu, các cô gái!",Thể thao,Thể thao,Thể thao,True,0.8529708660919029,>=0.50
148090,"Ô tô điện cỡ nhỏ VinFast VF3 lộ diện, giá đồn đoán dưới 300 triệu đồng",Xe,Xe,Xe,True,0.8805713449967038,>=0.50
92977,Angelina Jolie cuốn hút với tóc xoăn cá tính,Giải trí,Giải trí,Giải trí,True,0.5936725000284605,>=0.50
15014,"Rầm rộ trào lưu hóa trang Na Tra; Nữ chính Cha tôi, người ở lại gây sốt",Giải trí,Giải trí,Giải trí,True,1.2132331621779588,>=0.50
202695,"Tỷ phú Ấn Độ Gautam Adani bị truy tố: Giàu số 2 châu Á, ông trùm năng lượng xanh",Kinh doanh,Kinh doanh,Kinh doanh,True,1.674146614355611,>=0.50
58365,Mỹ miễn thuế điện thoại nhưng nhắm đến thuế bán dẫn,Khoa học công nghệ,Khoa học,Kinh doanh,False,0.7712979390744763,>=0.50
184182,Quảng Ninh phát huy tối đa sức mạnh của tổ công nghệ số cộng đồng,Khoa học công nghệ,Khoa học,Kinh doanh,False,0.1611232699439522,0.10–0.20
36108,Tổng thống Biden gọi nhầm lãnh đạo Ukraine là 'Tổng thống Putin',Thế giới,Thế giới,Thế giới,True,0.8710959834606572,>=0.50
243799,"Va chạm với ô tô, nam thanh niên tử vong ở Phú Thọ",Thời sự,Thời sự,Thời sự,True,0.8964242742651247,>=0.50
72963,"Nước lũ dâng 'không kịp trở tay', nhiều người dân Thái Nguyên lên mạng cầu cứu",Đời sống,Đời sống,Đời sống,True,0.09581083072868102,<0.10
109087,"‘Ông trùm’ khu công nghiệp, vật liệu xây dựng báo lãi quý 1/2024 tăng 133%",Kinh doanh,Kinh doanh,Kinh doanh,True,1.9220777251713415,>=0.50
145803,"5 trang bị, tính năng trên ô tô được phụ nữ ưa chuộng nhất",Xe,Xe,Khoa học,False,0.19504205588594054,0.10–0.20
5529,RMIT tổ chức Hội nghị nâng cao năng lực bảo vệ trẻ em,Giáo dục,Giáo dục,Giáo dục,True,0.41681105756326264,0.30–0.50
193674,"'Ông lớn' xăng dầu Nam Sông Hậu xin trả nợ thuế dần, Bộ Tài chính nói gì?",Kinh doanh,Kinh doanh,Kinh doanh,True,1.3502977987855835,>=0.50
130414,Trần Quyết Chiến và Bao Phương Vinh thi đấu Bogota World Cup vào... giờ đi ngủ,Thể thao,Thể thao,Thể thao,True,1.0524383133459092,>=0.50
98471,Học làm công dân số từ lớp 1,Giáo dục,Giáo dục,Giáo dục,True,1.2892616904135499,>=0.50
55345,Smartphone nào tại Việt Nam dùng được mạng 5G?,Khoa học công nghệ,Khoa học,Khoa học,True,1.0209544743387533,>=0.50
44894,Nghị sĩ McCarthy và nội chiến Đảng Cộng hòa,Thời sự,Thời sự,Thế giới,False,0.10903119527259958,0.10–0.20
206430,Bệnh viện xin lỗi bệnh nhân sau sự cố gián đoạn phần mềm khám chữa bệnh,Sức khỏe,Sức khỏe,Sức khỏe,True,1.119130836140068,>=0.50
138176,Gấp rút phục hồi các tuyến đường sau mưa bão,Thời sự,Thời sự,Khoa học,False,0.010856000562954549,<0.10
217819,Tiêm kích F-16 của Mỹ rơi xuống biển gần Hàn Quốc,Thế giới,Thế giới,Thế giới,True,0.0007857829352665435,<0.10
137365,Dừng các hoạt động không đúng mục tiêu tại dự án sản xuất rau an toàn ở Bình Định,Thời sự,Thời sự,Kinh doanh,False,0.6158910350777163,>=0.50
142773,Cơ cấu Tổng cục Hậu cần - Kỹ thuật sau sáp nhập,Thời sự,Thời sự,Thời sự,True,0.11710278348474634,0.10–0.20
96916,"3 năm, TP.HCM hỗ trợ hàng trăm tỉ đồng cho giáo viên mầm non",Giáo dục,Giáo dục,Giáo dục,True,0.790275301242683,>=0.50
134930,"Lâm Đồng: Chậm thực hiện dự án đầu tư công, một chủ tịch xã bị phê bình",Thời sự,Thời sự,Kinh doanh,False,0.24595574004171672,0.20–0.30
61022,Công ty tiên phong về robot hút bụi tuyên bố phá sản,Khoa học công nghệ,Khoa học,Kinh doanh,False,0.6864593969030799,>=0.50
187013,Người dùng sẽ được tham gia vào việc bảo vệ dữ liệu của mình,Khoa học công nghệ,Khoa học,Khoa học,True,0.14747981780460262,0.10–0.20
60623,Những tính năng iOS 18 chỉ dành cho một số iPhone mới,Khoa học công nghệ,Khoa học,Khoa học,True,0.960866109188846,>=0.50
106445,Xuất khẩu gạo Việt tăng kỷ lục,Kinh doanh,Kinh doanh,Kinh doanh,True,1.274734961930116,>=0.50
118386,Vũ trụ có thể rơi vào bóng tối vĩnh cửu,Thế giới,Thế giới,Khoa học,False,0.6160524527297649,>=0.50
31992,"Có nhân xơ tử cung, khả năng mang thai tự nhiên thế nào?",Sức khỏe,Sức khỏe,Sức khỏe,True,1.038040467541748,>=0.50
215071,Nghị sĩ Cộng hòa đề xuất lấy sinh nhật ông Trump làm ngày lễ liên bang,Thế giới,Thế giới,Thế giới,True,0.38103439145688045,0.30–0.50
203870,Ông Huỳnh Uy Dũng không phải là đồng phạm của bà Nguyễn Phương Hằng,Pháp luật,Pháp luật,Pháp luật,True,0.3357725950973349,0.30–0.50
17616,Nhiều ứng dụng công nghệ thông tin mới trình làng,Khoa học công nghệ,Khoa học,Khoa học,True,0.7478972937460489,>=0.50
240151,Cầu đường vừa khánh thành đã sụt 'nuốt' ô tô: Ai bồi thường cho người gặp nạn?,Thời sự,Thời sự,Pháp luật,False,0.5494607390056117,>=0.50
248350,Chi phí sửa chữa xe điện có thực sự rẻ hơn xe xăng hay không?,Xe,Xe,Xe,True,0.41792262641998473,0.30–0.50
100398,Trường ĐH Cửu Long trao bằng kỹ sư cho lưu học sinh Lào,Giáo dục,Giáo dục,Giáo dục,True,0.9473711043079489,>=0.50
26470,"Quá hạn sử dụng đất nông nghiệp, gia hạn có bị phạt không?",Pháp luật,Pháp luật,Pháp luật,True,0.4839834645049219,0.30–0.50
209403,"Gần 10 năm chạy chữa khắp nơi, mẹ bàng hoàng biết con bị bệnh hiếm đến teo não",Sức khỏe,Sức khỏe,Sức khỏe,True,1.6509845212586107,>=0.50
85610,"Lê Khánh: Từng muốn bỏ nghề vì 'diễn bi không ai khóc, diễn hài không ai cười'",Giải trí,Giải trí,Giải trí,True,1.0262945975884494,>=0.50
32473,Ukraine đặt cược vào hội nghị hòa bình,Thế giới,Thế giới,Thế giới,True,0.9795621966704428,>=0.50
205077,Chặn hiểm họa sức khoẻ từ đồ uống có đường,Sức khỏe,Sức khỏe,Sức khỏe,True,1.0384085801857597,>=0.50
181404,"Hơn 69.000 người tham gia cuộc thi trực tuyến ‘Tìm hiểu về Bộ, Ngành Tư pháp’",Khoa học công nghệ,Khoa học,Pháp luật,False,0.1008333741865775,0.10–0.20
186856,Lâm Đồng triển khai diễn tập an toàn thông tin năm 2023,Khoa học công nghệ,Khoa học,Khoa học,True,0.002620137149531021,<0.10
28961,"TP.HCM ra văn bản khẩn phòng chống COVID-19, tập trung bảo vệ nhóm nguy cơ cao",Sức khỏe,Sức khỏe,Sức khỏe,True,1.361607256000797,>=0.50
124514,Tại sao Liverpool chưa thể nâng cúp vô địch dù đã chính thức lên ngôi Ngoại hạng Anh?,Thể thao,Thể thao,Thể thao,True,1.0260590793437605,>=0.50
144738,VinFast VF5 Plus tiềm năng trở thành ô tô điện 'quốc dân' tại Việt Nam,Xe,Xe,Xe,True,0.44089546192572826,0.30–0.50
166576,NSND Minh Hằng tuổi 63: Sống một mình an yên trong nhà vườn 20.000m2,Giải trí,Giải trí,Giải trí,True,1.4948175804587662,>=0.50
225474,"Hà Nội giành Siêu cúp, HLV Bozidar Bandovic nói điều bất ngờ",Thể thao,Thể thao,Thể thao,True,1.2633605167384856,>=0.50
48445,"Honda Stylo 160 ấn định giá đến 75 triệu, cộng đồng mạng đánh giá quá chát",Xe,Xe,Kinh doanh,False,0.09021640001079556,<0.10
119330,Bộ trưởng Tài chính Mỹ cảnh báo không nên đánh thuế trả đũa Washington,Thế giới,Thế giới,Kinh doanh,False,1.1512474041384926,>=0.50
264461,"Cầm 500.000 đồng mừng cưới bạn, thấy mâm cỗ, cô gái vội đổi phong bì",Đời sống,Đời sống,Đời sống,True,0.8269026563555565,>=0.50
258925,"Nữ giúp việc uất ức kể chuyện chủ 'soi' từng miếng ăn, đêm không cho bật quạt",Đời sống,Đời sống,Đời sống,True,0.2682860981823131,0.20–0.30
265274,"Giận chồng, vợ nói lời cay đắng, ai ngờ gặp chuyện đau lòng",Đời sống,Đời sống,Giải trí,False,0.1067534325694598,0.10–0.20
139556,Bình Phước: Phát hoảng vì quả đạn súng cối treo trên cột điện,Thời sự,Thời sự,Thế giới,False,0.03448593277667411,<0.10
95806,TP.HCM cần tuyển 4.013 giáo viên cho các bậc học,Giáo dục,Giáo dục,Giáo dục,True,2.137867167105958,>=0.50
180227,Điểm chuẩn các phương thức xét tuyển của trường ĐH Thủy lợi năm 2023,Giáo dục,Giáo dục,Giáo dục,True,1.3194423589300945,>=0.50
141014,Kiến nghị tăng lương hưu 8% từ 1.7,Thời sự,Thời sự,Công đoàn,False,0.9844226270406791,>=0.50
125728,"Người đại diện lên tiếng, bóng đá Malaysia mắc kẹt vụ 7 cầu thủ nhập tịch ‘lậu’",Thể thao,Thể thao,Thể thao,True,1.0684036953292015,>=0.50
131951,Phó thủ tướng Trần Hồng Hà: Tuyệt đối không hạ cấp độ ứng phó bão Kalmaegi,Thời sự,Thời sự,Kinh doanh,False,0.0036863596975585944,<0.10
106681,Tái cơ cấu Tập đoàn Điện lực Việt Nam: Có lãi trong năm 2025,Kinh doanh,Kinh doanh,Kinh doanh,True,1.9343436572525996,>=0.50
252114,Mazda6 bị lược bớt phiên bản tại Việt Nam,Xe,Xe,Xe,True,0.42870435979515686,0.30–0.50
264158,Chỉ làm công ăn lương sẽ không đủ tiền cưới vợ ở Trung Quốc,Đời sống,Đời sống,Đời sống,True,0.5887881675084936,>=0.50
250497,Xe đầu kéo đâm 9 ô tô trên cao tốc vì xe bán tải đi bất cẩn,Xe,Xe,Xe,True,0.4819524387032078,0.30–0.50
36458,"Đánh bại Indonesia, tuyển bóng đá nữ Việt Nam vào chung kết SEA Games 33",Thể thao,Thể thao,Thể thao,True,1.4387082697246476,>=0.50
129903,Nguyễn Thùy Linh vào chung kết giải cầu lông Việt Nam mở rộng 2025,Thể thao,Thể thao,Thể thao,True,0.8127393207426038,>=0.50
87186,'Người sắt' Robert Downey Jr. là nam diễn viên được trả lương cao nhất mọi thời đại,Giải trí,Giải trí,Giải trí,True,1.4086536052362304,>=0.50
195203,"Công ty hóa chất của chủ tịch Đào Hữu Huyền giảm mạnh doanh thu, lợi nhuận",Kinh doanh,Kinh doanh,Kinh doanh,True,1.531584503862101,>=0.50
3077,"Trường đại học Thương mại bỏ xét học bạ độc lập, tăng chỉ tiêu",Giáo dục,Giáo dục,Giáo dục,True,2.663379219104849,>=0.50
200529,Chủ Lão Nông Vlog thu về tiền tỷ mỗi năm từ bán lươn giống,Kinh doanh,Kinh doanh,Đời sống,False,0.04608026543156707,<0.10
164123,Nghiên cứu phương án lấy đất sau Nhà hát Lớn làm nhà hát các dân tộc,Giải trí,Giải trí,Khoa học,False,0.0968251336332675,<0.10
125828,Messi nghỉ thi đấu trong bao lâu?,Thể thao,Thể thao,Thể thao,True,1.4370983569433786,>=0.50
205032,2 dấu hiệu khi đi bộ cảnh báo nguy cơ suy thận,Sức khỏe,Sức khỏe,Sức khỏe,True,1.4672673024134273,>=0.50
26471,"Bố mất, mẹ tôi muốn xóa tên bố khỏi sổ đỏ được không?",Pháp luật,Pháp luật,Pháp luật,True,0.5139112721592525,>=0.50
5486,"Nữ sinh trường Ams trúng tuyển 3 đại học Ivy League, giành học bổng 7 tỉ",Giáo dục,Giáo dục,Giáo dục,True,2.3537768521013627,>=0.50
98090,Bộ GD-ĐT lý giải về giấy chứng nhận nghề nghiệp nhà giáo,Giáo dục,Giáo dục,Giáo dục,True,2.020398462404244,>=0.50
72555,"Nhận 160 triệu tiền chuyển khoản nhầm, nhanh chóng nhờ công an trao trả",Đời sống,Đời sống,Pháp luật,False,0.23957089328639342,0.20–0.30
179291,"Ngày cuối thi lớp 10 năm 2024, học sinh Hà Nội vẫn ‘vắt chân lên cổ’ ôn luyện",Giáo dục,Giáo dục,Giáo dục,True,1.4195553789991078,>=0.50
214562,Thành phố tên lửa dưới lòng đất đầy ắp vũ khí của Iran,Thế giới,Thế giới,Thế giới,True,0.040568525759007046,<0.10
208478,"Đang đi du lịch, bác sĩ nhanh trí cứu nữ du khách rơi xuống thác nước",Sức khỏe,Sức khỏe,Sức khỏe,True,0.977604494852345,>=0.50
58284,EA Sports UFC 5 đã chính thức được công bố,Khoa học công nghệ,Khoa học,Khoa học,True,0.006691021067269709,<0.10
69504,"Xổ số miền Nam ngày 13 tháng 9: Lộ diện 70 tờ trúng 3,5 tỉ đồng",Đời sống,Đời sống,Đời sống,True,1.7334188734311868,>=0.50
100216,Vụ tố đánh học sinh gãy ngón tay: Hiệu trưởng báo cáo gì?,Giáo dục,Giáo dục,Giáo dục,True,1.2633674337442322,>=0.50
245147,Cần Thơ bắt giam 3 cán bộ thú y vụ heo nhiễm dịch 'lọt ra chợ',Thời sự,Thời sự,Pháp luật,False,0.6688222368869198,>=0.50
64060,Truecaller đã có thể chặn cuộc gọi rác theo thời gian thực trên iPhone,Khoa học công nghệ,Khoa học,Khoa học,True,0.9304038227263982,>=0.50
131269,Nguyễn Thùy Linh gặp sự cố bất ngờ khi đến Paris dự giải Pháp mở rộng,Thể thao,Thể thao,Thể thao,True,0.6991087475643063,>=0.50
247704,Chiến lược kinh doanh đa kênh độc đáo của VinFast từ ‘sức nóng’ của VF 3,Xe,Xe,Kinh doanh,False,1.025373510488154,>=0.50
131717,Giải chạy S-Race 2025 tại Hà Tĩnh: Hơn 10.000 VĐV học sinh tranh tài,Thể thao,Thể thao,Giáo dục,False,1.6836935571402614,>=0.50
118076,"Tủ đông hỏng, đại học Thụy Điển mất trắng 'hàng triệu USD' mẫu nghiên cứu",Thế giới,Thế giới,Khoa học,False,0.5443130295074643,>=0.50
48424,"Mitsubishi sắp giới thiệu 2 xe mới ở Việt Nam: Xforce về bản cao nhất, Triton 2024 dễ ra trong quý 3",Xe,Xe,Xe,True,0.60010348328789,>=0.50
121350,"Số người chết ở Gaza tăng cao, Iran cảnh báo Israel",Thế giới,Thế giới,Thế giới,True,0.6341887484677965,>=0.50
52598,"Mercedes-Benz G-Class cỡ nhỏ chỉ chạy điện, bỏ động cơ đốt trong",Xe,Xe,Xe,True,0.32208600532934917,0.30–0.50
255415,"Sẵn 700 triệu, nên mua KIA Sorento cũ hay Mitsubishi Xpander Cross 2023",Xe,Xe,Xe,True,0.3733828321736661,0.30–0.50
111709,"Giá vàng hôm nay 11.4.2025: Tăng sốc gần 3 triệu, nhảy vọt qua 106 triệu đồng",Kinh doanh,Kinh doanh,Kinh doanh,True,1.248160350974239,>=0.50
104010,Vì sao người trồng lúa vẫn thu nhập thấp?,Kinh doanh,Kinh doanh,Kinh doanh,True,1.1342509341276161,>=0.50
72001,"Phố thời trang Nguyễn Trãi TP.HCM: Chi chít bảng cho thuê mặt bằng, rao bán",Đời sống,Đời sống,Kinh doanh,False,0.2774624492491018,0.20–0.30
132679,"Bác sĩ Trần Thành Trai, một trái tim rực cháy với nghề y",Thời sự,Thời sự,Sức khỏe,False,0.22682564186736398,0.20–0.30
43311,"Ngộ nghĩnh, nghĩa tình thú cưng - Kỳ 3: Cô chó đang bị cạo lông được cứu mạng",Thời sự,Thời sự,Đời sống,False,0.5463511357338261,>=0.50
202285,Giải trí khác biệt với xổ số nhanh Keno,Kinh doanh,Kinh doanh,Đời sống,False,0.5848504110106054,>=0.50
256250,"Cô gái trúng vé số khi mua online, một năm sau cưới luôn người bán",Đời sống,Đời sống,Đời sống,True,0.0554444938202826,<0.10
186980,Sự cố tấn công mạng vào hệ thống tại Việt Nam giảm gần 47%,Khoa học công nghệ,Khoa học,Kinh doanh,False,0.3493622357048289,0.30–0.50
238348,Cứu hộ xuyên đêm tìm kiếm người mất tích dưới 'hố tử thần' ở Bắc Kạn,Thời sự,Thời sự,Khoa học,False,0.08701840706067887,<0.10
247185,Na Uy trở thành thủ phủ xe điện thế giới: Dân tự chọn khi lợi ích đủ hấp dẫn,Thời sự,Thời sự,Kinh doanh,False,0.012527125988079146,<0.10
70098,Cha cô dâu tặng món quà đặc biệt: Màn múa võ karate gây bất ngờ ở đám cưới,Đời sống,Đời sống,Giải trí,False,0.031361848470390474,<0.10
161571,Tiến sĩ gốc Việt bày cách nhận diện tin giả qua sách,Giải trí,Giải trí,Giáo dục,False,0.5878478885234951,>=0.50
208531,Thói quen ăn mì khiến cả gia đình mắc bệnh tiểu đường,Sức khỏe,Sức khỏe,Sức khỏe,True,2.2852637491603742,>=0.50
139110,Thông tin mới vụ giáo viên hoang mang nhận chứng chỉ đấu thầu dù không theo học,Thời sự,Thời sự,Giáo dục,False,0.314256072004105,0.30–0.50
261343,"Cây cổ thụ đẹp nhất Trung Quốc, gần 900 năm tuổi vẫn nở hoa đều đặn",Đời sống,Đời sống,Đời sống,True,0.0982079693518057,<0.10
182202,CellphoneS: Giá iPhone 15 từ 20 triệu đồng,Khoa học công nghệ,Khoa học,Kinh doanh,False,0.8023178686575984,>=0.50
27779,"Có thể 'hồi sinh' nhờ các loại cây lá quanh nhà, uống thuốc cổ truyền thế nào cho đúng?",Sức khỏe,Sức khỏe,Sức khỏe,True,0.9663979698114172,>=0.50
99279,Bộ GD-ĐT thông báo 3 thông tin quan trọng trước kỳ thi tốt nghiệp THPT 2024,Giáo dục,Giáo dục,Giáo dục,True,1.1165808196140314,>=0.50
204884,Hoa hậu Thùy Tiên thắng kiện,Pháp luật,Pháp luật,Pháp luật,True,0.25595072675658836,0.20–0.30
176172,Bi kịch cuộc đời của thiên tài piano: Áp lực đến trầm cảm 14 năm,Giáo dục,Giáo dục,Đời sống,False,0.00988206753348786,<0.10
211416,Clé de Peau Beauté ra mắt bộ đôi kem mắt và tinh chất chống lão hóa cao cấp,Sức khỏe,Sức khỏe,Khoa học,False,0.11679765958102095,0.10–0.20
258073,"Người đàn ông ở TP.HCM mang bầu, sinh con thay vợ, nhận về hạnh phúc ngọt ngào",Đời sống,Đời sống,Giải trí,False,0.24913768248420065,0.20–0.30
56017,Có thể thanh toán tiền đi xe Grab bằng ví điện tử ZaloPay,Khoa học công nghệ,Khoa học,Khoa học,True,0.0335064944876024,<0.10
65013,CEO Tim Cook che giấu doanh số iPhone sụt giảm,Khoa học công nghệ,Khoa học,Kinh doanh,False,1.0289279963163658,>=0.50
11525,"Người Kiến 3: Phim siêu anh hùng ngày càng nhàm, nhạt",Giải trí,Giải trí,Giải trí,True,0.888029081535232,>=0.50
120689,Chiến lược khó hiểu của tàu ngầm Mỹ,Thế giới,Thế giới,Khoa học,False,0.22017620776489888,0.20–0.30
33368,Sáng kiến lạ của Thái Lan: Đổi vé số 'trật' thành tiền dưỡng già,Thế giới,Thế giới,Kinh doanh,False,0.42008280293329503,0.30–0.50
103467,Một trường ĐH công lập xét tuyển bổ sung 10 ngành sau khi công bố điểm chuẩn,Giáo dục,Giáo dục,Giáo dục,True,1.4067580600867449,>=0.50
42100,"Giới trẻ trải lòng về xu hướng ‘không yêu, không kết hôn, không sinh con, không lập gia đình’",Thời sự,Thời sự,Đời sống,False,0.4532867644732245,0.30–0.50
118418,"WHO cảnh báo ‘bệnh chảy máu mắt’ lan khắp vùng châu Phi, 8 người chết",Thế giới,Thế giới,Sức khỏe,False,0.8380748288595955,>=0.50
185459,CMC Telecom chỉ cách bảo mật khi dùng Office 365,Khoa học công nghệ,Khoa học,Khoa học,True,0.6281807248565768,>=0.50
215453,Tình bạn đặc biệt hơn 20 năm giữa thợ lặn và cá mập hổ dài gần 5m,Thế giới,Thế giới,Khoa học,False,0.5422882801819294,>=0.50
264971,Tôi quyết định tái hôn vì ngày nào con gái cũng hỏi 'bao giờ mẹ lấy chồng?',Đời sống,Đời sống,Đời sống,True,0.3006962370069559,0.30–0.50
156724,BTV Khánh Trang VTV trở lại bản tin Thời sự 19h sau hơn 1 tháng vắng bóng,Giải trí,Giải trí,Giải trí,True,0.4434824321555463,0.30–0.50
27501,Hai cựu lãnh đạo Cienco 1 bị truy tố vì gây thiệt hại 240 tỉ khi cổ phần hóa,Pháp luật,Pháp luật,Kinh doanh,False,0.2473956863677641,0.20–0.30
135024,Đường vành đai phía tây Đà Nẵng sạt lở nghiêm trọng,Thời sự,Thời sự,Khoa học,False,0.03610090658608811,<0.10
211374,Bệnh viện Răng Hàm Mặt Paris - điểm hẹn làm đẹp nụ cười,Sức khỏe,Sức khỏe,Sức khỏe,True,0.8154073554400505,>=0.50
125275,"FAM bị FIFA ‘bóc mẽ’ màn kịch tồi, bóng đá Malaysia bê bối từ dàn xếp tỷ số đến nhập tịch",Thể thao,Thể thao,Thể thao,True,0.5781727314411123,>=0.50
199778,Hacker lại tấn công doanh nghiệp vận hành 800 nhà tang lễ,Kinh doanh,Kinh doanh,Kinh doanh,True,0.47894769039838914,0.30–0.50
239143,"Một năm vận hành cầu phao Phong Châu, Lữ đoàn 249 hoàn thành sứ mệnh lịch sử",Thời sự,Thời sự,Kinh doanh,False,0.03146797219787523,<0.10
174306,"Vụ giáo viên túm cổ áo nữ sinh cấp 2: Thầy răn đe việc gây gổ, đánh nhau",Giáo dục,Giáo dục,Giáo dục,True,1.4474283630428268,>=0.50
263261,"Chàng kỹ sư bỏ việc, ở nhà nội trợ, chăm bạn gái được dân mạng khen ngợi",Đời sống,Đời sống,Đời sống,True,0.08390113721636872,<0.10
59908,"Phiên bản mới của Tân Thiên Long Mobile ra mắt, quần hùng chiến loạn",Khoa học công nghệ,Khoa học,Khoa học,True,0.3059420319862788,0.30–0.50
121895,Máy bay vũ trụ tối mật của Mỹ diễn tập nâng cao trên quỹ đạo,Thế giới,Thế giới,Khoa học,False,1.3755305656183106,>=0.50
130262,"HLV taekwondo bị tố đánh VĐV: Không được thi cấp đẳng, VTF thu hồi mã CLB",Thể thao,Thể thao,Pháp luật,False,0.4803505170422586,0.30–0.50
96818,"Quận 8 ban hành kế hoạch tuyển sinh đầu cấp: Lớp 1, mầm non tuyển ra sao?",Giáo dục,Giáo dục,Giáo dục,True,2.013799298500684,>=0.50
107310,Dự thảo dự trữ xăng dầu chưa có quy định sử dụng dự trữ thế nào,Kinh doanh,Kinh doanh,Kinh doanh,True,1.1544744055274798,>=0.50
204104,Dừng xe tránh nắng dưới bóng cây để chờ đèn hiệu giao thông có bị xử phạt?,Pháp luật,Pháp luật,Xe,False,0.4538263327626603,0.30–0.50
244882,"Cháy chung cư ở Hà Nội, khói đen đặc cuồn cuộn bốc lên",Thời sự,Thời sự,Thời sự,True,0.5100949037035641,>=0.50
189205,Ngân hàng số Cake by VPBank tăng trưởng mạnh về quy mô và hiệu quả,Kinh doanh,Kinh doanh,Kinh doanh,True,1.9209751726928515,>=0.50
27337,Khởi kiện Công an quận 7 vì cho rằng mình là nạn nhân nhưng bị xử phạt hành chính,Pháp luật,Pháp luật,Pháp luật,True,1.151697941419286,>=0.50
51444,"Xe buýt điện mới của VinFast: Nhỏ gọn hơn mẫu hiện hành, liệu có thay thế xe buýt xăng?",Xe,Xe,Xe,True,1.0263230910502683,>=0.50
47156,"Khắc phục tường rào công ty, trụ điện bị đổ gãy sau mưa lớn ở Bình Dương",Thời sự,Thời sự,Xã hội,False,0.09533622366262806,<0.10
57683,J&T Express đảm bảo mạng lưới vận chuyển ổn định trong dịp tết,Khoa học công nghệ,Khoa học,Kinh doanh,False,1.1542396703611981,>=0.50
167609,Kẻ khốn nạn nhất 'Chúng ta của 8 năm sau': Tôi vui khi nhận nhiều tấn gạch đá,Giải trí,Giải trí,Giải trí,True,1.9601489053887278,>=0.50
264882,"Chồng đi cả đêm mới về, vợ chết lặng khi phát hiện chồng ngoại tình",Đời sống,Đời sống,Đời sống,True,0.1401385428944063,0.10–0.20
209332,98% người dùng hài lòng về hiệu quả của sản phẩm Diabetna,Sức khỏe,Sức khỏe,Sức khỏe,True,1.1145208486341647,>=0.50
105208,VCCI đề xuất không phạt hộ kinh doanh vi phạm hóa đơn trong 2 năm đầu,Kinh doanh,Kinh doanh,Kinh doanh,True,1.0833584026277019,>=0.50
102613,Quá lạm dụng IELTS sẽ làm sai lệch bản chất của việc học ngoại ngữ,Giáo dục,Giáo dục,Giáo dục,True,2.2717607379647307,>=0.50
57099,Canon phát triển ống kính quay video cho Vision Pro,Khoa học công nghệ,Khoa học,Khoa học,True,0.8713197436431585,>=0.50
34910,"Sầu riêng nhiều và rẻ, dân Singapore chơi gắp... sầu riêng",Thế giới,Thế giới,Kinh doanh,False,0.08028406459189263,<0.10
37709,"Giải bóng đá công nhân, viên chức Việt Nam 2025: Quyết không chùn bước trước khó khăn",Thể thao,Thể thao,Thể thao,True,1.2268996698254409,>=0.50
34953,Úc lại băn khoăn khi kangaroo quá đông đúc,Thế giới,Thế giới,Khoa học,False,0.4332139791962144,0.30–0.50
111657,"Giá USD hôm nay 28.11.2024: Thị trường tự do tăng, thế giới giảm mạnh",Kinh doanh,Kinh doanh,Kinh doanh,True,1.1253519770604004,>=0.50
176979,Thủ tướng Chính phủ yêu cầu không được tăng giá sách giáo khoa bất hợp lý,Giáo dục,Giáo dục,Giáo dục,True,1.4795014155049113,>=0.50
176255,Chàng trai 21 tuổi tốt nghiệp cao đẳng từ chối lời mời làm phó giáo sư trường ĐH,Giáo dục,Giáo dục,Giáo dục,True,1.7809983919100159,>=0.50
20741,"Bảo hiểm nhân thọ: Bảo vệ sức khỏe cha mẹ, tiếp thêm ước mơ cho con trẻ",Kinh doanh,Kinh doanh,Kinh doanh,True,0.08121969342057489,<0.10
49782,Thanh niên bỏ bạn gái giữa đường khiến dân mạng ngao ngán,Xe,Xe,Pháp luật,False,0.03991098974290974,<0.10
205867,Cải bó xôi được ví là 'rau trường thọ' nhưng ai không nên ăn?,Sức khỏe,Sức khỏe,Sức khỏe,True,1.1499254649396358,>=0.50
69710,Sharp tiếp tục trao tặng 2.500 nồi cơm điện đến các học sinh tỉnh Lào Cai,Đời sống,Đời sống,Giáo dục,False,0.4156011792490113,0.30–0.50
226106,Ruben Amorim nhắn Ronaldo sau chê bai MU,Thể thao,Thể thao,Thể thao,True,0.4967084234301745,0.30–0.50
202434,Nam A Bank tung ‘cơn lốc’ ưu đãi dịp cuối năm,Kinh doanh,Kinh doanh,Kinh doanh,True,1.0530662430469415,>=0.50
54274,Giải pháp nâng cao chất lượng không khí trong nhà toàn diện từ Panasonic,Khoa học công nghệ,Khoa học,Khoa học,True,0.7133031995536994,>=0.50
237501,"Thoát thân trong đêm khi căn nhà đổ sập, hai vợ chồng già chưa dám trở về",Thời sự,Thời sự,Đời sống,False,0.10261435914277173,0.10–0.20
27876,Vì sao người gầy nhom vẫn bị mỡ máu?,Sức khỏe,Sức khỏe,Sức khỏe,True,1.8333767706089734,>=0.50
16427,Nguyễn Hoàng Duy bật mí hậu trường Ca sĩ mặt nạ,Giải trí,Giải trí,Giải trí,True,2.0914630584916623,>=0.50
116330,Hậu họa khôn lường khi sử dụng mỹ phẩm kém chất lượng,Sức khỏe,Sức khỏe,Sức khỏe,True,0.5734087705000795,>=0.50
99514,Đề xuất gần 600 tỉ đồng xây 3 trường nội trú vùng biên giới Đắk Lắk,Giáo dục,Giáo dục,Giáo dục,True,0.44880117059718794,0.30–0.50
144615,MG4 về Việt Nam liệu có đi vào vết xe đổ của ô tô Trung Quốc,Xe,Xe,Xe,True,0.6909852465595377,>=0.50
222294,Cuộc đua vô địch V-League gay cấn tới phút cuối,Thể thao,Thể thao,Thể thao,True,1.466059695606596,>=0.50
26516,Người sống chung như vợ chồng có được ký giấy xác nhận với bệnh viện?,Pháp luật,Pháp luật,Pháp luật,True,0.09016404761602703,<0.10
226185,"Napoli xác nhận De Bruyne chấn thương nặng, nghỉ dài hạn",Thể thao,Thể thao,Thể thao,True,0.6008054755710905,>=0.50
173479,Ý tưởng thùng rác thông minh tích hợp AI vô địch Tiếng nói xanh mùa 2,Giáo dục,Giáo dục,Giáo dục,True,0.11286575978267377,0.10–0.20
26424,"Ông, bà nhận cháu làm con nuôi được không?",Pháp luật,Pháp luật,Pháp luật,True,0.31445847922654147,0.30–0.50
160033,"'Lật mặt 6' của Lý Hải thu 120 tỷ sau 4 ngày, lấn át phim của Thu Trang",Giải trí,Giải trí,Giải trí,True,0.6528664825139164,>=0.50
64202,Google mở rộng chương trình đào tạo dành riêng cho các nhà phát triển game,Khoa học công nghệ,Khoa học,Khoa học,True,0.05668817478565408,<0.10
32305,Canada ra sao sau khi Thủ tướng Justin Trudeau từ chức?,Thế giới,Thế giới,Kinh doanh,False,0.35094111651815896,0.30–0.50
59254,'Logistics tùy chỉnh' mở đường tăng tốc cho thương mại điện tử,Khoa học công nghệ,Khoa học,Kinh doanh,False,1.771088515805578,>=0.50
27015,Phân tíchTòa án cấp thành phố xử xong vẫn 'đứng hình' vì cái tờ trình của ủy ban phường,Pháp luật,Pháp luật,Pháp luật,True,0.8519981104556004,>=0.50
132170,"Cao tốc Vĩnh Hảo - Phan Thiết ngập nước, cảnh báo nguy cơ mất an toàn",Thời sự,Thời sự,Xe,False,0.19736940310313744,0.10–0.20
130056,Lộ diện nhà vô địch của giải pickleball người nổi tiếng mùa 2,Thể thao,Thể thao,Giải trí,False,0.14182727790749994,0.10–0.20
220123,Cựu HLV tuyển Việt Nam Calisto làm sếp lớn ở Bồ Đào Nha,Thể thao,Thể thao,Thể thao,True,1.0316889503688211,>=0.50
96623,Cần 116.000 tỉ đồng để phổ cập giáo dục mầm non,Giáo dục,Giáo dục,Giáo dục,True,0.6273170439706348,>=0.50
178021,Link tra cứu điểm thi vào lớp 10 năm 2025 của TPHCM,Giáo dục,Giáo dục,Giáo dục,True,1.567737179225169,>=0.50
61820,Loạt thiết bị Vietmap có nguy cơ thành 'đồ bỏ' vì nâng cấp bản đồ,Khoa học công nghệ,Khoa học,Khoa học,True,0.6454778195579839,>=0.50
204567,Đại án đăng kiểm: Cựu cục trưởng bật khóc nói đau đớn với bản án lương tâm,Pháp luật,Pháp luật,Pháp luật,True,0.6108546685991514,>=0.50
143629,"NAGA 150, xe tay ga sử dụng công nghệ Monoshock tiên tiến",Xe,Xe,Xe,True,0.2772180544909026,0.20–0.30
81680,Doãn Quốc Đam tiết lộ lý do không có tên trong top 3 VTV Awards 2024,Giải trí,Giải trí,Giải trí,True,1.499155112067506,>=0.50
207489,Nam thanh niên 24 tuổi tử vong sau cơn mưa lớn ở TPHCM,Sức khỏe,Sức khỏe,Sức khỏe,True,0.11896406219956018,0.10–0.20
238395,2 tảng đá lớn từ trên núi lăn xuyên nhà dân,Thời sự,Thời sự,Khoa học,False,0.006070783743897801,<0.10
210121,Nguyên nhân trẻ 1 ngày tuổi tử vong sau tiêm vắc xin viêm gan B,Sức khỏe,Sức khỏe,Sức khỏe,True,1.3804418726868826,>=0.50
246119,Danh tính 2 cô gái cầm đầu đường dây buôn bán thuốc lá điện tử lớn nhất Hà Nội,Thời sự,Thời sự,Pháp luật,False,0.21719697875944766,0.20–0.30
65326,"Dùng công nghệ 'bếp đám mây', chủ tiệm bánh chinh phục các Shark Tank",Khoa học công nghệ,Khoa học,Kinh doanh,False,0.614682833594597,>=0.50
207684,Bộ Y tế vào cuộc sau vụ trẻ 20 tháng tuổi bị bảo mẫu xách ngược đánh tới tấp,Sức khỏe,Sức khỏe,Pháp luật,False,0.4265065593871188,0.30–0.50
124229,HLV Erik ten Hag nói gì về tin đồn bị sa thải trước chung kết Cúp FA?,Thể thao,Thể thao,Thể thao,True,1.2168111696859938,>=0.50
65865,"Người dân TP.HCM thắt chặt hầu bao, bớt ăn quán 'sang chảnh' để dành sắm tết",Đời sống,Đời sống,Đời sống,True,0.577942258703772,>=0.50
210716,"Bỏng nặng vì gia đình nướng mực, thai phụ chuyển dạ khi cấp cứu",Sức khỏe,Sức khỏe,Sức khỏe,True,0.8828247514267579,>=0.50
26639,"Con tôi mất do tai nạn, yêu cầu bồi thường thế nào?",Pháp luật,Pháp luật,Pháp luật,True,0.5939806478434256,>=0.50
37054,Chuyên gia Trung Quốc: Truyền thông hãy thôi đổ lỗi sau trận thua Việt Nam,Thể thao,Thể thao,Thể thao,True,1.5295140760952441,>=0.50
82515,Vợ chồng Lý Hải du xuân cùng dàn diễn viên 'Lật mặt 7',Giải trí,Giải trí,Giải trí,True,2.3030305857037088,>=0.50
210525,Báo động đỏ cứu người đàn ông bị phình động mạch chủ khiến huyết áp tụt sâu,Sức khỏe,Sức khỏe,Sức khỏe,True,1.8850476141683812,>=0.50
29685,"Người Việt dùng nhiều sản phẩm có hại, tăng thuế có thể giảm tiêu thụ",Sức khỏe,Sức khỏe,Kinh doanh,False,0.21313536036359593,0.20–0.30
17148,ChatGPT Go giá rẻ chính thức có mặt tại Việt Nam,Khoa học công nghệ,Khoa học,Khoa học,True,0.473043294213191,0.30–0.50
139181,Dự án thủy điện Hồi Xuân hơn 3.300 tỉ 15 năm vẫn dang dở,Thời sự,Thời sự,Kinh doanh,False,0.24134486700401125,0.20–0.30
26898,Đi nghĩa vụ quân sự có bị chấm dứt hợp đồng lao động?,Pháp luật,Pháp luật,Công đoàn,False,0.22189831018146,0.20–0.30
127593,Đội tuyển Việt Nam xây hàng thủ toàn 'Tây': Quyết thắng Malaysia và vô địch AFF Cup,Thể thao,Thể thao,Thể thao,True,1.708264421789289,>=0.50
176220,Nữ sinh lớp 8 đạt IELTS 8.5 ngay lần thi đầu tiên,Giáo dục,Giáo dục,Giáo dục,True,1.8456012594214233,>=0.50
234554,Kết quả bóng đá Barca 3-2 Celta Vigo - Vòng 6 La Liga 2023-24,Thể thao,Thể thao,Thể thao,True,0.7743063044353733,>=0.50
174160,ISHCMC - American Academy hỗ trợ học sinh tự định hướng tương lai,Giáo dục,Giáo dục,Giáo dục,True,1.9037745249928857,>=0.50
147159,'Rùng rợn' ô tô con dừng đèn vàng bị xe ben tông văng: Tài xế nào sai?,Xe,Xe,Xe,True,0.05454192763955773,<0.10
181163,IELTS Fighter khai trương phòng thi IELTS trên máy tính,Giáo dục,Giáo dục,Giáo dục,True,0.8280418115295819,>=0.50
58695,Cáp sạc USB-C cho iPhone 15 cũng có nhiều màu sắc,Khoa học công nghệ,Khoa học,Khoa học,True,0.5401411781765112,>=0.50
143831,"Hyundai Accent đã qua sử dụng 3 năm, giá 420 triệu có đáng cân nhắc?",Xe,Xe,Xe,True,0.1701870086008197,0.10–0.20
210347,8 người bị ngộ độc sau khi ăn hoa chuông xào trứng ở Hà Giang,Sức khỏe,Sức khỏe,Sức khỏe,True,1.0778570820855742,>=0.50
9886,Anh hùng Tư Cang 98 tuổi nói về Địa đạo: Đất đá trụi nhưng con người không lay chuyển,Giải trí,Giải trí,Giải trí,True,1.389547208848278,>=0.50
108809,Việt Nam là đối tác then chốt trong chiến lược Global Gateway của EU,Kinh doanh,Kinh doanh,Kinh doanh,True,0.4344807177230342,0.30–0.50
108972,"TP.HCM nắng nóng gay gắt, còn kéo dài đến khi nào?",Kinh doanh,Kinh doanh,Khoa học,False,0.15337011682476276,0.10–0.20
146756,Được và mất gì khi bảo dưỡng ô tô tại garage thay vì đại lý chính hãng?,Xe,Xe,Kinh doanh,False,0.05034915361698045,<0.10
84812,Cuộc sống ca sĩ Quang Hà ở tuổi 44,Giải trí,Giải trí,Giải trí,True,2.1457349713192504,>=0.50
27423,Bà Đỗ Thị Nhàn cho mật khẩu cửa để cựu lãnh đạo SCB đưa thùng xốp đựng tiền vào nhà riêng,Pháp luật,Pháp luật,Pháp luật,True,0.7280477932628047,>=0.50
112713,Vì sao lãi vay thấp nhưng vốn chưa 'thông'?,Kinh doanh,Kinh doanh,Kinh doanh,True,1.7557671602199663,>=0.50
241501,Tài xế chở 15 khách chạy lùi ở cao tốc Long Thành - Dầu Giây bị camera phát hiện,Thời sự,Thời sự,Xe,False,0.403454063265443,0.30–0.50
35489,Báo Trung Quốc đăng ảnh ông Tập Cận Bình thời trẻ ở cầu Cổng Vàng San Francisco,Thế giới,Thế giới,Đời sống,False,0.13555575080136562,0.10–0.20
216333,Đại sứ Mỹ khéo léo dùng tiếng Việt một cách hóm hỉnh,Thế giới,Thế giới,Khoa học,False,0.14463630398078092,0.10–0.20
185921,Cảnh báo người dân về 3 hình thức cuộc gọi lừa đảo điển hình,Khoa học công nghệ,Khoa học,Pháp luật,False,0.41004434582442995,0.30–0.50
101124,Kết luận Thanh tra Bộ GD-ĐT nêu lý do nhiều ngành học mới mở đã phải đóng,Giáo dục,Giáo dục,Giáo dục,True,1.6829077538186445,>=0.50
157846,"Đạo diễn, NSƯT Nguyễn Danh Dũng thích trồng rau, thả cá",Giải trí,Giải trí,Giải trí,True,1.689331413414517,>=0.50
225632,Chung kết AFF Cup 2022 Việt Nam vs Thái Lan Người Thái khiêu chiến,Thể thao,Thể thao,Thể thao,True,1.1098657774233824,>=0.50
101065,Coi dạy thêm là nghề đặc biệt?,Giáo dục,Giáo dục,Giáo dục,True,0.9490852740659437,>=0.50
3957,Đăng ký xét tuyển thế nào để dễ trúng tuyển đại học?,Giáo dục,Giáo dục,Giáo dục,True,2.669826285250055,>=0.50
86255,"Soobin gặp ‘biến’ trước thềm concert, công ty lên tiếng giải thích",Giải trí,Giải trí,Giải trí,True,1.7176475444486443,>=0.50
2760,"Đề thi văn lớp 10 TP.HCM: Thí sinh khen đề hay, gần gũi",Giáo dục,Giáo dục,Giáo dục,True,1.364088449952573,>=0.50
87039,"Seungri đến Việt Nam sau khi mãn hạn tù, vóc dáng gây bất ngờ",Giải trí,Giải trí,Giải trí,True,0.6191878387801999,>=0.50
131651,'Pulppy kỷ niệm 25 năm-Vươn cao vươn xa': Sự kiện marathon cùng nhiều thông điệp ý nghĩa,Thể thao,Thể thao,Kinh doanh,False,0.7365799959574381,>=0.50
18747,Cần Thơ tìm phương án khai thác Trung tâm thương mại Cái Khế vì thiếu hiệu quả,Kinh doanh,Kinh doanh,Kinh doanh,True,0.8410009835706651,>=0.50
38906,Herbalife Việt Nam cùng Ủy ban Olympic Việt Nam tổ chức Lễ xuất quân dự SEA Games 33,Thể thao,Thể thao,Thể thao,True,0.5116288506387261,>=0.50
249514,Dân chơi Hải Phòng bỏ 1 tỷ đồng độ xe Sufat thành Honda Dream Thái cực chất,Xe,Xe,Xe,True,0.5639110686084774,>=0.50
158437,Mơ về phim Việt doanh thu 1.000 tỷ đồng,Giải trí,Giải trí,Giải trí,True,1.1257003513636883,>=0.50
66206,"Đã mắt, no bụng với lễ hội ẩm thực tại TP.HCM mừng ngày gia đình Việt Nam",Đời sống,Đời sống,Đời sống,True,0.532801989334103,>=0.50
45441,"Từ Nam Phi, Thủ tướng họp trực tuyến chỉ đạo ứng phó mưa lũ",Thời sự,Thời sự,Kinh doanh,False,0.14592450029733772,0.10–0.20
194782,Việt Nam không thao túng tiền tệ và phản ứng của NHNN,Kinh doanh,Kinh doanh,Kinh doanh,True,1.1545284917909984,>=0.50
185748,"Tá hỏa sau khi tải app đèn pin, ghi chú thì mất sạch tiền trong tài khoản",Khoa học công nghệ,Khoa học,Khoa học,True,0.7566456772103753,>=0.50
255195,"Cửa kính bị kẹt đúng ngày nồm ẩm, phải làm sao?",Xe,Xe,Xe,True,0.009999796996443155,<0.10
236079,Công bố giải marathon 'Hành trình về Làng Sen 2024',Thể thao,Thể thao,Giáo dục,False,0.02361736459907804,<0.10
217768,Video hệ thống phóng tên lửa đa nòng Mỹ viện trợ cho Ukraine nổ tung ở Donbass,Thế giới,Thế giới,Khoa học,False,0.041776178090158045,<0.10
213202,7 loài hoa gây độc tố ảnh hưởng tới sức khỏe con người,Sức khỏe,Sức khỏe,Sức khỏe,True,0.357409706517079,0.30–0.50
252045,"Các hãng xe ô tô gặp khó khăn chưa từng thấy, chính phủ Đức họp khẩn 'giải cứu'",Xe,Xe,Kinh doanh,False,0.5415119990006084,>=0.50
125757,Vòng loại World Cup 2026: Curacao làm nên lịch sử,Thể thao,Thể thao,Thể thao,True,1.4499207384694588,>=0.50
57900,Khi sạc nhanh trở thành 'cái bẫy' của smartphone,Khoa học công nghệ,Khoa học,Khoa học,True,1.2160245678756945,>=0.50
2269,"Năm 2026, Trường đại học Luật TP.HCM dự kiến không xét tuyển tổ hợp A00, C00",Giáo dục,Giáo dục,Giáo dục,True,2.139687112771703,>=0.50
258985,Kỹ năng sinh tồn cho trẻ trong tình huống bị bắt cóc,Đời sống,Đời sống,Pháp luật,False,0.061298595197345485,<0.10
254228,"Đấu giá biển số sáng ngày 31/10: Biển lộc phát đấu lại, giá giảm mạnh",Xe,Xe,Kinh doanh,False,0.20119161377928874,0.20–0.30
122484,Chiến sự Ukraine ngày 1.301: Ông Trump ra yêu cầu cho Tổng thống Zelensky,Thế giới,Thế giới,Thế giới,True,0.32743630592122674,0.30–0.50
173635,"Trường quy định học sinh không gọi nhau là 'ông xã, bà xã'",Giáo dục,Giáo dục,Giáo dục,True,0.8804603018396993,>=0.50
188185,Hơn 1 triệu người nói muốn tự tử với ChatGPT mỗi tuần,Khoa học công nghệ,Khoa học,Khoa học,True,0.27849160564967235,0.20–0.30
72977,'Nông dân sân thượng' ở TP.HCM đoán số kg trái khổng lồ: Vỡ òa niềm vui tết,Đời sống,Đời sống,Đời sống,True,0.5568543043056574,>=0.50
265465,"Nửa đêm vợ thú nhận sự thật đau lòng, 2 tháng sau chúng tôi ly hôn",Đời sống,Đời sống,Giải trí,False,0.17928447933012903,0.10–0.20
35066,Đan Mạch mở cửa hầm hạt nhân tối mật,Thế giới,Thế giới,Khoa học,False,0.0161189676228064,<0.10
214550,Thủ lĩnh Nasrallah của Hezbollah: Kẻ thù không đội trời chung của Israel,Thế giới,Thế giới,Thế giới,True,0.2612145694658578,0.20–0.30
157357,Khán giả sốc với cảnh Doãn Quốc Đam ăn chuột thật trên phim Không thời gian,Giải trí,Giải trí,Giải trí,True,0.640727118795405,>=0.50
236771,"Từ chối thanh toán chuyển khoản, nhân viên hút lại xăng khiến khách dắt bộ 3km",Thời sự,Thời sự,Kinh doanh,False,0.7374560887812844,>=0.50
45002,Chị Hai vé số ước,Thời sự,Thời sự,Đời sống,False,0.6586128413907809,>=0.50
26445,Người gốc Việt có được đứng tên nhà đất ở Việt Nam không?,Pháp luật,Pháp luật,Pháp luật,True,0.6930370069978223,>=0.50
73673,"Phố áo cưới ở TP.HCM qua thời hoàng kim, treo bảng cho thuê cả năm vẫn... trống",Đời sống,Đời sống,Đời sống,True,0.8921535637975664,>=0.50
238362,Một công nhân tử vong vì bị cột điện rơi đè trúng,Thời sự,Thời sự,Pháp luật,False,0.007947589471881511,<0.10
184635,Phục chế hình ảnh các anh hùng liệt sĩ bằng công nghệ AI,Khoa học công nghệ,Khoa học,Giải trí,False,0.10000054055709406,0.10–0.20
250285,Nam nhân viên được ông chủ nhờ di chuyển chiếc xe Spark nhưng suýt gây họa,Xe,Xe,Xe,True,0.07147036290292502,<0.10
134001,Cập nhật thông tin bé gái đi lạc 8 ngày ở TP.HCM,Thời sự,Thời sự,Pháp luật,False,0.01567802140018676,<0.10
54245,Sony giới thiệu tai nghe không dây giá rẻ WF-C510,Khoa học công nghệ,Khoa học,Khoa học,True,0.6002516934781059,>=0.50
203362,"Được 'người tốt' đưa về nhà, người phụ nữ xanh mặt khi mất sạch vàng",Pháp luật,Pháp luật,Pháp luật,True,0.7323721780959815,>=0.50
55232,Cách dùng iPhone phát YouTube khi đang tắt màn hình,Khoa học công nghệ,Khoa học,Khoa học,True,0.5768654199743857,>=0.50
204979,Nữ giám đốc trong vụ truy sát Quân ‘xa lộ’ khai báo lòng vòng,Pháp luật,Pháp luật,Pháp luật,True,0.6816494508876668,>=0.50
204092,Chơi bài Poker thế nào để không sa vào tội đánh bạc?,Pháp luật,Pháp luật,Pháp luật,True,0.17720941825048014,0.10–0.20
105360,Tam giác kinh tế Rạch Giá - Hà Tiên - Phú Quốc giúp Kiên Giang bứt phá,Kinh doanh,Kinh doanh,Kinh doanh,True,1.1341137876848524,>=0.50
253764,"Chạy đua giảm giá xe tháng cuối năm 2024, có xe giảm gần nửa tỷ đồng",Xe,Xe,Xe,True,0.09233178089922545,<0.10
218729,Ukraine tiết lộ chiến thuật sử dụng UAV cảm tử mới của Nga,Thế giới,Thế giới,Thế giới,True,0.39565542620103317,0.30–0.50
126257,Vòng loại miền Trung: ‘Tan chảy’ với những câu chuyện đáng yêu trên khán đài,Thể thao,Thể thao,Thể thao,True,1.1226848521173896,>=0.50
23055,Agribank chung tay góp thêm niềm vui mùa tựu trường,Kinh doanh,Kinh doanh,Giáo dục,False,1.312100133343114,>=0.50
52077,"Hyundai Staria thêm trang bị, tăng giá nhưng mất tính năng an toàn quan trọng",Xe,Xe,Xe,True,0.06655938106739157,<0.10
183714,"Hợp tác nâng cao năng lực số của chính quyền, doanh nghiệp, người dân TP.HCM",Khoa học công nghệ,Khoa học,Khoa học,True,0.3360430672810396,0.30–0.50
127152,HLV đội tuyển Thái Lan nói điều bất ngờ về Việt Nam: AFF Cup nữ rất kịch tính,Thể thao,Thể thao,Thể thao,True,1.553389324626606,>=0.50
175819,Giảng viên ngoại ngữ nói về chuyện 'học chục năm không nói được câu tiếng Anh',Giáo dục,Giáo dục,Giáo dục,True,2.384187360314434,>=0.50
59009,"Sau Lumia 920, HMD Global sẵn sàng hồi sinh Lumia 1020",Khoa học công nghệ,Khoa học,Khoa học,True,0.7877757747818732,>=0.50
243331,Tạm giữ tài xế giả danh quyền phó ban thời sự VTV vi phạm nồng độ cồn,Thời sự,Thời sự,Pháp luật,False,0.37829311728331727,0.30–0.50
72465,CSGT TP.HCM phạt nhiều tài xế xe cứu thương phát tín hiệu ưu tiên không đúng quy định,Đời sống,Đời sống,Xe,False,0.11378922233373456,0.10–0.20
29157,Động đất tại Myanmar: Bệnh viện Việt Nam tăng cường hỗ trợ,Sức khỏe,Sức khỏe,Sức khỏe,True,0.5372015513743439,>=0.50
13601,"Sắc màu Việt Nam tôn vinh thiết kế từ lụa, thổ cẩm",Giải trí,Giải trí,Khoa học,False,0.032522724198014885,<0.10
185595,Nhà mạng sắp có thêm dung lượng từ tuyến cáp quang đất liền,Khoa học công nghệ,Khoa học,Khoa học,True,0.016806446598223834,<0.10
121502,"Pakistan phản kích Ấn Độ, triệu tập cơ quan chỉ huy hạt nhân",Thế giới,Thế giới,Thế giới,True,0.7126084250517429,>=0.50
180009,Top 500 thí sinh có điểm thi khối D01 tốt nghiệp THPT năm 2023 cao nhất,Giáo dục,Giáo dục,Giáo dục,True,1.537792185717953,>=0.50
115709,"11 tuổi, mua là có quà tại Mai Hân!",Sức khỏe,Sức khỏe,Kinh doanh,False,0.6291780777915942,>=0.50
139613,Dự án chặn lối thoát nước gây ngập úng khu dân cư,Thời sự,Thời sự,Xã hội,False,0.3495015805396132,0.30–0.50
122775,"Chiến sự Ukraine ngày 1.046: Nga bắn rơi 8 tên lửa ATACMS, tuyên bố sẽ trả đũa",Thế giới,Thế giới,Thế giới,True,0.9252273176191337,>=0.50
27332,Chủ quán karaoke 10 năm kêu oan vì bị cáo buộc môi giới mại dâm cho nhân viên,Pháp luật,Pháp luật,Pháp luật,True,1.2946003522964107,>=0.50
71463,"Tìm thấy cụ ông TP.HCM biệt tích nửa tháng, gia đình mừng rỡ: 'Như trúng độc đắc!'",Đời sống,Đời sống,Đời sống,True,0.7021175126675983,>=0.50
204963,Vụ cháy chung cư Carina: Luật sư kiến nghị vì có dấu hiệu bỏ lọt tội phạm,Pháp luật,Pháp luật,Thời sự,False,0.8700825452404658,>=0.50
134868,"Thi công cao tốc gây nứt nhà, dân mòn mỏi chờ đền bù",Thời sự,Thời sự,Kinh doanh,False,0.022391677734417748,<0.10
127817,Trợ lý HLV Kim Sang-sik nói gì khi lên chức cực to: ‘Hành trình rất nhiều thử thách’,Thể thao,Thể thao,Thể thao,True,1.6156770448429107,>=0.50
217047,Video chiến đấu cơ Ukraine oanh tạc quân Nga ở Kursk,Thế giới,Thế giới,Thế giới,True,0.33126209856447764,0.30–0.50
204158,Giả danh Phó viện trưởng Viện kiểm sát để lừa ‘chạy án’,Pháp luật,Pháp luật,Pháp luật,True,0.9681732242890595,>=0.50
3584,Bắt nhịp tương lai ngành giao thông: Nắm bắt cơ hội việc làm,Giáo dục,Giáo dục,Giáo dục,True,0.8687130638164475,>=0.50
256249,Chàng kỹ sư nghèo phải lòng cô gái châu Phi 1m82 và cái kết viên mãn,Đời sống,Đời sống,Đời sống,True,0.2330731760690506,0.20–0.30
201104,6 dịch vụ của VNPAY nhận chứng chỉ bảo mật quốc tế PCI DSS,Kinh doanh,Kinh doanh,Kinh doanh,True,0.9225524317111838,>=0.50
126880,Một vị trí trọng yếu của đội tuyển Việt Nam bị 'đe dọa' mất chỗ: Thầy Kim hé lộ…,Thể thao,Thể thao,Thể thao,True,1.6525292265224416,>=0.50
49581,Toyota phát triển trợ lý ảo hứa hẹn còn ‘đỉnh’ hơn cả Siri,Xe,Xe,Khoa học,False,0.2799099056706919,0.20–0.30
241213,Xe công nghệ đâm sập tường nhà dân ở TPHCM,Thời sự,Thời sự,Thời sự,True,0.1937894907212735,0.10–0.20
142209,Những người giữ đình xứ Đoài: Những người lính Tường Phiêu,Thời sự,Thời sự,Đời sống,False,0.03885660491051751,<0.10
195320,"Lãi suất tiết kiệm mới nhất tháng 4/2023, gửi tiền ngân hàng nào lãi cao nhất?",Kinh doanh,Kinh doanh,Kinh doanh,True,1.0949086493593243,>=0.50
10579,Cannes tôn vinh Studio Ghibli: Cành cọ vàng cho thế giới mộng mơ,Giải trí,Giải trí,Giải trí,True,1.6285851291055609,>=0.50
90323,Diễn viên Tùng Dương kết hôn lần 4,Giải trí,Giải trí,Giải trí,True,1.022107817288772,>=0.50
89012,VP Bá Vương: Làm MV càng nhiều tiền thì càng áp lực,Giải trí,Giải trí,Giải trí,True,1.0302925417882265,>=0.50
134005,Dược sĩ hưu trí góp phần chống hàng giả,Thời sự,Thời sự,Sức khỏe,False,0.03254048965814238,<0.10
232903,Man City 3-0 Bayern Cúp C1 Pep Guardiola hóa giải Thomas Tuchel,Thể thao,Thể thao,Thể thao,True,1.5536546861536933,>=0.50
88525,"Nam ca sĩ sở hữu ca khúc 300 triệu view, hôn nhân viên mãn ở tuổi 50",Giải trí,Giải trí,Giải trí,True,1.9576976889981141,>=0.50
180774,Phụ huynh cần ít nhất 1 tỷ đồng/năm mới có thể cho con đi du học,Giáo dục,Giáo dục,Giáo dục,True,2.743070467262652,>=0.50
108621,Thêm một con cá khổng lồ vừa được trả về lại dòng sông Mekong,Kinh doanh,Kinh doanh,Khoa học,False,0.4055204526033595,0.30–0.50
256200,"Ám ảnh tuổi thơ, 9X chi 1,8 tỷ đồng mua tinh trùng sinh 3, giờ ra sao?",Đời sống,Đời sống,Đời sống,True,0.06338728158450224,<0.10
263171,"Bị mỉa mai khi đăng ảnh vợ mập lên mạng, anh chồng phản ứng gắt",Đời sống,Đời sống,Đời sống,True,0.06975479767542542,<0.10
148147,Nhiều người dùng ô tô điện không muốn đổi sang các dòng xe khác,Xe,Xe,Xe,True,0.5141896852183334,>=0.50
211129,Bệnh hiếm 30 lần đến viện mới có thể chẩn đoán,Sức khỏe,Sức khỏe,Sức khỏe,True,1.4883401342878693,>=0.50
123191,"Copa America 2024: Messi sút hỏng 11 m đã có Emiliano Martinez cứu, Argentina vào bán kết",Thể thao,Thể thao,Thể thao,True,2.0626093847632574,>=0.50
254493,"Xe xong thủ tục, chờ nhận thì bị ngập nước ở showroom, bên nào chịu trách nhiệm?",Xe,Xe,Xe,True,0.15986733037467127,0.10–0.20
34839,Trào lưu 'rốn giả' nổi lên tại Trung Quốc,Thế giới,Thế giới,Giải trí,False,0.13139177206012936,0.10–0.20
244387,"22 trung tâm đăng kiểm ở Hà Nội đóng cửa, phó giám đốc mới cũng bị điều tra",Thời sự,Thời sự,Pháp luật,False,1.1583341497419588,>=0.50
184007,Sau 2 năm chuyển đổi số toàn diện ở thị xã Quảng Yên,Khoa học công nghệ,Khoa học,Kinh doanh,False,0.5089751127661235,>=0.50
115845,"Bất ngờ với sữa rửa mặt triệu view, triệu đơn nhờ làm sạch bụi mịn PM2.5",Sức khỏe,Sức khỏe,Sức khỏe,True,0.632552494794535,>=0.50
117737,"Alaska sắp mở cuộc thi gấu mập, một ‘ứng viên’ đã bị đối thủ giết chết",Thế giới,Thế giới,Khoa học,False,0.30803587382921954,0.30–0.50
65702,Hương vị quê hương: Ốc bàn tay,Đời sống,Đời sống,Thời sự,False,0.06956355717207774,<0.10
254255,Xe điện Trung Quốc BYD thách thức thị phần ô tô cỡ nhỏ Nhật Bản,Xe,Xe,Xe,True,0.1995849084977127,0.10–0.20
168203,Lisa gây xôn xao khi nhận giải thưởng Biểu tượng văn hóa,Giải trí,Giải trí,Giải trí,True,1.6263966739387874,>=0.50
165586,"Váy áo cao cấp lấy cảm hứng hoa lá, tốn 240 giờ hoàn thành",Giải trí,Giải trí,Khoa học,False,0.031252638769942664,<0.10
190907,Giá vàng hôm nay 11/4/2025: SJC và nhẫn tăng vọt lên đỉnh kỷ lục 105 triệu đồng,Kinh doanh,Kinh doanh,Kinh doanh,True,1.5669278271312392,>=0.50
26833,Bán thuốc sắp hết hạn có bị phạt không?,Pháp luật,Pháp luật,Pháp luật,True,0.05139632622331258,<0.10
198442,'Thủ phủ' dứa Thanh Hóa lao đao: Cây đang xanh bỗng chết hàng loạt,Kinh doanh,Kinh doanh,Kinh doanh,True,0.23148656897656117,0.20–0.30
4841,TP.HCM: Học sinh có thể nghỉ Tết dương lịch 4 ngày,Giáo dục,Giáo dục,Giáo dục,True,1.6170188016219957,>=0.50
56257,SAP và AWS hỗ trợ phát triển các giải pháp AI tạo sinh,Khoa học công nghệ,Khoa học,Khoa học,True,0.16074848431758015,0.10–0.20
172947,Khai mạc GMB League 2025: Sân chơi chuyên nghiệp đầu tiên cho HSSV yêu bóng rổ,Giáo dục,Giáo dục,Giáo dục,True,0.49542659172691594,0.30–0.50
121203,"Trung Quốc diễn tập tấn công chính xác, mô phỏng mục tiêu trên đảo Đài Loan",Thế giới,Thế giới,Thế giới,True,0.23228155410139067,0.20–0.30
119792,Ông Trump nói Trung Quốc 'hoảng loạn' khi bị Mỹ áp thuế,Thế giới,Thế giới,Kinh doanh,False,1.0076501257107298,>=0.50
17604,Khai mạc Tuần lễ chuyển đổi số TP.HCM 2023,Khoa học công nghệ,Khoa học,Kinh doanh,False,0.3979209562485395,0.30–0.50
59039,Nvidia sắp 'hồi sinh' GPU RTX Titan mạnh hơn cả RTX 5090,Khoa học công nghệ,Khoa học,Khoa học,True,0.37953382031775207,0.30–0.50
28599,"Trẻ sơ sinh có răng mọc ngay lúc sinh, hiện tượng hiếm gặp hay kỳ lạ?",Sức khỏe,Sức khỏe,Sức khỏe,True,0.8076308403352155,>=0.50
109637,Boeing tăng gấp đôi lượng mua nhiên liệu hàng không bền vững,Kinh doanh,Kinh doanh,Kinh doanh,True,0.6727486316572623,>=0.50
5227,"Cô giáo dạy bảng cửu chương bằng rap, học trò mê tít",Giáo dục,Giáo dục,Giáo dục,True,1.4714288105255218,>=0.50
145672,"Suzuki dừng bán hàng loạt xe máy tại Việt Nam, tập trung sang ô tô",Xe,Xe,Xe,True,0.5465048123604801,>=0.50
204164,"Chiêu làm giầu tinh vi, gom tiền tỷ của các đại gia xộ khám",Pháp luật,Pháp luật,Kinh doanh,False,0.658389672796283,>=0.50
229623,Arsenal công bố hợp đồng 'bom tấn' người Italy,Thể thao,Thể thao,Thể thao,True,0.578229469825485,>=0.50
30169,Tác dụng chữa nhiều bệnh bất ngờ của quả sung,Sức khỏe,Sức khỏe,Sức khỏe,True,2.0280004502387112,>=0.50
73214,Những em nhỏ ngóng ngày về quê đón tết: Cha mẹ chỉ mong 'con không lên cơn sốt',Đời sống,Đời sống,Đời sống,True,0.5560793259667565,>=0.50
226445,"Kết quả Real Madrid vs Kairat Mbappe 13 bàn 9 trận, gây sốt cúp C1",Thể thao,Thể thao,Thể thao,True,0.8125285045008239,>=0.50
209366,Dịch vụ chăm sóc y tế ngay tại nhà cho cư dân Ocean City,Sức khỏe,Sức khỏe,Sức khỏe,True,1.148509419017239,>=0.50
217720,Khoảnh khắc UAV cảm tử của Nga hạ gục xe tăng Mỹ ở Donbass,Thế giới,Thế giới,Kinh doanh,False,0.02609127523583943,<0.10
157049,"Tom Cruise bị gió đánh bật khỏi cánh máy bay, treo mình ở độ cao 3.000m",Giải trí,Giải trí,Khoa học,False,0.7509368409335981,>=0.50
261990,Vì sao các nhà hàng ở Hàn Quốc phục vụ nhiều món ăn miễn phí?,Đời sống,Đời sống,Đời sống,True,0.27560931349005147,0.20–0.30
188019,iPhone 17 Pro gây thất vọng vì từ bỏ một tính năng quan trọng,Khoa học công nghệ,Khoa học,Khoa học,True,0.9933184402289958,>=0.50
16952,Bạn trẻ khởi nghiệp thời 4.0 và câu hỏi dữ liệu lấy từ đâu,Khoa học công nghệ,Khoa học,Kinh doanh,False,1.1209608816513512,>=0.50
203945,"Bố vợ giết con rể, ném thi thể xuống suối phi tang",Pháp luật,Pháp luật,Pháp luật,True,0.9809187200438594,>=0.50
125586,"Quay lén đối thủ, HLV đội tuyển nữ Canada mất việc ở Olympic: Còn bị FIFA điều tra",Thể thao,Thể thao,Thể thao,True,0.895734629227736,>=0.50
204744,"Nhận ‘lại quả’ 1 tỷ đồng, cựu Giám đốc Sở Y tế Tây Ninh hầu tòa",Pháp luật,Pháp luật,Kinh doanh,False,0.0002594556485717714,<0.10
35259,"Toàn cảnh vụ ám sát CEO UnitedHealthcare: Nghi phạm học tập xuất sắc, gia đình danh giá",Thế giới,Thế giới,Pháp luật,False,0.3860347477495082,0.30–0.50
55807,iOS 18.4 cho phép chọn ứng dụng dịch mặc định trên iPhone,Khoa học công nghệ,Khoa học,Khoa học,True,1.0642142832484218,>=0.50
206681,Lời kể của chàng trai sống sót sau vụ ngộ độc rượu khiến 6 người tử vong,Sức khỏe,Sức khỏe,Sức khỏe,True,0.42370007168437285,0.30–0.50
206090,"Bộ Y tế: Thuốc chữa ung thư của Nga được nhập khẩu, sử dụng rộng rãi",Sức khỏe,Sức khỏe,Sức khỏe,True,0.5775130689164064,>=0.50
203809,"Truy tìm đối tượng cầm đầu mua bán lô đề 1,5 tỷ đồng/ngày ở Thanh Hóa",Pháp luật,Pháp luật,Pháp luật,True,0.7267443405015848,>=0.50
120710,Vị trí hiện tại của 11 tàu sân bay Mỹ,Thế giới,Thế giới,Khoa học,False,0.4407120726760894,0.30–0.50
216041,"Được nghỉ hưởng lương, vì sao đàn ông Nhật Bản vẫn sợ ở nhà trông con?",Thế giới,Thế giới,Giáo dục,False,0.0248757948148719,<0.10
137453,"Long An: Sản xuất trong nhà xưởng trái phép, gây ô nhiễm khu dân cư",Thời sự,Thời sự,Kinh doanh,False,0.05674897200921303,<0.10
203703,Gã đàn ông giết bà chủ quán nhậu vì ghen tuông,Pháp luật,Pháp luật,Pháp luật,True,0.7660616291738546,>=0.50
32797,Những nhát dao đâm trẻ em và cuộc khủng hoảng nhập cư,Thế giới,Thế giới,Thế giới,True,0.08031318512564228,<0.10
4379,"Chiều nay thí sinh thi ngoại ngữ, 24 em bị đình chỉ buổi thi sáng",Giáo dục,Giáo dục,Giáo dục,True,1.6018390600825612,>=0.50
30305,Thức ăn nào tốt cho người bị máu nhiễm mỡ?,Sức khỏe,Sức khỏe,Sức khỏe,True,2.10937939192101,>=0.50
185912,Có nên cấm trẻ sử dụng smartphone hoàn toàn?,Khoa học công nghệ,Khoa học,Khoa học,True,0.16541831503104054,0.10–0.20
206180,Người phụ nữ đẻ rơi giữa vùng ngập nước sâu ở TP Huế,Sức khỏe,Sức khỏe,Sức khỏe,True,0.6346219574437869,>=0.50
116613,"Công nghệ kiểm soát độ ẩm, bảo vệ và thúc đẩy tái tạo sẹo nhanh chóng",Sức khỏe,Sức khỏe,Sức khỏe,True,0.6365568139248655,>=0.50
13872,5 người chết ở Disney World trong một tháng qua,Giải trí,Giải trí,Thời sự,False,0.04794980345801625,<0.10
106865,"Bị chậm hoàn thuế hơn 700 tỉ đồng, ngành hàng xuất khẩu tỉ USD ‘cầu cứu’",Kinh doanh,Kinh doanh,Kinh doanh,True,1.1296512665874525,>=0.50
245779,"Người đàn ông Trung Quốc liên tiếp gây ra 4 vụ phá két sắt, trộm gần 2 tỷ đồng",Thời sự,Thời sự,Pháp luật,False,0.6135108682871282,>=0.50
257004,Tạm biệt 2024: Một năm cho tôi những bài học quý giá,Đời sống,Đời sống,Đời sống,True,0.47694390036147405,0.30–0.50
26102,Trồng thêm cây khi có quyết định thu hồi: được bồi thường không?,Pháp luật,Pháp luật,Pháp luật,True,0.008156381976896054,<0.10
72755,"Ảnh hưởng bão Trà Mi: TP.HCM mưa trắng trời cả sáng, đường ngập lênh láng",Đời sống,Đời sống,Đời sống,True,0.14109137422389928,0.10–0.20
29824,Máu 'bẩn' sinh đủ thứ bệnh,Sức khỏe,Sức khỏe,Sức khỏe,True,1.9344170338130429,>=0.50
264807,"Bà lão bán đất hương hỏa chia tiền cho các con, ốm đau không người chăm sóc",Đời sống,Đời sống,Đời sống,True,0.27898322740790554,0.20–0.30
204035,Diện tích đất tối thiểu bao nhiêu m2 thì được cấp sổ đỏ?,Pháp luật,Pháp luật,Pháp luật,True,0.09565105128234269,<0.10
222710,U23 Việt Nam dự U23 châu Á vận may chiến thắng từ thay tướng,Thể thao,Thể thao,Thể thao,True,0.9853059346861495,>=0.50
116098,Giải pháp làm sạch an toàn đánh bay bụi mịn PM2.5 - Thủ phạm gây mụn ẩn,Sức khỏe,Sức khỏe,Sức khỏe,True,0.6610671206570162,>=0.50
179421,2 chương trình du học hè ý nghĩa của học sinh Trường Quốc tế Singapore,Giáo dục,Giáo dục,Giáo dục,True,1.5650614216058276,>=0.50
128765,"Vừa bất ngờ rời Liên đoàn Billiards Việt Nam, Yến Nhi đối đầu ai tại PBA Hàn Quốc?",Thể thao,Thể thao,Thể thao,True,0.8309742087850356,>=0.50
204206,Tử hình bà bán bún riêu sát hại ông giao thịt heo,Pháp luật,Pháp luật,Pháp luật,True,0.5796757845224179,>=0.50
140857,"CSGT Đà Nẵng tổ chức sát hạch lái xe, đẩy nhanh giải quyết hồ sơ tồn đọng",Thời sự,Thời sự,Pháp luật,False,0.628393604731877,>=0.50
26429,"Vợ đang ly thân lấy tiền rồi bỏ đi, tôi phải làm sao?",Pháp luật,Pháp luật,Pháp luật,True,0.33350391930802314,0.30–0.50
176371,Gia thế khủng của nam diễn viên: Cả gia đình tốt nghiệp ĐH top đầu thế giới,Giáo dục,Giáo dục,Giáo dục,True,0.15537518427089447,0.10–0.20
207191,"Lời gan ruột về 2 ca cấp cứu trong đêm, bệnh nhân không nộp gần 6 triệu viện phí",Sức khỏe,Sức khỏe,Sức khỏe,True,0.6344570052350252,>=0.50
47547,"'Lái xe Trung Quốc 3 năm, quá thích nên tôi mua chiếc nữa'",Xe,Xe,Xe,True,0.7619622288352351,>=0.50
177083,"Đóng 70 nghìn/ngày, phụ huynh ứa nước mắt nhìn bữa ăn của con",Giáo dục,Giáo dục,Giáo dục,True,0.47723462477479267,0.30–0.50
235890,Khai mạc Olympic 2024: Paris khiến thế giới kinh ngạc,Thể thao,Thể thao,Thể thao,True,0.08193608403777719,<0.10
41627,Bảng tổng kết huy chương Olympic 2024 các nước Đông Nam Á,Thể thao,Thể thao,Thể thao,True,0.785620633876819,>=0.50
122379,Lầu Năm Góc lo công nghệ tiêm kích F-35 rò rỉ từ Ả Rập Xê Út,Thế giới,Thế giới,Thế giới,True,0.3093915773992659,0.30–0.50
55299,Nên kiểm tra sức khỏe ổ cứng bao lâu một lần,Khoa học công nghệ,Khoa học,Khoa học,True,0.9483516767091131,>=0.50
143671,'Xe hot' Mitsubishi XFC bản thương mại sắp mở bán chính thức,Xe,Xe,Xe,True,0.029010167187880853,<0.10
171297,"Hậu chia tay chị đẹp Dương Hoàng Yến, Hà Anh quay MV 'chữa lành'",Giải trí,Giải trí,Giải trí,True,0.8207463831315438,>=0.50
26451,"Công ty muốn chấm dứt hợp đồng lao động do tái cơ cấu, phải làm gì?",Pháp luật,Pháp luật,Công đoàn,False,0.80880669427026,>=0.50
167879,Thanh Hằng và chồng nhạc trưởng hạnh phúc sau 3 tháng kết hôn,Giải trí,Giải trí,Giải trí,True,0.42975176571142126,0.30–0.50
20250,"Từ 'ông lớn' ngành may, giờ Garmex Sài Gòn trông cậy vào sân pickleball",Kinh doanh,Kinh doanh,Kinh doanh,True,1.9721858958781227,>=0.50
37288,"Lộ diện các cặp đấu tứ kết vòng chung kết Giải bóng đá công nhân, viên chức Việt Nam",Thể thao,Thể thao,Thể thao,True,1.0554982348430655,>=0.50
208875,Tai nạn sinh hoạt khiến người đàn ông trẻ phải mổ cấp cứu ngay trong đêm,Sức khỏe,Sức khỏe,Sức khỏe,True,1.7972413415093693,>=0.50
204255,"Cho vay lãi suất tới 7.200%, nhóm giang hồ dùng video khỏa thân để đòi nợ",Pháp luật,Pháp luật,Pháp luật,True,0.25497919607020625,0.20–0.30
122926,Chiến sự Ukraine ngày 1.309: Nga - Ukraine rơi vào thế giằng co trên chiến trường,Thế giới,Thế giới,Thế giới,True,0.2823426800473316,0.20–0.30
102280,Vì sao đề thi đánh giá năng lực ĐH Quốc gia TP.HCM xuất hiện trên mạng?,Giáo dục,Giáo dục,Giáo dục,True,0.6610359894524718,>=0.50
16339,Bùi Quỳnh Hoa đăng quang Miss Universe Vietnam 2023,Giải trí,Giải trí,Giải trí,True,0.6305484461679108,>=0.50
39043,Có nên hét to như Sharapova khi chơi thể thao?,Thể thao,Thể thao,Thể thao,True,0.3804268845700238,0.30–0.50
244877,Cục C03: Vợ chồng chủ thẩm mỹ viện Mailisa nộp 300 tỷ đồng,Thời sự,Thời sự,Kinh doanh,False,0.8990025397279126,>=0.50
167603,Diệp Lâm Anh xúc động nhớ lời con gái: 'Bố vẫn thương mẹ đấy',Giải trí,Giải trí,Giải trí,True,0.7162660645302322,>=0.50
114434,SMILE Pro - Phương pháp mổ cận hàng đầu hiện nay,Sức khỏe,Sức khỏe,Sức khỏe,True,0.031618261345834675,<0.10
254501,"Cố lái xe máy vào vùng ngập nước: Cẩn thận 'sai một ly, đi cả triệu đồng'",Xe,Xe,Xe,True,0.4806851306392733,0.30–0.50
50574,"Mitsubishi Destinator chạy thử ở Việt Nam, sắp ra mắt đấu Mazda CX-5",Xe,Xe,Xe,True,0.4730660214992495,0.30–0.50
213840,Cách Nga biến đổi UAV Shahed của Iran thành vũ khí nguy hiểm hơn đối với Ukraine,Thế giới,Thế giới,Khoa học,False,0.2623754633816298,0.20–0.30
138971,Cách xin cấp lại bằng lái xe 2025 khi mất hồ sơ gốc,Thời sự,Thời sự,Pháp luật,False,0.29607647067438725,0.20–0.30
70151,Lan tỏa trên mạng xã hội: Bố mẹ chồng tổ chức cho con dâu 'đi bước nữa',Đời sống,Đời sống,Đời sống,True,0.8854236186188158,>=0.50
6520,"Loạt phim kinh dị, giật gân đổ bộ rạp Việt; Chuyện tình Lý Chiêu Hoàng lên sân khấu",Giải trí,Giải trí,Giải trí,True,1.7684633181416896,>=0.50
113701,Giá USD hôm nay 12.11.2024: Tăng kịch trần,Kinh doanh,Kinh doanh,Kinh doanh,True,1.5023021430392633,>=0.50
36902,FIFA báo tin vui cho tuyển Việt Nam,Thể thao,Thể thao,Thể thao,True,0.17604214436343368,0.10–0.20
206250,3 nguyên tắc khi ăn rau sống,Sức khỏe,Sức khỏe,Sức khỏe,True,1.2951562070081233,>=0.50
262326,"Tổ chức đám cưới giữa ngập lụt, chú rể nói 2 câu khiến nhiều người xúc động",Đời sống,Đời sống,Đời sống,True,0.49704095856600017,0.30–0.50
133808,Hà Nội: Mọi thủ tục giữa nhà nước với cá nhân phải thực hiện trên môi trường số,Thời sự,Thời sự,Kinh doanh,False,0.3778433451011923,0.30–0.50
35874,Bà Kamala Harris xuất hiện cùng bản sao của mình trên chương trình hài của Mỹ,Thế giới,Thế giới,Giải trí,False,0.5462715507522752,>=0.50
68175,Người dân TP.HCM đi chùa cầu bình an suốt tuần Đại lễ Phật đản,Đời sống,Đời sống,Thế giới,False,0.0604721317134827,<0.10
196783,Đề xuất tạm dừng thu phí khi chất lượng đường xuống cấp,Kinh doanh,Kinh doanh,Khoa học,False,0.08421194061239134,<0.10
141854,Biển đảo Tây Nam: Mạch máu Việt nối liền với biển,Thời sự,Thời sự,Thời sự,True,0.3859979328272066,0.30–0.50
103375,Các trường ĐH dời lịch công bố điểm chuẩn đến khi nào?,Giáo dục,Giáo dục,Giáo dục,True,0.6895308082472492,>=0.50
163751,"NSND Quang Thọ, Quốc Hưng kể hậu trường cuộc thi hát nhiều giải Nhất",Giải trí,Giải trí,Giải trí,True,0.6261456707540826,>=0.50
204006,"Định cư nước ngoài, muốn làm thẻ căn cước công dân có cần về Việt Nam?",Pháp luật,Pháp luật,Pháp luật,True,0.27261244607340834,0.20–0.30
72102,Chàng trai khiếm thị về đích cự ly chạy 21 km,Đời sống,Đời sống,Đời sống,True,0.28717191112665674,0.20–0.30
250075,"Bị đuôi container va quệt, xe con vượt đèn đỏ đuổi theo, chặn đầu đòi công bằng",Xe,Xe,Xe,True,0.40572693845691354,0.30–0.50
238910,"Hai xe máy va chạm trực diện, 2 nam thanh niên tử vong tại chỗ",Thời sự,Thời sự,Thời sự,True,0.47702968363938564,0.30–0.50
55068,Sạc đến 100% liệu có làm hỏng pin smartphone?,Khoa học công nghệ,Khoa học,Khoa học,True,1.2706454763381283,>=0.50
68795,"Nếu không nộp phạt vi phạm giao thông, chuyện gì xảy ra?",Đời sống,Đời sống,Pháp luật,False,0.4818779310449809,0.30–0.50
28471,Bác sĩ chỉ cách ăn uống ngừa ung thư dạ dày,Sức khỏe,Sức khỏe,Sức khỏe,True,1.538910070798376,>=0.50
48006,Tin tức giá xe: Chi phí lăn bánh Mitsubishi Xpander giảm tới 75 triệu,Xe,Xe,Kinh doanh,False,0.6599538688236882,>=0.50
210155,"Tiểu ra máu, đau lưng mới phát hiện bị ung thư thận giai đoạn muộn",Sức khỏe,Sức khỏe,Sức khỏe,True,1.853879123363228,>=0.50
261049,"Đại gia ngồi tù vẫn kiếm tiền tỷ, lắp điều hòa tất cả phòng giam",Đời sống,Đời sống,Kinh doanh,False,0.7839445777640953,>=0.50
27895,Sáng ngủ dậy cần chú ý những biểu hiện này là dấu hiệu bệnh tật nguy hiểm,Sức khỏe,Sức khỏe,Sức khỏe,True,2.4895982936824943,>=0.50
209626,Người mẹ từ Hàn Quốc về Việt Nam mang theo hy vọng cứu đứa con trong bụng,Sức khỏe,Sức khỏe,Sức khỏe,True,1.6000604646988814,>=0.50
129265,Lịch thi đấu bóng chuyền SEA V.League hôm nay: Việt Nam gặp thách thức cực lớn,Thể thao,Thể thao,Thể thao,True,1.1089988054780218,>=0.50
84439,Hiền Thục bật khóc tiếc cho thí sinh trạc tuổi con gái mình,Giải trí,Giải trí,Giải trí,True,0.8876011678310356,>=0.50
203812,Tạm giữ nghi phạm chém lìa cánh tay của nam thanh niên,Pháp luật,Pháp luật,Pháp luật,True,0.46186573158667255,0.30–0.50
214921,Giám đốc FBI gây tranh cãi khi điều động đội SWAT để bảo vệ bạn gái,Thế giới,Thế giới,Giải trí,False,0.15974976425628473,0.10–0.20
213458,Người bị bệnh tim mạch có nên cắt giảm muối hoàn toàn không?,Sức khỏe,Sức khỏe,Sức khỏe,True,1.927055033451074,>=0.50
217717,Video tên lửa HIMARS của Ukraine phá tung hệ thống phòng không Nga,Thế giới,Thế giới,Thế giới,True,0.389467882705109,0.30–0.50
44687,Mừng và lo cho gạo Việt,Thời sự,Thời sự,Kinh doanh,False,1.2589934086435473,>=0.50
53952,Những lý do iPad màn hình gập là lựa chọn hoàn hảo cho Apple,Khoa học công nghệ,Khoa học,Khoa học,True,0.813049765730949,>=0.50
99159,"Hiệu trưởng trường ĐH nào là ứng viên phó giáo sư, giáo sư năm nay?",Giáo dục,Giáo dục,Giáo dục,True,1.1599047954929704,>=0.50
145131,Người Việt nói gì về thiết kế Honda Winner R?,Xe,Xe,Xe,True,0.5614280457519609,>=0.50
143833,10 ô tô đã qua sử dụng 10 năm đáng cân nhắc để lựa chọn,Xe,Xe,Xe,True,0.34845888566260297,0.30–0.50
204626,"Cô gái 18 tuổi bị bán qua tay 6 lần, 10 đối tượng ‘mua bán người’ lĩnh án",Pháp luật,Pháp luật,Pháp luật,True,0.8943267192074373,>=0.50
161830,Những điều đẹp đẽ và cảm động trong Chuyện thầy trò,Giải trí,Giải trí,Giáo dục,False,0.8124439834543882,>=0.50
96929,Vì sao cộng đồng tích cực chia sẻ sự kiện 'Mẹ là Tình Yêu' 2023?,Giáo dục,Giáo dục,Giáo dục,True,0.7937855100460794,>=0.50
223627,"Tuyển Việt Nam 'ngấm' triết lý, sẽ đá tốt trước Philippines và Iraq",Thể thao,Thể thao,Thể thao,True,1.258773226018406,>=0.50
208726,Người phụ nữ trẻ đi cấp cứu vì không há được miệng sau tai nạn,Sức khỏe,Sức khỏe,Sức khỏe,True,1.148144448408543,>=0.50
64453,Smartphone cao cấp cần mức bộ nhớ trong bao nhiêu?,Khoa học công nghệ,Khoa học,Khoa học,True,0.8790214686435187,>=0.50
119468,Thái Lan cân nhắc miễn thuế thêm hàng Mỹ,Thế giới,Thế giới,Kinh doanh,False,1.174496590749726,>=0.50
164989,Cuộc sống của MC đẹp nhất VTV sau hai lần làm dâu hào môn ra sao?,Giải trí,Giải trí,Giải trí,True,0.38041588987869446,0.30–0.50
204612,Ngân hàng An Bình 'ăn trái đắng' khi bị giám đốc đem kho gạo rỗng cầm cố,Pháp luật,Pháp luật,Kinh doanh,False,1.176526559933786,>=0.50
182600,"Rikkeisoft tuyên bố IPO tại Nhật, hướng tới trở thành kỳ lân công nghệ Việt Nam",Khoa học công nghệ,Khoa học,Kinh doanh,False,0.4705103367020642,0.30–0.50
140700,Bến Tre: Thu hồi giấy phép nhà xe hợp đồng 'trá hình' tuyến cố định,Thời sự,Thời sự,Kinh doanh,False,0.1528062704501716,0.10–0.20
258275,"Cô gái xinh đẹp 19 tuổi đi chơi rồi mất tích, sự thật được hé lộ sau 15 năm",Đời sống,Đời sống,Pháp luật,False,0.1213256615390006,0.10–0.20
27315,"Tổng giám đốc bỏ trốn sang Mỹ, căn cứ nào để viện kiểm sát buộc tội chủ mưu?",Pháp luật,Pháp luật,Pháp luật,True,0.6205893038757031,>=0.50
198774,PGBank được vinh danh Nơi làm việc tốt nhất châu Á 2025,Kinh doanh,Kinh doanh,Kinh doanh,True,0.7623127765295113,>=0.50
246127,Nhà thiết kế Nguyễn Công Trí bị bắt liên quan đường dây ma túy,Thời sự,Thời sự,Pháp luật,False,0.9520031347555149,>=0.50
145185,Nissan bật khỏi cuộc đua 10 thương hiệu ô tô bán chạy nhất toàn cầu,Xe,Xe,Kinh doanh,False,0.5523268971709049,>=0.50
138549,"Xử lý viên chức nhận chuyển khoản cá nhân, nộp phạt giúp tiểu thương chợ Hàng Heo",Thời sự,Thời sự,Pháp luật,False,0.3359413354314271,0.30–0.50
99578,Những trường THPT nào ở TP.HCM thường có chỉ tiêu tuyển sinh lớp 10 nhiều nhất?,Giáo dục,Giáo dục,Giáo dục,True,2.6194456889064788,>=0.50
31685,Các bạn trẻ TP.HCM kết hôn muộn nhất nước,Sức khỏe,Sức khỏe,Đời sống,False,0.523131554078412,>=0.50
30797,Quý ông không có tinh trùng,Sức khỏe,Sức khỏe,Sức khỏe,True,1.1234960676775188,>=0.50
249967,Tài xế bị bắt sau khi nháy đèn cảnh báo bẫy tốc độ trước mặt cảnh sát,Xe,Xe,Pháp luật,False,0.2727624539163861,0.20–0.30
27104,"Trả hồ sơ vụ ‘nữ đại gia Vũng Tàu’ cho vay lãi nặng, rửa tiền",Pháp luật,Pháp luật,Pháp luật,True,0.5948397116293079,>=0.50
207977,"Một bác sĩ nổi tiếng qua đời vì cúm, cảnh báo 4 nhóm người có nguy cơ rất lớn",Sức khỏe,Sức khỏe,Sức khỏe,True,2.1288288978040333,>=0.50
56453,"Cổ phiếu tăng kỷ lục, Nvidia sắp soán ngôi vương của Apple",Khoa học công nghệ,Khoa học,Kinh doanh,False,1.1191431803609164,>=0.50
188041,iPhone 17 vs iPhone 16: Nâng cấp thực sự hay vẫn là 'bình mới rượu cũ'?,Khoa học công nghệ,Khoa học,Khoa học,True,1.2753580421101165,>=0.50
49440,"Nhiều xe Rolls-Royce cháy rụi cùng hàng trăm chiếc Mercedes, BMW",Xe,Xe,Thời sự,False,0.3061729034964876,0.30–0.50
249444,Người dùng xe Tesla thích thú với tiện ích mới chỉ có trên iPhone 15 Pro,Xe,Xe,Khoa học,False,0.11356608750505476,0.10–0.20
109289,"Hôm nay, nơi nào ở TP.HCM có khả năng xuất hiện mưa lớn?",Kinh doanh,Kinh doanh,Khoa học,False,0.1706171804895119,0.10–0.20
236033,Pocari Sweat Việt Nam tiếp sức gần 5.000 vận động viên tại UMC Run 2024,Thể thao,Thể thao,Thể thao,True,0.289583598571929,0.20–0.30
124401,"Lamine Yamal tiết lộ bí mật cú trivela, HLV Nistelrooy đã quên… M.U",Thể thao,Thể thao,Thể thao,True,1.3015159936962408,>=0.50
65061,Microsoft mang Start Menu cải tiến đến Windows 11,Khoa học công nghệ,Khoa học,Khoa học,True,0.9580972449157041,>=0.50
230753,Lịch thi đấu bóng đá hôm nay 27/2/2024: Tiêu điểm vòng 11 V-League,Thể thao,Thể thao,Thể thao,True,1.1318863903115974,>=0.50
53033,"Giá Bitcoin hôm nay 16.12.2025: BTC sập sâu, nhà đầu tư tháo chạy",Khoa học công nghệ,Khoa học,Kinh doanh,False,1.8280712590310184,>=0.50
118832,Liên thủ đối phó cùng đối thủ,Thế giới,Thế giới,Thế giới,True,0.3039320527365034,0.30–0.50
202816,Tập đoàn Dầu khí Việt Nam có Tổng giám đốc mới,Kinh doanh,Kinh doanh,Kinh doanh,True,0.6226125681665582,>=0.50
122130,Mỹ thông qua thương vụ vũ khí lớn cho Israel với 50 chiếc F-15,Thế giới,Thế giới,Thế giới,True,0.5868002537185762,>=0.50
252054,"Các showroom ô tô ở Hà Nội cuống cuồng 'di tản' xe, lo nhất siêu xe bị ngập",Xe,Xe,Xe,True,0.5237174730307071,>=0.50
210354,"Mù mắt, cụt tay vì điện thoại phát nổ khi đang sạc",Sức khỏe,Sức khỏe,Sức khỏe,True,1.4174565225104323,>=0.50
227749,Kết quả bóng đá MU vs Lyon - Europa League 2024/24,Thể thao,Thể thao,Thể thao,True,1.2190255846287648,>=0.50
32524,Những điều thú vị về cuộc bầu cử khổng lồ ở Ấn Độ,Thế giới,Thế giới,Kinh doanh,False,0.2215812269178326,0.20–0.30
54561,Apple tiếp tục bán iPhone 15 Pro sau khi ra mắt iPhone 16?,Khoa học công nghệ,Khoa học,Khoa học,True,0.09876088057146964,<0.10
208125,Phát hiện chuột chết bốc mùi trong khu sản xuất bim bim ở Hà Nội,Sức khỏe,Sức khỏe,Kinh doanh,False,0.2234287884997253,0.20–0.30
112393,BAC A BANK khai trương chi nhánh ngân hàng tại mũi Cà Mau,Kinh doanh,Kinh doanh,Kinh doanh,True,1.6523418790837494,>=0.50
242305,"Lạng lách trên cao tốc Hà Nội - Hải Phòng, tài xế xe limousine bị phạt 15 triệu",Thời sự,Thời sự,Xe,False,0.043556707683874374,<0.10
204149,Thanh niên mới lớn ngồi tù vì yêu bé gái 13 tuổi ở Hà Nội,Pháp luật,Pháp luật,Pháp luật,True,0.7686048667839741,>=0.50
264640,"Lần đầu tiên đi khách sạn, bạn trai U40 hỏi một câu khiến cô gái điếng người",Đời sống,Đời sống,Đời sống,True,0.221050388931742,0.20–0.30
54374,Honor gửi lời 'xin lỗi' đến... người dùng Galaxy Z Fold,Khoa học công nghệ,Khoa học,Khoa học,True,0.35060408943252797,0.30–0.50
222395,"Tuyển Việt Nam vắng bóng quân bầu Đức, còn đâu vàng son một thuở",Thể thao,Thể thao,Thể thao,True,0.7277861920040943,>=0.50
34463,"Người giàu ồ ạt di cư để né thuế và giữ của, nhiều nước cạnh tranh thu hút",Thế giới,Thế giới,Kinh doanh,False,1.1223663233480456,>=0.50
200835,Nộp thuế ngày càng dễ dàng hơn nhờ ứng dụng eTax Mobile,Kinh doanh,Kinh doanh,Kinh doanh,True,0.6111049351048086,>=0.50
258728,Tiết lộ khó tin về cụ bà 122 tuổi ở Hải Dương,Đời sống,Đời sống,Đời sống,True,0.5962998360439252,>=0.50
143796,Hyundai Santa Fe máy dầu sử dụng gần 10 năm rao giá gần 600 triệu đồng,Xe,Xe,Xe,True,0.5033116529289166,>=0.50
237573,Nam nhân viên quán cà phê bị hành hung: 'Tổng tài' nói gì về vụ việc?,Thời sự,Thời sự,Pháp luật,False,0.4845422232997427,0.30–0.50
259381,Những phụ nữ không thích đi làm công sở,Đời sống,Đời sống,Kinh doanh,False,0.35715519398942364,0.30–0.50
127179,HLV Yemen thua tâm phục khẩu phục: 'U.23 Việt Nam mạnh nhất khu vực nhưng tôi không ấn tượng cá nhân nào’,Thể thao,Thể thao,Thể thao,True,1.3454987724412937,>=0.50
27636,"Trời lạnh coi chừng xoắn tinh hoàn: Đau một bên, vào viện muộn có thể mất tinh hoàn",Sức khỏe,Sức khỏe,Sức khỏe,True,1.5088201498315499,>=0.50
33059,'Hội nghị Diên Hồng cho kiều bào' vào cuối tháng 8,Thế giới,Thế giới,Thế giới,True,0.41400851605388844,0.30–0.50
97510,Khai giảng ở Trường Sa: Gắn kết tình quân dân,Giáo dục,Giáo dục,Giáo dục,True,1.6568707526512862,>=0.50
123927,"HLV Real Madrid đau đớn và xấu hổ, HLV Enrique sung sướng ngất ngây ‘PSG sẵn sàng vô địch’",Thể thao,Thể thao,Thể thao,True,1.550019962227334,>=0.50
3292,Ứng dụng công nghệ thông minh trong phát triển bền vững,Giáo dục,Giáo dục,Khoa học,False,0.3092900276793516,0.30–0.50
93801,Ninh Dương Lan Ngọc bối rối khi bị Trang Pháp 'kể xấu',Giải trí,Giải trí,Giải trí,True,2.165794211307903,>=0.50
141366,Mặc cảm tự ti vì đồng nghiệp là người nổi tiếng trên mạng xã hội?,Thời sự,Thời sự,Đời sống,False,0.1929791444762623,0.10–0.20
24423,"Ông Trump sẽ xem xét tạm dừng thuế quan trong 90 ngày với tất cả các nước, trừ Trung Quốc?",Kinh doanh,Kinh doanh,Kinh doanh,True,0.21610572191076227,0.20–0.30
174507,Không còn xếp loại học sinh trong bằng tốt nghiệp THCS,Giáo dục,Giáo dục,Giáo dục,True,1.9479537889277332,>=0.50
229477,Kết quả bóng đá hôm nay 15/8,Thể thao,Thể thao,Thể thao,True,1.1023332326582196,>=0.50
18985,Siêu thị tung 'mưa' ưu đãi cho sản phẩm xanh,Kinh doanh,Kinh doanh,Kinh doanh,True,0.8544551304156687,>=0.50
100115,Nữ sinh ở An Giang mất tích sau khi thi tuyển sinh vào lớp 10,Giáo dục,Giáo dục,Giáo dục,True,0.4109424450422384,0.30–0.50
26577,Người nước ngoài cần làm gì để nhận con nuôi?,Pháp luật,Pháp luật,Pháp luật,True,0.41876175223241663,0.30–0.50
45258,"Ứng phó với tình huống khẩn cấp đập, hồ chứa thủy điện Xuân Minh",Thời sự,Thời sự,Khoa học,False,0.009977643465848951,<0.10
159189,Tặng vé ra mắt phim tiền truyện của 'Đấu trường sinh tử',Giải trí,Giải trí,Giải trí,True,0.6326007588788954,>=0.50
162000,Đọc ‘Quy luật bất biến về lãnh đạo’ giữa thế giới đầy biến động,Giải trí,Giải trí,Kinh doanh,False,0.1516711385896099,0.10–0.20
35343,Chính quyền quân sự Myanmar mất kiểm soát một số vùng lãnh thổ rộng lớn?,Thế giới,Thế giới,Thế giới,True,0.6151388559253401,>=0.50
71870,Cửa hàng 0 đồng ở 'phố nhà giàu' TP.HCM giúp cả người ngoại quốc,Đời sống,Đời sống,Kinh doanh,False,0.0293253480098577,<0.10
74271,"Thanh Niên và tôi: Báo Thanh Niên - dòng chảy ký ức, cái neo của niềm tin",Đời sống,Đời sống,Đời sống,True,0.26831902972585053,0.20–0.30
67071,Thượng tọa Thích Chân Quang trụ trì chùa mở khóa tu hè đầu tiên năm 1997: Cảm hóa các con bằng đạo đức,Đời sống,Đời sống,Giáo dục,False,0.730468530167938,>=0.50
53728,"Trải nghiệm khả năng chơi game, giải trí trên Redmi Note 12 Pro 4G",Khoa học công nghệ,Khoa học,Khoa học,True,1.4134500642279428,>=0.50
262470,Cuộc sống hiện tại đầy bất ngờ của ‘nam thần cứu hỏa’ quê Lạng Sơn,Đời sống,Đời sống,Thời sự,False,0.3380644546207412,0.30–0.50
97942,Nam sinh TP.HCM sở hữu 17 huy chương học thuật bằng tiếng Anh lớn nhất thế giới,Giáo dục,Giáo dục,Giáo dục,True,1.6079403203480962,>=0.50
200452,Nestlé Việt Nam - dấu mốc mới trên hành trình phát triển bền vững,Kinh doanh,Kinh doanh,Kinh doanh,True,1.772655635441959,>=0.50
141200,"Trung ương Đoàn tuyển 25 công chức, nhận hồ sơ từ ngày 1.3",Thời sự,Thời sự,Giáo dục,False,0.7357957480724868,>=0.50
207025,Vụ ô tô tông loạt xe máy ở Hà Nội: Người phụ nữ 59 tuổi tử vong,Sức khỏe,Sức khỏe,Sức khỏe,True,0.4702186624470964,0.30–0.50
178117,Đáp án môn Văn thi lớp 10 tỉnh Hà Nam năm 2025 cập nhật,Giáo dục,Giáo dục,Giáo dục,True,1.2257732894538076,>=0.50
95707,'Học đại học hay ở nhà làm công nhân lương cao hơn?',Giáo dục,Giáo dục,Giáo dục,True,1.992531105210234,>=0.50
48937,VinFast giao xe cho khách hàng Mỹ từ ngày 1-3,Xe,Xe,Xe,True,0.25146935409956706,0.20–0.30
156877,"MONO vi phạm nghiêm trọng, Song Luân suýt bỏ cuộc tập đầu Chiến sĩ quả cảm",Giải trí,Giải trí,Giải trí,True,0.18052095134535856,0.10–0.20
256606,Cứu được người phụ nữ từ đống đổ nát sau hơn 60 giờ động đất,Đời sống,Đời sống,Khoa học,False,0.6907335556285689,>=0.50
192734,"VCB Digibank thay giao diện, cập nhật nhiều tiện ích mới",Kinh doanh,Kinh doanh,Kinh doanh,True,0.8299537544639252,>=0.50
209618,Hướng dẫn mới nhất về thủ tục khám chữa bệnh bảo hiểm y tế cần biết,Sức khỏe,Sức khỏe,Sức khỏe,True,0.7694980746739712,>=0.50
203211,"Thưởng Tết bị trừ 10% thuế thu nhập cá nhân, sau này có được hoàn thuế?",Kinh doanh,Kinh doanh,Kinh doanh,True,0.25901458961905727,0.20–0.30
180555,"Trường đại học hot nhưng ngành học đang chết dần, chết mòn",Giáo dục,Giáo dục,Giáo dục,True,2.575996293953069,>=0.50
203479,"Lóa mắt vì tiền, bà bán vé số, ông xe ôm phạm tội buôn bán trẻ em",Pháp luật,Pháp luật,Pháp luật,True,0.253242401024233,0.20–0.30
242293,Người dân ùn ùn vào trung tâm TP.HCM xem pháo hoa tối 30/4,Thời sự,Thời sự,Đời sống,False,0.05310614505241551,<0.10
120562,"Chiến sự Ukraine ngày 953: Ukraine tấn công trạm radar, sân bay quân sự Nga?",Thế giới,Thế giới,Thế giới,True,0.9022761556130195,>=0.50
247561,Tối ưu chi phí vận chuyển với dòng xe tải trung Thaco Linker,Xe,Xe,Kinh doanh,False,0.22763697713377606,0.20–0.30
129897,"Sốc vì mặt sân Mỹ Đình: Đẹp long lanh, không hề lộ nền đất và cỏ không ‘chết’",Thể thao,Thể thao,Kinh doanh,False,0.16264507904022907,0.10–0.20
251002,"Vượt phải sát đầu xe tải, ô tô con bị tông xoay ngang",Xe,Xe,Xe,True,0.25706829899799377,0.20–0.30
204602,Cặp đôi người Singapore rủ nhau trộm cắp ở Việt Nam vì 'cuộc sống khó khăn',Pháp luật,Pháp luật,Pháp luật,True,0.6105219241878015,>=0.50
193339,Mập mờ lãi suất cho vay khác nào bán hàng online nhưng 'giá cả inbox',Kinh doanh,Kinh doanh,Kinh doanh,True,1.111825621507136,>=0.50
237796,Lâm Đồng chỉ đạo làm rõ nguyên nhân dòng nước đen ngòm chảy ra biển Mũi Né,Thời sự,Thời sự,Thời sự,True,0.3595173863897212,0.30–0.50
186884,Việt Nam sẽ ban hành tiêu chuẩn an toàn thông tin cho camera,Khoa học công nghệ,Khoa học,Khoa học,True,0.3268619855808785,0.30–0.50
261469,"Người rừng tắm biển, ăn nhà hàng và cuộc gặp ông lão đặc biệt",Đời sống,Đời sống,Đời sống,True,0.20928079192868088,0.20–0.30
216463,"Venezuela tung loạt vũ khí giả, đánh lừa tình báo Mỹ",Thế giới,Thế giới,Thế giới,True,0.16025395111639423,0.10–0.20
186287,"Lừa đảo đánh cắp mã OTP tinh vi, tấn công mạng tận dụng lỗ hổng mới",Khoa học công nghệ,Khoa học,Khoa học,True,0.46099192555457763,0.30–0.50
49287,"VinFast VF 3 có phanh điện tử, 1 túi khí, màn hình 10 inch, 9 tùy chọn màu",Xe,Xe,Khoa học,False,0.031140147288687636,<0.10
63456,Trò chơi đầu tiên của loạt game The Crew bị Ubisoft ‘gạch tên’,Khoa học công nghệ,Khoa học,Khoa học,True,0.015191868214435078,<0.10
68819,Những chuyến xe nghĩa tình đưa công nhân từ Bình Phước về quê đón tết,Đời sống,Đời sống,Công đoàn,False,0.7537898798958823,>=0.50
230051,Ronaldo gây bão mạng với hành vi chế nhạo đối thủ,Thể thao,Thể thao,Thể thao,True,0.6995006515557741,>=0.50
145385,Lộ bằng chứng cho thấy Honda đang phát triển X-ADV thế hệ thứ hai,Xe,Xe,Xe,True,0.45605283274350283,0.30–0.50
225326,"HAGL chưa biết thắng, Kiatisuk hứa sẽ tốt hơn",Thể thao,Thể thao,Thể thao,True,1.403130329573378,>=0.50
204864,Xử 21 năm tù đối với cựu công an xã nhiều lần hiếp dâm 3 bé gái,Pháp luật,Pháp luật,Pháp luật,True,0.6882558020468789,>=0.50
245624,Vụ người phụ nữ tử vong sau khi cướp điện thoại: Kẻ cướp khai bất ngờ,Thời sự,Thời sự,Pháp luật,False,0.8748158238464393,>=0.50
143972,Xe Trung Quốc BAIC BJ40 2024 không còn 'sao chép' Jeep Wrangler,Xe,Xe,Xe,True,0.09896759122810922,<0.10
123102,"Tàu chiến Hàn Quốc bắt đầu sứ mệnh mới, ‘sẵn sàng tác chiến bất bại’",Thế giới,Thế giới,Thế giới,True,0.05363811292036025,<0.10
82747,Mỹ Tâm gây 'náo loạn' khi đạp xe trên thảm đỏ,Giải trí,Giải trí,Giải trí,True,2.0886828991985786,>=0.50
48673,"Tin tức giá xe: Haval H6 HEV giá còn từ 862 triệu, quyết giành khách cuối năm",Xe,Xe,Xe,True,0.013816101284847782,<0.10
184299,Hiệu quả từ mô hình “Tuổi trẻ Thành phố đồng hành cùng dịch vụ công trực tuyến”,Khoa học công nghệ,Khoa học,Kinh doanh,False,0.36654291293076613,0.30–0.50
175672,Anh em sinh đôi cùng giành Huy chương Vàng Olympic về toán,Giáo dục,Giáo dục,Giáo dục,True,1.7895250727378,>=0.50
251451,Nóng trên đường: Ô tô gặp cảnh trớ trêu khi 'tránh vỏ dưa gặp vỏ dừa',Xe,Xe,Xe,True,0.3193997268576162,0.30–0.50
212989,Hướng dẫn xử trí đúng cách khi trẻ ngộ độc thuốc và hóa chất,Sức khỏe,Sức khỏe,Sức khỏe,True,1.127299848819721,>=0.50
198952,Vietjet nhận bàn giao tàu bay Boeing 737-8,Kinh doanh,Kinh doanh,Kinh doanh,True,0.3882688221076005,0.30–0.50
221601,Trận chung kết tuyển futsal Việt Nam vs Indonesia rất kịch tính,Thể thao,Thể thao,Thể thao,True,1.0873630089131396,>=0.50
249467,Hãng lốp Nhật Bản Bridgestone chuyển đổi sản xuất bằng năng lượng sinh khối,Xe,Xe,Kinh doanh,False,0.045602630902714936,<0.10
33006,Hậu duệ của vua Lý Thái Tổ về với cội nguồn,Thế giới,Thế giới,Giải trí,False,0.16467148170800172,0.10–0.20
173598,"Hàng nghìn giảng viên được bồi dưỡng năng lực giảng dạy, nghiên cứu",Giáo dục,Giáo dục,Giáo dục,True,1.302363995347918,>=0.50
54053,Smartphone siêu bền Oppo A5 Pro ra mắt tại Việt Nam,Khoa học công nghệ,Khoa học,Khoa học,True,0.7634142832702421,>=0.50
73077,Chó Bully XL bị cấm nuôi ở Anh: Người Việt có nuôi loại chó này không?,Đời sống,Đời sống,Khoa học,False,0.0991680509691567,<0.10
33289,Có thật tượng sáp trong bảo tàng ở Mỹ là xác ướp của một người mất tích?,Thế giới,Thế giới,Pháp luật,False,0.09637157532842289,<0.10
33210,Người Mỹ gốc Á duy trì truyền thống Tết Nguyên đán như thế nào?,Thế giới,Thế giới,Đời sống,False,0.26622852621142107,0.20–0.30
116560,"Cách dùng kem dưỡng mắt giúp chống lão hóa, ngừa nếp nhăn",Sức khỏe,Sức khỏe,Sức khỏe,True,0.8371554521070486,>=0.50
40477,TP.HCM về nhất toàn đoàn Giải bơi vô địch quốc gia hồ 25m,Thể thao,Thể thao,Thể thao,True,0.0710436898276075,<0.10
15194,Triệu Lộ Tư mắc bệnh rối loạn ngôn ngữ; Keanu Reeves thừa nhận không quay nổi John Wick 5,Giải trí,Giải trí,Giải trí,True,1.488584054520521,>=0.50
218765,Nga cung cấp chi tiết thông tin vụ tấn công tên lửa mới nhất vào Ukraine,Thế giới,Thế giới,Thế giới,True,0.1933363607829417,0.10–0.20
119589,Thách thức cho Apple khi chuyển sản xuất iPhone về Mỹ,Thế giới,Thế giới,Kinh doanh,False,0.6138444818053196,>=0.50
260663,5 thảm họa máy bay va phải chim chấn động,Đời sống,Đời sống,Khoa học,False,1.0145122368370414,>=0.50
232427,Kết quả bóng đá U17 châu Á 2023 hôm nay 26/6,Thể thao,Thể thao,Thể thao,True,0.648112664918037,>=0.50
246902,Sự thật tin tài xế bồi thường 1 tỷ cho gia đình nữ sinh tử vong ở Vĩnh Long,Thời sự,Thời sự,Thời sự,True,0.041319981961347174,<0.10
5755,"Học sinh dự lễ giỗ Tổ Hùng Vương, xúc động ôn lại cội nguồn",Giáo dục,Giáo dục,Giáo dục,True,1.2906244936444304,>=0.50
23732,Mở tài khoản Vikki An sinh - Nhận quà mừng Quốc khánh,Kinh doanh,Kinh doanh,Kinh doanh,True,1.1242990215550126,>=0.50
180706,ĐH Giao thông vận tải công bố 4 phương thức tuyển sinh năm 2023,Giáo dục,Giáo dục,Giáo dục,True,1.9663465762680543,>=0.50
230135,MU báo tin cực vui về tương lai HLV Ten Hag,Thể thao,Thể thao,Thể thao,True,0.3677179738778628,0.30–0.50
203821,"Bực tức chuyện tính tiền hát karaoke, thanh niên cầm súng rượt đuổi nhiều người",Pháp luật,Pháp luật,Pháp luật,True,0.5885360051809957,>=0.50
170008,"Park Min Young bị điều tra, cấm xuất cảnh",Giải trí,Giải trí,Giải trí,True,0.8227473920063573,>=0.50
121721,"Su-27 Nga ngăn chặn 2 chiếc B-1 Mỹ ở biển Baltic, Lầu Năm Góc phản ứng",Thế giới,Thế giới,Thế giới,True,0.2865331207130306,0.20–0.30
35588,Trại hè tỉ phú tại Sun Valley và những cú bắt tay bạc tỉ,Thế giới,Thế giới,Kinh doanh,False,0.8820253218775981,>=0.50
31130,Muốn tỉnh táo vào buổi sáng nên ăn những thực phẩm gì?,Sức khỏe,Sức khỏe,Sức khỏe,True,1.0646049182189485,>=0.50
213063,Quiz: Những yếu tố gây bệnh và dấu hiệu ung thư cổ tử cung?,Sức khỏe,Sức khỏe,Sức khỏe,True,1.3695168834871967,>=0.50
57863,Samsung đẩy nhanh tốc độ triển khai One UI 8,Khoa học công nghệ,Khoa học,Khoa học,True,0.7152637348920003,>=0.50
15618,Taylor Swift soạn hợp đồng chia tay với Travis Kelce?,Giải trí,Giải trí,Giải trí,True,0.3474789532257795,0.30–0.50
214767,"Kramatorsk, 'thủ phủ yêu đương' giữa xung đột ở Ukraine",Thế giới,Thế giới,Đời sống,False,0.0434512624169503,<0.10
245912,"Nhân chứng kể phút phá cửa căn nhà cháy giữa TPHCM, giải cứu cụ bà và 2 em nhỏ",Thời sự,Thời sự,Thời sự,True,0.5105413933496538,>=0.50
33845,Công viên Disney World thay quốc kỳ Mỹ bằng cờ LGBTQ+ và cờ Palestine?,Thế giới,Thế giới,Thời sự,False,0.124355108294954,0.10–0.20
210346,Thực phẩm không đường - xu hướng tiêu dùng tốt cho sức khỏe,Sức khỏe,Sức khỏe,Sức khỏe,True,0.19597998960233098,0.10–0.20
51186,"Lộ ảnh thực tế VinFast Limo Green, sẽ làm khó Mitsubishi Xpander?",Xe,Xe,Xe,True,0.7090729875972667,>=0.50
43252,Nghề hấp cá vào vụ,Thời sự,Thời sự,Thời sự,True,0.12094613445992947,0.10–0.20
203681,"'Lật mặt' những kẻ giả công an để lừa tình, tiền và làm những chuyện bất ngờ",Pháp luật,Pháp luật,Pháp luật,True,0.9935532617592958,>=0.50
190501,Đề xuất sớm điều chỉnh thuế TNCN theo hướng nâng mức giảm trừ gia cảnh,Kinh doanh,Kinh doanh,Kinh doanh,True,1.196531661656374,>=0.50
199817,GELEX lần thứ 3 lọt top 50 doanh nghiệp tăng trưởng xuất sắc Việt Nam,Kinh doanh,Kinh doanh,Kinh doanh,True,2.56877751448767,>=0.50
168396,3 nguyên tắc giúp MC Thanh Mai trẻ đẹp thách thức thời gian,Giải trí,Giải trí,Giải trí,True,0.8407381480150855,>=0.50
130082,"Billiards: 2 tay cơ Việt Nam xuất sắc vào bán kết PBA, gặp đối thủ cực mạnh",Thể thao,Thể thao,Thể thao,True,0.9883113139861356,>=0.50
30597,Lợi hại của cà phê,Sức khỏe,Sức khỏe,Sức khỏe,True,1.2446194731904554,>=0.50
26770,"Trời mưa, vườn sạt lở gây thiệt hại cho nhà hàng xóm có phải bồi thường không?",Pháp luật,Pháp luật,Khoa học,False,0.04547920675370487,<0.10
2779,"Đề tiếng Anh thi vào lớp 10 Đà Nẵng dễ thở, thí sinh nói không còn áp lực sau môn thi thứ 2",Giáo dục,Giáo dục,Giáo dục,True,1.2473280430173244,>=0.50
59452,J&T Express hỗ trợ các bạn trẻ phát triển năng lực nghề nghiệp,Khoa học công nghệ,Khoa học,Giáo dục,False,0.46837297152271995,0.30–0.50
40349,Taylor Townsend: Người mẹ kỳ diệu trong làng quần vợt,Thể thao,Thể thao,Thể thao,True,0.26238471332774177,0.20–0.30
3640,Gợi ý bài giải 24 mã đề môn tiếng Anh thi lớp 10 Hà Nội,Giáo dục,Giáo dục,Giáo dục,True,0.08618371539475178,<0.10
66086,Hương vị quê hương: Về làng biển ăn mực nháy,Đời sống,Đời sống,Đời sống,True,0.22485630295844417,0.20–0.30
141140,Nghịch lý thị trường lao động diễn ra vì mức lương tuyển dụng chưa tương xứng?,Thời sự,Thời sự,Công đoàn,False,0.6909779557427624,>=0.50
209188,Dậy thì sớm khiến nhiều bé trai 1-2 tuổi phát triển nhanh bất thường,Sức khỏe,Sức khỏe,Sức khỏe,True,0.981070890904968,>=0.50
198594,Điện máy Nguyễn Kim nhận ‘cú đúp’ giải thưởng sáng tạo châu Á,Kinh doanh,Kinh doanh,Kinh doanh,True,1.3358817050998666,>=0.50
254902,"Ô tô đang chạy bị chết máy, đâu là nguyên nhân?",Xe,Xe,Xe,True,0.16313745246029027,0.10–0.20
5199,"Đắk Nông: Sắp xếp bộ máy nhưng vẫn phải tuyển đủ biên chế giáo viên để đảm bảo dạy, học",Giáo dục,Giáo dục,Giáo dục,True,1.863682338796599,>=0.50
20459,Trung thu sum vầy tại các đô thị tích hợp của Nam Long,Kinh doanh,Kinh doanh,Xã hội,False,0.14866356415135173,0.10–0.20
63049,Rò rỉ thông tin Hogwarts Legacy 2 đang được phát triển,Khoa học công nghệ,Khoa học,Khoa học,True,0.016774405833707373,<0.10
184484,Công ty nội thất Thụy Điển 'nhảy vọt' nhờ dữ liệu và trí tuệ nhân tạo,Khoa học công nghệ,Khoa học,Kinh doanh,False,1.519786860605373,>=0.50
110406,Giá USD hôm nay 5.1.2024: Chênh lệch mua bán USD ở mức cao,Kinh doanh,Kinh doanh,Kinh doanh,True,1.2640617234672558,>=0.50
66897,Phát triển lâm nghiệp bền vững nhờ ứng dụng công nghệ cao,Đời sống,Đời sống,Khoa học,False,0.235803274115443,0.20–0.30
239684,Dự án kè sông nghìn tỷ ở miền Tây ‘nằm chờ’... 11 cái gật đầu bàn giao,Thời sự,Thời sự,Kinh doanh,False,0.8441618392483,>=0.50
28569,Hạt lanh có thể chữa huyết áp cao?,Sức khỏe,Sức khỏe,Sức khỏe,True,1.5717167657788385,>=0.50
118281,Khai quật hóa thạch ‘quái vật biển’ có niên đại 150 triệu năm,Thế giới,Thế giới,Khoa học,False,1.1563254091346686,>=0.50
213101,Ngủ trưa đúng cách có lợi cho sức khỏe và giúp não trẻ ra 7 tuổi,Sức khỏe,Sức khỏe,Sức khỏe,True,0.5203150408722284,>=0.50
142525,Giấc mơ cà phê đặc sản Việt: Người nông phu tử tế,Thời sự,Thời sự,Kinh doanh,False,0.2365752778540231,0.20–0.30
95918,Giáo viên nói gì về đề thi ngữ văn cuối cùng của Chương trình GDPT 2006?,Giáo dục,Giáo dục,Giáo dục,True,1.5008104340629904,>=0.50
20566,"Bộ Nội vụ đề xuất quy định giờ làm, ngày nghỉ và lương làm thêm của người lao động",Kinh doanh,Kinh doanh,Công đoàn,False,0.02905727900271532,<0.10
203895,Con trai dùng dao đâm cha ruột tử vong,Pháp luật,Pháp luật,Pháp luật,True,0.6094232841960429,>=0.50
18015,Chính phủ: Giao dịch vàng giá trị 20 triệu đồng/ngày phải chuyển khoản,Kinh doanh,Kinh doanh,Kinh doanh,True,2.0308365511709736,>=0.50
120738,Chiến sự Ukraine ngày 649: Tướng Nga thiệt mạng; Kyiv điều chỉnh chiến thuật,Thế giới,Thế giới,Thế giới,True,0.49062785588127145,0.30–0.50
66191,Hương xuân bên bánh tết quê,Đời sống,Đời sống,Đời sống,True,0.5633610048114324,>=0.50
239309,Thót tim cảnh ô tô tràn làn xe máy trên tuyến đường huyết mạch ở TPHCM,Thời sự,Thời sự,Thời sự,True,0.15184980097617284,0.10–0.20
178732,Vụ lùm xùm thi lớp 10 ở Thái Bình: Gần 2.800 bài thi bị sai điểm,Giáo dục,Giáo dục,Giáo dục,True,0.7043734018384578,>=0.50
255478,"Nghỉ lễ 30/4, có nên đi du lịch đèo núi bằng xe sedan gầm thấp?",Xe,Xe,Xe,True,0.33997480036211547,0.30–0.50
123132,Chiến sự ngày 473: Ukraine phản công giành 1 làng; tàu chiến Nga suýt bị tấn công,Thế giới,Thế giới,Thế giới,True,0.5676186134235384,>=0.50
204494,Thân nhân bị hại vụ cháy karaoke An Phú mong tòa giảm nhẹ hình phạt cho chủ quán,Pháp luật,Pháp luật,Pháp luật,True,0.22686697443833476,0.20–0.30
164404,"Hoa hậu La Lâm bị chồng đại gia ruồng bỏ, 12 năm vất vả làm mẹ đơn thân",Giải trí,Giải trí,Giải trí,True,0.4206722712567721,0.30–0.50
172387,Thêm nhiều hỗ trợ cho những giáo viên tham gia nâng trình độ chuẩn,Giáo dục,Giáo dục,Giáo dục,True,1.5992394091994,>=0.50
181815,CEO Samsung: Hãy xem thử thách là cơ hội tái sinh,Khoa học công nghệ,Khoa học,Kinh doanh,False,0.569981701324753,>=0.50
256509,"Vợ cũ tỷ phú kể bí mật hôn nhân, khổ vì chồng ngoại tình",Đời sống,Đời sống,Giải trí,False,0.17297916862612683,0.10–0.20
230626,MU nổ bom tấn chuyển nhượng Bruno Guimaraes,Thể thao,Thể thao,Thể thao,True,0.3172251380551318,0.30–0.50
256187,"Cậu bé chào đời chỉ nặng gần 300 gram, giờ ra sao?",Đời sống,Đời sống,Sức khỏe,False,0.08197328461626135,<0.10
99317,Giáo viên có ủng hộ 'ở trường làm việc từ 7 giờ 30 tới 16 giờ 30'?,Giáo dục,Giáo dục,Giáo dục,True,1.9439831785098203,>=0.50
121764,"Chiến sự Ukraine ngày 920: NATO ủng hộ Ukraine tấn công Kursk, công khai bên gửi F-16",Thế giới,Thế giới,Thế giới,True,0.8557103929110538,>=0.50
161683,Tết nay khác Tết xưa là bình thường!,Giải trí,Giải trí,Đời sống,False,0.2548563896472126,0.20–0.30
189729,Lãi suất ngân hàng hôm nay 15/10/2025: Lãi suất huy động tiếp tục tăng mạnh,Kinh doanh,Kinh doanh,Kinh doanh,True,1.1941723839772656,>=0.50
27596,"Trái vải tươi: Ăn bao nhiêu là đủ, giá trị dinh dưỡng thế nào?",Sức khỏe,Sức khỏe,Sức khỏe,True,1.336444522825349,>=0.50
17438,Instagram vừa làm điều chưa từng có trong suốt một thập kỷ để bảo vệ trẻ em,Khoa học công nghệ,Khoa học,Khoa học,True,0.20897296723814918,0.20–0.30
72697,"2 em học sinh tiểu học bị chó béc-giê cắn trước cổng trường, phải đưa cấp cứu",Đời sống,Đời sống,Giáo dục,False,1.0315693469051341,>=0.50
118651,NASA xác nhận vòng của sao Thổ sẽ biến mất vào năm 2025,Thế giới,Thế giới,Khoa học,False,0.5156665335184836,>=0.50
30200,Mộc nhĩ - thức ăn trường thọ ngày Tết,Sức khỏe,Sức khỏe,Sức khỏe,True,0.8925314328171221,>=0.50
31344,"Bé trai 1 tuổi phồng rộp cả mặt, chảy dịch vì viêm da cơ địa",Sức khỏe,Sức khỏe,Sức khỏe,True,1.866690026589575,>=0.50
146303,"Thị trường ô tô vào mùa cuối năm, đại lý loay hoay 'xả hàng' xe tồn kho",Xe,Xe,Kinh doanh,False,0.0035938249415576884,<0.10
191892,Ngành thuế quản lý các sàn thương mại điện tử theo quy định,Kinh doanh,Kinh doanh,Kinh doanh,True,1.4701766657379536,>=0.50
103923,"Điểm sàn Trường ĐH Ngân hàng TP.HCM, Trường ĐH Mở TP.HCM năm 2025",Giáo dục,Giáo dục,Giáo dục,True,1.5596106186251828,>=0.50
117210,Silicone y tế: Phòng thí nghiệm đến phòng mổ - Hành trình công nghệ kiểm soát sẹo,Sức khỏe,Sức khỏe,Sức khỏe,True,0.8481940780954641,>=0.50
27428,Xe biển số xanh tông chết nữ sinh: Tòa tuyên hủy án sơ thẩm vì vi phạm nghiêm trọng tố tụng,Pháp luật,Pháp luật,Pháp luật,True,0.691909645171639,>=0.50
132186,Bão số 10 có lúc di chuyển nhanh gấp 3 lần bình thường,Thời sự,Thời sự,Khoa học,False,0.25967792462689754,0.20–0.30
204353,Nữ kế toán chiếm đoạt 650 triệu đồng tiền BHYT của học sinh để trả nợ xây nhà,Pháp luật,Pháp luật,Giáo dục,False,0.24873441435089333,0.20–0.30
209135,GELEX tài trợ kinh phí cải tạo Trung tâm Đột quỵ Bệnh viện Bạch Mai,Sức khỏe,Sức khỏe,Sức khỏe,True,1.2873876394238906,>=0.50
248101,Vietnam Mobility Show: VinFast giới thiệu hệ sinh thái giao thông xanh toàn diện,Xe,Xe,Xe,True,0.05977803675321969,<0.10
73333,"Xót xa 2 cháu bé mồ cô cả cha lẫn mẹ, bơ vơ bên bà nội già yếu",Đời sống,Đời sống,Đời sống,True,0.5366073121715099,>=0.50
145379,10 ô tô giữ giá tốt nhất sau 1 năm sử dụng: Xe hybrid chiếm ưu thế,Xe,Xe,Xe,True,0.3221491746974584,0.30–0.50
19732,Vingroup công bố mô hình giáo dục phi lợi nhuận dành cho trẻ có nhu cầu giáo dục đặc biệt,Kinh doanh,Kinh doanh,Giáo dục,False,1.7475177263192576,>=0.50
252665,Toyota thừa nhận đang chậm chân tại thị trường xe điện Trung Quốc,Xe,Xe,Kinh doanh,False,0.33143841355340886,0.30–0.50
185618,"Khắc phục lỗi cáp AAE-1 trước Tết Nguyên đán 2023, AAG và APG chưa có lịch sửa",Khoa học công nghệ,Khoa học,Khoa học,True,0.2928788547354392,0.20–0.30
62299,Apple sẽ thêm nhiều tính năng AI trong iOS 18,Khoa học công nghệ,Khoa học,Khoa học,True,0.6256355633885726,>=0.50
26321,Làm sao để khai sinh 'con riêng' trong thời kỳ hôn nhân?,Pháp luật,Pháp luật,Pháp luật,True,0.2571192006875491,0.20–0.30
196083,Tổng giám đốc EVN kiến nghị sớm áp dụng cơ chế giá điện mới,Kinh doanh,Kinh doanh,Kinh doanh,True,0.8186942692602847,>=0.50
258820,Hai anh em U60 thay nhau địu mẹ già yếu đi bệnh viện,Đời sống,Đời sống,Đời sống,True,0.29871964776018806,0.20–0.30
203787,Bắt giam công nhân may cầm kéo đâm phó giám đốc ở Cần Thơ,Pháp luật,Pháp luật,Pháp luật,True,0.7013333449655145,>=0.50
29792,"Số ca mắc sốt xuất huyết tăng, nhiều ca chuyển nặng",Sức khỏe,Sức khỏe,Sức khỏe,True,1.791929014448269,>=0.50
249640,Siêu xe Ferrari 488 GTB của Cường Đô la rao bán giá chỉ hơn 7 tỷ,Xe,Xe,Xe,True,0.4688150024220459,0.30–0.50
254853,"Ô tô bị ngập nước do mưa lũ, chủ xe cần kiểm tra gì sau khi nước rút?",Xe,Xe,Xe,True,0.2217943746133636,0.20–0.30
115213,Bệnh mạch vành: Bệnh nhân có cần hiểu phương pháp điều trị?,Sức khỏe,Sức khỏe,Sức khỏe,True,0.7629502469069874,>=0.50
185375,"Tết 2024: Nhu cầu nhắn tin, gọi điện của người dùng di động tăng cao",Khoa học công nghệ,Khoa học,Khoa học,True,0.15286600199308797,0.10–0.20
117263,Mối nguy từ ngộ độc botox giả và cách để không tin lầm,Sức khỏe,Sức khỏe,Sức khỏe,True,1.1771540087424892,>=0.50
233425,MU chốt giá chuyển nhượng thành công De Ligt và Mazraoui,Thể thao,Thể thao,Thể thao,True,0.5952353070017514,>=0.50
225073,U22 Việt Nam nhận tin vui bất ngờ ở SEA Games 32,Thể thao,Thể thao,Thể thao,True,1.4632673497145188,>=0.50
14012,"Hoa hậu Mỹ vừa đăng quang cực kỳ quyến rũ, là đối thủ nặng ký của Hương Giang tại Miss Universe?",Giải trí,Giải trí,Giải trí,True,0.0812617447950108,<0.10
29930,"Tự bôi thuốc sau khi bị mèo cào, phải nhập viện với cánh tay lở loét",Sức khỏe,Sức khỏe,Sức khỏe,True,1.5823339698686638,>=0.50
17825,SATRA tăng 15% lượng dự trữ hàng hóa phục vụ Tết,Kinh doanh,Kinh doanh,Kinh doanh,True,1.6962331005933504,>=0.50
47894,"Kia Carnival hybrid ở Việt Nam có bản VIP: Đắt thêm 80 triệu, được ghế massage, điều khiển cảm ứng",Xe,Xe,Xe,True,0.08135601852381741,<0.10
204907,Quyền giám đốc mang tiền của quỹ tín dụng cho vay sai 39 tỷ đồng,Pháp luật,Pháp luật,Kinh doanh,False,0.5704261843623725,>=0.50
173389,"8 trường đại học lớn cần 100 tiến sĩ, trả lương lên tới 54 triệu/tháng",Giáo dục,Giáo dục,Giáo dục,True,1.4339753287856811,>=0.50
6389,Vụ nữ sinh quỳ khóc trước cửa lớp: Dừng nhiệm vụ tư vấn học đường của cô giáo,Giáo dục,Giáo dục,Giáo dục,True,1.7599826695230671,>=0.50
262987,Trào lưu thuê biển quảng cáo cỡ lớn để tìm người yêu,Đời sống,Đời sống,Khoa học,False,0.05232223648552309,<0.10
92188,Tuấn Trần: Tôi luôn là sự lựa chọn gây tranh cãi của Trấn Thành,Giải trí,Giải trí,Giải trí,True,2.3211127740016417,>=0.50
238350,Màn kịch ‘vali chứa 15 tỷ đồng kẹt ở hải quan’,Thời sự,Thời sự,Pháp luật,False,0.25450643610290025,0.20–0.30
132851,Đừng để đam mê check-in trở thành vấn nạn,Thời sự,Thời sự,Thời sự,True,0.07456391474789736,<0.10
203933,Lý do bà Nguyễn Phương Hằng xúc phạm Hoài Linh và một loạt nghệ sỹ,Pháp luật,Pháp luật,Pháp luật,True,0.004758311851153385,<0.10
256255,"Phục nguyên nhà cổ gia tộc, cụ ông ở Tây Ninh phát hiện kho báu dưới nền đất",Đời sống,Đời sống,Khoa học,False,0.02625552456737179,<0.10
201503,Cảng Chu Lai đưa vào vận hành hệ thống cẩu chuyên dụng,Kinh doanh,Kinh doanh,Kinh doanh,True,0.15439956649874553,0.10–0.20
188151,61% người Việt lo mất việc hoặc không tìm được việc làm do AI,Khoa học công nghệ,Khoa học,Kinh doanh,False,0.2687397656561151,0.20–0.30
85445,Tăng Duy Tân 'sốc' khi tham gia show thực tế,Giải trí,Giải trí,Giải trí,True,0.21233094300643485,0.20–0.30
193699,"Bị cưỡng chế thuế hơn 1.100 tỷ đồng, ‘đại gia’ xăng dầu lên tiếng",Kinh doanh,Kinh doanh,Kinh doanh,True,1.8850150573370206,>=0.50
26961,"Ly hôn do chồng có bồ, pháp luật có quy định 'hỗ trợ' người vợ không?",Pháp luật,Pháp luật,Pháp luật,True,0.004382448243099357,<0.10
140863,"Lịch chi trả lương hưu, trợ cấp BHXH tháng 8",Thời sự,Thời sự,Công đoàn,False,0.8702522726947475,>=0.50
252472,"Các ông lớn xe hơi thế giới tăng tốc làm xe điện,Tesla ngày càng mất sức hút",Xe,Xe,Xe,True,0.32489087695613095,0.30–0.50
232964,"Tin bóng đá 14/4: MU mua Palhinha, Arsenal lấy Olise",Thể thao,Thể thao,Thể thao,True,1.187198629778936,>=0.50
26586,Không trả tiền chuyển nhầm có bị xử lý hình sự?,Pháp luật,Pháp luật,Pháp luật,True,0.7306572598931904,>=0.50
206019,"Cô gái nguy kịch vì chi chít sỏi thận, nêu lý do nơi làm việc 'cấm đi vệ sinh'",Sức khỏe,Sức khỏe,Sức khỏe,True,1.067536500919679,>=0.50
59613,Thế giới rúng động vì hơn 16 tỉ tài khoản bị lộ thông tin,Khoa học công nghệ,Khoa học,Khoa học,True,0.3129133741835622,0.30–0.50
122190,Chiến sự Ukraine ngày 794: Nga tập kích dữ dội hạ tầng năng lượng đáp trả Kyiv,Thế giới,Thế giới,Thế giới,True,0.7747485744152818,>=0.50
245610,"Đánh cắp thông tin công dân, cựu sinh viên công nghệ 21 tuổi lĩnh án tù",Thời sự,Thời sự,Pháp luật,False,0.7660345004072561,>=0.50
178382,TPHCM công bố chỉ tiêu lớp 10 năm 2025 của 110 trường công lập,Giáo dục,Giáo dục,Giáo dục,True,1.940474412595945,>=0.50
180854,"Tết xa nhà, sinh viên Việt thức cả đêm cùng nhau canh nồi bánh chưng",Giáo dục,Giáo dục,Đời sống,False,0.621939372981181,>=0.50
57436,Giá Bitcoin tăng dựng đứng gần mốc 25.000 USD,Khoa học công nghệ,Khoa học,Kinh doanh,False,0.9904144759088035,>=0.50
49841,Ngã nhào trên đường vì hành động quá phổ biến ở Việt Nam: Mặc áo mưa đi xe máy,Xe,Xe,Xe,True,0.0771391804305,<0.10
239503,"Ô tô con biến dạng, người văng xuống đường khi tự gây tai nạn trên cao tốc",Thời sự,Thời sự,Thời sự,True,0.3298529278313318,0.30–0.50
190143,HoSE ra mắt bộ chỉ số đầu tư cổ phiếu công nghiệp và công nghệ,Kinh doanh,Kinh doanh,Kinh doanh,True,1.6733669280529622,>=0.50
63365,Trailer đầu tiên của GTA 6 sẽ phát hành vào ngày 5.12,Khoa học công nghệ,Khoa học,Kinh doanh,False,0.1266804040648815,0.10–0.20
100695,"Giáo viên tiếng Anh bị tố cáo tát, giật tóc học sinh lớp 4",Giáo dục,Giáo dục,Giáo dục,True,1.9198814789978043,>=0.50
60158,LockBit tấn công các máy chủ Windows Domain tại Việt Nam,Khoa học công nghệ,Khoa học,Khoa học,True,0.48879693435914556,0.30–0.50
160512,Hành trình công lý tập 43: Diệu hỏi thẳng Phương có bỏ chồng để đến với Quân,Giải trí,Giải trí,Pháp luật,False,0.33564610076439894,0.30–0.50
246528,Cháy lớn căn nhà 4 tầng trong khu buôn bán sầm uất ở TPHCM,Thời sự,Thời sự,Thời sự,True,0.8346735611643397,>=0.50
45673,"Cần Thơ tăng cường năng lực ứng phó, chống chịu khí hậu cực đoan",Thời sự,Thời sự,Kinh doanh,False,0.3800596542509689,0.30–0.50
64002,Động đất ở Đài Loan làm gián đoạn hoạt động của TSMC,Khoa học công nghệ,Khoa học,Khoa học,True,0.26298405623217624,0.20–0.30
10879,Bị ghét mọi mặt trận nhưng vẫn có khán giả xem Aquaman 2 chỉ vì Amber Heard,Giải trí,Giải trí,Giải trí,True,1.6918956754206316,>=0.50
208410,Giai đoạn 'vàng' phát triển chiều cao cho trẻ em,Sức khỏe,Sức khỏe,Sức khỏe,True,0.8029433187119367,>=0.50
18563,Tiểu thương 'thiên đường hàng hiệu' Saigon Square nhốn nháo đóng quầy né quản lý thị trường,Kinh doanh,Kinh doanh,Kinh doanh,True,0.6942553991760123,>=0.50
213064,Cách chế biến thịt lợn thành bài thuốc tốt cho sức khỏe,Sức khỏe,Sức khỏe,Sức khỏe,True,1.0983804379460578,>=0.50
218375,Video Nga dùng súng cối tự hành 2S4 Tyulpan công phá mục tiêu ở Ukraine,Thế giới,Thế giới,Thế giới,True,0.20567804411540358,0.20–0.30
26551,"Góp tiền mua đất chung để mẹ chồng đứng tên, ly hôn đòi được không?",Pháp luật,Pháp luật,Pháp luật,True,0.37302345991058306,0.30–0.50
228174,Ruben Amorim hối hận đến MU vào giữa mùa vì tối hậu thư của sếp bự,Thể thao,Thể thao,Thể thao,True,0.06862552391203747,<0.10
127664,"HLV Việt Thắng dẫn dắt đội Trường Tươi Đồng Nai, quyết tạo kỷ lục mới tại giải hạng nhất",Thể thao,Thể thao,Thể thao,True,1.2866918790160695,>=0.50
57786,Samsung bất ngờ tạm dừng triển khai One UI 8,Khoa học công nghệ,Khoa học,Khoa học,True,0.16861155982687287,0.10–0.20
137339,"Chủ tịch UBND TP.Đà Nẵng thăm, tặng quà các đơn vị trực đêm giao thừa",Thời sự,Thời sự,Thời sự,True,0.2513286226972269,0.20–0.30
195372,Giá vàng hôm nay 22/3: Giảm mạnh bất chấp USD lao dốc,Kinh doanh,Kinh doanh,Kinh doanh,True,1.6027950330168599,>=0.50
196647,"Nhiều cơ hội cho các doanh nghiệp Thái Lan hợp tác, đầu tư tại Bình Định",Kinh doanh,Kinh doanh,Kinh doanh,True,1.0441955571088757,>=0.50
185070,Việt Nam tăng tiếp 2 bậc trên toàn cầu về chuyển đổi sang địa chỉ Internet IPv6,Khoa học công nghệ,Khoa học,Kinh doanh,False,0.46449035992616783,0.30–0.50
158504,Ai Là Triệu Phú 9/4: Ai sẽ hỗ trợ thí sinh cùng nhà báo Trương Anh Ngọc?,Giải trí,Giải trí,Giải trí,True,0.9180641753025401,>=0.50
99489,Bảo mẫu vẫn chưa là một nghề chính danh,Giáo dục,Giáo dục,Giáo dục,True,0.7396787313825149,>=0.50
41018,Những thói quen xấu khiến công sức tập luyện đổ sông đổ bể,Thể thao,Thể thao,Sức khỏe,False,1.4510978062346074,>=0.50
58851,Lỗ hổng bảo mật xuất hiện trên 196 mẫu máy in phun Canon,Khoa học công nghệ,Khoa học,Khoa học,True,0.5458273103955402,>=0.50
186722,Bộ phận dịch vụ toàn cầu của Boeing bị tấn công mạng,Khoa học công nghệ,Khoa học,Kinh doanh,False,0.0703429143822929,<0.10
10614,Duy Hưng - nam diễn viên đang làm khán giả xôn xao yêu thích,Giải trí,Giải trí,Giải trí,True,1.9916656661569112,>=0.50
180381,Lưu ý đặc biệt thi vào lớp 10 TP.HCM năm 2023,Giáo dục,Giáo dục,Giáo dục,True,1.4067285349135403,>=0.50
122135,"Chiến sự Ukraine ngày 842: Kyiv để lọt tên lửa Nga, phản đối điều kiện ngừng bắn",Thế giới,Thế giới,Thế giới,True,0.9754063297346829,>=0.50
146889,"Vì sao lốp ô tô, xe máy ít sử dụng dễ bị giảm áp suất, xẹp nhanh?",Xe,Xe,Xe,True,0.23372980331941623,0.20–0.30
250395,Nóng trên đường: Phẫn nộ cảnh người đàn ông đạp ngã một phụ nữ đi xe máy,Xe,Xe,Xe,True,0.26284176366976014,0.20–0.30
219669,Danh sách U23 Việt Nam: Phía sau sự bảo thủ của HLV Kim Sang Sik,Thể thao,Thể thao,Thể thao,True,0.661688231620458,>=0.50
123881,HLV Mourinho bất ngờ trở lại dẫn dắt CLB từng khiến mình bị mất việc,Thể thao,Thể thao,Thể thao,True,0.6940592056273455,>=0.50
176879,"Sự thật về thông tin “người lạ cho tiền, tiếp cận học sinh”",Giáo dục,Giáo dục,Giáo dục,True,0.8277879673175982,>=0.50
134783,Bác sĩ 'hóa thợ khóa' cứu bé trai 5 tuổi kẹt ngón tay vào ổ khóa,Thời sự,Thời sự,Sức khỏe,False,0.6909219394512661,>=0.50
198330,PV Power lần thứ 6 liên tiếp được vinh danh Top 100 Doanh nghiệp Bền vững,Kinh doanh,Kinh doanh,Kinh doanh,True,1.7951948151443946,>=0.50
173564,Một đại học công lập giảm hơn 2.300 viên chức nhận lương từ ngân sách nhà nước,Giáo dục,Giáo dục,Giáo dục,True,0.45467689407540823,0.30–0.50
219938,U23 Việt Nam: Vì sao cầu thủ Việt kiều khó trụ lại?,Thể thao,Thể thao,Thể thao,True,1.249760998524562,>=0.50
70121,Người cha lái xe tìm con gái khắp Bình Dương: ‘Đã liên lạc được nhưng con chưa về',Đời sống,Đời sống,Giải trí,False,0.00856541583096676,<0.10
52823,"VBA, KuCoin và 1Matrix hợp tác phát triển blockchain và tài sản số tại Việt Nam",Khoa học công nghệ,Khoa học,Kinh doanh,False,0.6745817367042961,>=0.50
45571,TP.HCM ưu đãi chuyển đổi giao thông xanh,Thời sự,Thời sự,Kinh doanh,False,0.24297290515408554,0.20–0.30
130679,Nguyên nhân cựu vô địch billiards pool thế giới đột ngột qua đời: Sáng vừa thắng trận...,Thể thao,Thể thao,Thể thao,True,0.6280264269474392,>=0.50
132348,"Lâm Đồng chi 2,9 tỉ đồng khắc phục khẩn cấp sạt trượt hồ chứa nước Cay An",Thời sự,Thời sự,Thời sự,True,0.21749259856669412,0.20–0.30
254101,"Đấu giá biển số sáng 12/1: Biển cặp tiến 30L-088.99 trúng giá hơn 2,7 tỷ đồng",Xe,Xe,Đời sống,False,0.12956838391191827,0.10–0.20
16565,Nhiều cuộc thi hoa hậu chưa xứng tầm với tên gọi,Giải trí,Giải trí,Giải trí,True,0.21206302303579472,0.20–0.30
108593,"Huế lũ lên lại, sông Thu Bồn có thể đạt đỉnh 61 năm",Kinh doanh,Kinh doanh,Khoa học,False,0.08511733918054243,<0.10
217603,Mỹ dẫn đầu cuộc tập trận có khoảng 5.000 quân tham gia gần biên giới Nga,Thế giới,Thế giới,Thế giới,True,0.7474041326279591,>=0.50
195451,Sự kiện chứng khoán đáng chú ý ngày 10/3,Kinh doanh,Kinh doanh,Kinh doanh,True,2.6407440919193075,>=0.50
53688,Huawei Mate 80 series ra mắt với khả năng liên lạc xuyên tường không cần mạng,Khoa học công nghệ,Khoa học,Khoa học,True,0.8972794733578966,>=0.50
239448,"Chi tiết lịch cấm đường ở Hà Nội từ 18h ngày 1/9 để phục vụ diễu binh, diễu hành",Thời sự,Thời sự,Xe,False,0.8611617788882862,>=0.50
99481,Trường ĐH Cửu Long có 16 chương trình đào tạo đạt chuẩn kiểm định chất lượng,Giáo dục,Giáo dục,Giáo dục,True,0.7083572496326545,>=0.50
263547,"8X Quảng Bình tận dụng 'đồ bỏ đi' trang trí nhà, ai nhìn cũng mê",Đời sống,Đời sống,Đời sống,True,0.15798156026316174,0.10–0.20
99016,Bí quyết ôn thi tốt nghiệp THPT đạt điểm cao: Hiện tượng phóng xạ,Giáo dục,Giáo dục,Giáo dục,True,0.6557372496661449,>=0.50
204694,"Chồng, cháu gái và thuộc cấp của bà Trương Mỹ Lan đều thành khẩn nhận tội",Pháp luật,Pháp luật,Pháp luật,True,0.1673110880953278,0.10–0.20
118593,Nhật Bản cho phép phụ nữ tham gia lễ hội khỏa thân,Thế giới,Thế giới,Đời sống,False,0.09597837710135337,<0.10
190642,Lãi suất ngân hàng hôm nay 27/5/2025: Ngân hàng dẫn đầu về lãi suất 6 tháng,Kinh doanh,Kinh doanh,Kinh doanh,True,1.4445090010548483,>=0.50
214811,Câu chuyện về tiếp viên hàng không Canada vướng vòng lao lý vì 210kg ma túy,Thế giới,Thế giới,Pháp luật,False,0.029147909289747198,<0.10
130143,Mỹ và Trung Quốc bị cạnh tranh gắt gao ở Olympic,Thể thao,Thể thao,Thể thao,True,0.6528602314120079,>=0.50
248405,Thử nghiệm thực tế ‘đập tan’ lo ngại: Pin xe điện bền bỉ vượt mong đợi,Xe,Xe,Khoa học,False,0.1699475708282967,0.10–0.20
52552,Kỹ sư dạy đua độc nhất thế giới: Không dạy lái mà dạy thở,Xe,Xe,Sức khỏe,False,0.07414308040249473,<0.10
195206,Giá vàng hôm nay 27/4: Vàng tăng vọt,Kinh doanh,Kinh doanh,Kinh doanh,True,1.572232572277989,>=0.50
26962,"Gửi đơn kiện nhưng tòa án này cứ đẩy qua tòa án kia, tôi phải làm sao?",Pháp luật,Pháp luật,Pháp luật,True,0.7154317324747166,>=0.50
96850,ĐH Quốc gia TP.HCM kiến nghị gì để thành ĐH nghiên cứu trong tốp đầu châu Á?,Giáo dục,Giáo dục,Giáo dục,True,0.4666582724342728,0.30–0.50
28058,Gái chưa chồng đau bụng cẩn thận ung thư buồng trứng tuổi 20,Sức khỏe,Sức khỏe,Sức khỏe,True,1.4059372367490393,>=0.50
121521,"Tập trận trên Biển Đông, Philippines lần đầu tiếp cận hệ thống HIMARS của Mỹ",Thế giới,Thế giới,Thế giới,True,0.7629806993479507,>=0.50
258671,Bí kíp vàng dạy con vượt qua tổn thương của người cha nhận nuôi 36 đứa trẻ,Đời sống,Đời sống,Đời sống,True,0.7128461296274617,>=0.50
120862,Không quân Triều Tiên sẽ nhận 'tài sản quân sự chiến lược mới',Thế giới,Thế giới,Thế giới,True,0.5398529933857074,>=0.50
98159,Hoạt động các trung tâm dạy thêm trước 'giờ G' Thông tư 29 có hiệu lực,Giáo dục,Giáo dục,Giáo dục,True,0.4630708977813106,0.30–0.50
243941,"ô tô Land Rover chở 4 người tông gãy cây xanh, lộn vòng trên vỉa hè",Thời sự,Thời sự,Thời sự,True,0.4256332054326657,0.30–0.50
188866,Quốc gia muốn trở thành trung tâm giao dịch tín chỉ carbon tại Đông Nam Á,Kinh doanh,Kinh doanh,Kinh doanh,True,0.6383297932704979,>=0.50
199713,Vinhomes hợp tác với VTK kiến tạo cộng đồng Hàn Quốc chuẩn mực tại Ocean City,Kinh doanh,Kinh doanh,Kinh doanh,True,1.086112890561752,>=0.50
250707,"Toyota Fortuner lao nhanh trên đường ướt, trượt bánh mất lái, 'hạ gục' cột điện",Xe,Xe,Xe,True,0.3399248751303394,0.30–0.50
51137,"Volvo ES90 ra mắt: Thiết kế lạ, phần mềm mạnh mẽ, hệ truyền động đa dạng",Xe,Xe,Xe,True,0.41487366117180324,0.30–0.50
91366,Cuộc sống của nghệ sĩ Phú Quý ở tuổi 78,Giải trí,Giải trí,Giải trí,True,1.3689352913380857,>=0.50
253552,5 mẫu xe sang tồi tệ nhất từng được sản xuất,Xe,Xe,Xe,True,0.572155871794974,>=0.50
251823,Chủ tịch một tập đoàn ô tô bác bỏ tin đồn ‘cuộc sáp nhập khổng lồ’ với đối thủ,Xe,Xe,Kinh doanh,False,1.0665927317983468,>=0.50
159244,"Thu Phương khó thở, khóc nghẹn, định bỏ thi Chị đẹp đạp gió rẽ sóng",Giải trí,Giải trí,Giải trí,True,1.281100016501178,>=0.50
141933,Đổi đời nhờ xuất ngoại: Gửi về quê nhà gần 17.000 tỉ đồng/năm,Thời sự,Thời sự,Đời sống,False,0.34790959073172933,0.30–0.50
165003,"Hòa Minzy, Huyền Trang làm điều bất ngờ với Nghệ An, fan khen ngợi hết lời",Giải trí,Giải trí,Giải trí,True,0.30444849217025827,0.30–0.50
26651,"Bị đòi nợ kiểu khủng bố, phải làm sao?",Pháp luật,Pháp luật,Pháp luật,True,0.9482428860128593,>=0.50
176942,Phụ huynh đòi nợ chủ Trường Quốc tế Mỹ Việt Nam có học phí hơn 700 triệu đồng,Giáo dục,Giáo dục,Giáo dục,True,0.6716927537923124,>=0.50
138533,"Xe ben tung hoành đường ven kênh, rạch TP.HCM",Thời sự,Thời sự,Xe,False,0.44764976327693295,0.30–0.50
187352,"Tên lửa SOM-J đầu đạn 140kg, ‘mắt AI’ bay sát biển, ‘xóa sổ’ tàu chiến từ 275km",Khoa học công nghệ,Khoa học,Khoa học,True,0.12756745411661707,0.10–0.20
27660,Dùng hóa chất 'phù phép' thành lòng se điếu nguy hiểm ra sao?,Sức khỏe,Sức khỏe,Sức khỏe,True,0.3557599261700847,0.30–0.50
144203,Bộ chuyển số trên một số mẫu ô tô đời mới khiến người dùng bối rối,Xe,Xe,Khoa học,False,0.21266773980304138,0.20–0.30
240575,"Tài xế xe đầu kéo vi phạm nồng độ cồn gấp 2,2 lần mức 'kịch khung' trên cao tốc",Thời sự,Thời sự,Thời sự,True,0.13569333056251748,0.10–0.20
194077,Giá vàng hôm nay 10/11/2023: Vàng SJC tiếp tục tăng 200.000 đồng/lượng,Kinh doanh,Kinh doanh,Kinh doanh,True,1.3257914057191817,>=0.50
118222,Giải bí ẩn kim loại quý liên quan đến truyền thuyết Atlantis,Thế giới,Thế giới,Khoa học,False,0.6069468290091065,>=0.50
106783,Đã đến lúc tính lại chiến lược cho gạo,Kinh doanh,Kinh doanh,Kinh doanh,True,1.356310147561949,>=0.50
13810,Lịch sử lặp lại: Châu Nhuận Phát trao giải cho G-DRAGON tại MAMA sau 10 năm,Giải trí,Giải trí,Giải trí,True,0.4720619655610184,0.30–0.50
100513,11 trường ngoài công lập tại TP.HCM bị 'tuýt còi' vì tăng học phí vượt quy định,Giáo dục,Giáo dục,Giáo dục,True,0.8963179613886266,>=0.50
212567,Các yếu tố tác động tới nồng độ cồn sau khi uống rượu bia,Sức khỏe,Sức khỏe,Sức khỏe,True,0.4595327955235016,0.30–0.50
263033,Chàng trai Vĩnh Phúc đạp xe suốt 3 tiếng đến thăm chị gái vì quá nhớ cháu,Đời sống,Đời sống,Đời sống,True,0.5302177312032028,>=0.50
215800,"Một tuần sau khi tỉnh dậy trong quan tài, bà cụ ở Ecuador chính thức qua đời",Thế giới,Thế giới,Sức khỏe,False,0.3944124528052525,0.30–0.50
105042,Hiểm họa từ sầu riêng 'giải cứu',Kinh doanh,Kinh doanh,Kinh doanh,True,0.8657700340942163,>=0.50
27127,Một thanh niên giấu 21kg nghi ma túy dạt vào bờ biển,Pháp luật,Pháp luật,Pháp luật,True,0.725358771830554,>=0.50
19304,Sếp đi làm nhân viên siêu thị,Kinh doanh,Kinh doanh,Kinh doanh,True,1.1491000845625772,>=0.50
120387,"Chiến sự Ukraine ngày 1.288: Ông Putin nói Nga đang tiến lên, sẵn sàng gặp ông Zelensky",Thế giới,Thế giới,Thế giới,True,0.8195264087235803,>=0.50
26315,Xác nhận tình trạng hôn nhân cho người đã chết được không?,Pháp luật,Pháp luật,Pháp luật,True,0.9456598509441108,>=0.50
102735,Thi tốt nghiệp THPT 2024: Thí sinh ở An Giang nhập viện khi đang làm bài,Giáo dục,Giáo dục,Giáo dục,True,1.0171563667094738,>=0.50
203378,Nhát dao găm vùng thái dương của nạn nhân sau buổi họp lớp cấp 3 ở Hà Nội,Pháp luật,Pháp luật,Pháp luật,True,1.1747284178621769,>=0.50
145063,"Hết ưu đãi lệ phí trước bạ, ô tô thương hiệu nào hút khách nhất Việt Nam?",Xe,Xe,Kinh doanh,False,0.2528408380917475,0.20–0.30
68283,"Lịch âm hôm nay 1.11.2025 là ngày gì? Bao lâu tới tết Dương lịch, tết Nguyên đán?",Đời sống,Đời sống,Đời sống,True,0.09719218633521842,<0.10
100297,GS-TS-NGND Bùi Khánh Thế để lại không chỉ những cuốn sách,Giáo dục,Giáo dục,Giáo dục,True,1.0393488235557435,>=0.50
203978,Cựu công an ở TP.HCM giả mạo hồ sơ trong công tác,Pháp luật,Pháp luật,Pháp luật,True,0.680018364806148,>=0.50
4121,Nhiều địa phương chốt phương án tuyển sinh vào lớp 10,Giáo dục,Giáo dục,Giáo dục,True,1.8706625691117256,>=0.50
26261,"Bạn trai người nước ngoài, chưa đăng ký kết hôn, làm sao khai sinh cho con?",Pháp luật,Pháp luật,Pháp luật,True,0.13145785444251384,0.10–0.20
168023,MC Kiều Ngân kết hôn với cựu thành viên nhóm 365 sau 7 năm yêu,Giải trí,Giải trí,Giải trí,True,0.9190365711268283,>=0.50
24263,Giá vàng bật tăng mạnh,Kinh doanh,Kinh doanh,Kinh doanh,True,1.39725078615766,>=0.50
132040,58 năm Củ Chi xứng danh 'Đất thép thành đồng',Thời sự,Thời sự,Thời sự,True,0.1750591504882193,0.10–0.20
171000,Đếm ngược Road to 8WONDER: Dàn sao và fan đã sẵn sàng ‘quẩy bay nóc’,Giải trí,Giải trí,Giải trí,True,0.48920495606999137,0.30–0.50
182676,"AI hỗ trợ Tổng điều tra nông thôn, nông nghiệp 2025",Khoa học công nghệ,Khoa học,Pháp luật,False,0.05567022945493,<0.10
50795,Mitsubishi DST Concept chốt ra mắt Việt Nam tháng 6: SUV 7 chỗ dễ hot như Xforce,Xe,Xe,Xe,True,0.9793608363632428,>=0.50
117872,1.000 con chim chết trong một ngày vì đâm vào tòa nhà lúc di trú,Thế giới,Thế giới,Khoa học,False,0.7074708535148715,>=0.50
40044,Lịch trực tiếp VTV Cup 28-6: Bóng chuyền nữ Việt Nam gặp Úc,Thể thao,Thể thao,Thể thao,True,0.7732358120442279,>=0.50
70478,Phía sau clip 'triệu view' của hai mẹ con bán chân gà sốt thái ở TP.HCM,Đời sống,Đời sống,Đời sống,True,0.24225767736049808,0.20–0.30
176779,"Ôn tập, luyện thi, tự học chủ động cùng mobiEdu",Giáo dục,Giáo dục,Giáo dục,True,1.9240902577109709,>=0.50
33569,'Tinh thần táo bạo của Expo '70' cho nhà trưng bày Thụy Sĩ tại Expo Osaka 2025,Thế giới,Thế giới,Khoa học,False,0.6386243936557706,>=0.50
123580,Ronaldo nói gì khi khởi đầu năm mới hoàn hảo và lập kỷ lục chưa từng có?,Thể thao,Thể thao,Thể thao,True,1.3649625071616192,>=0.50
174655,Tạm đình chỉ hiệu trưởng vụ cô giáo ở Tuyên Quang bị học sinh dồn vào góc lớp,Giáo dục,Giáo dục,Giáo dục,True,2.387292339117403,>=0.50
26711,"Bị người yêu cũ tạt nước bẩn trong đám cưới, đòi bồi thường được không?",Pháp luật,Pháp luật,Pháp luật,True,0.09376144482180132,<0.10
213671,Suýt bị cắt cụt hai chân vì thói quen hút thuốc hàng triệu đàn ông Việt mắc,Sức khỏe,Sức khỏe,Sức khỏe,True,2.0918465831311135,>=0.50
247713,Siêu SUV hybrid Lamborghini Urus SE ra mắt nếu về Việt Nam giá dưới 20 tỷ,Xe,Xe,Xe,True,0.07959436751154875,<0.10
32306,Khi Ukraine khóa van khí đốt Nga,Thế giới,Thế giới,Kinh doanh,False,0.1840218392022011,0.10–0.20
145065,"Porsche 911 Dakar đầu tiên về Việt Nam, giá gần 15,3 tỉ đồng",Xe,Xe,Xe,True,0.20347766213416518,0.20–0.30
27076,Khởi tố người chém thiếu tá công an ở Bà Rịa - Vũng Tàu tội giết người,Pháp luật,Pháp luật,Pháp luật,True,1.0337428671528173,>=0.50
231846,Mason Mount trở lại ở trận MU đấu Bayern Munich,Thể thao,Thể thao,Thể thao,True,0.9369267619989,>=0.50
144904,"Xe 'dân chơi' Mercedes-AMG C 43 lắp ráp tại Việt Nam có giá 2,96 tỉ đồng",Xe,Xe,Xe,True,0.34805344966342633,0.30–0.50
249030,Những đặc điểm giúp xe chở học sinh của nước Mỹ an toàn nhất thế giới,Xe,Xe,Xe,True,0.11113566806561703,0.10–0.20
127470,"Lịch thi đấu mới nhất của Malaysia ở Asian Cup: Gặp đội nào, kịp kháng cáo hay không?",Thể thao,Thể thao,Thể thao,True,1.648527828638108,>=0.50
61782,Những thiết bị Galaxy sẽ được 'lên đời' One UI 8 sớm nhất,Khoa học công nghệ,Khoa học,Khoa học,True,1.0464385185158265,>=0.50
72375,Chàng rể Lào mê Việt Nam,Đời sống,Đời sống,Đời sống,True,0.0008327022620019386,<0.10
114188,Khoa học tiết lộ điều xảy ra khi tinh trùng chạm mặt trứng,Sức khỏe,Sức khỏe,Khoa học,False,0.9354435122170134,>=0.50
33028,Cảm xúc lẫn lộn của cử tri gốc Việt tại Mỹ,Thế giới,Thế giới,Thế giới,True,0.18592653865071979,0.10–0.20
127716,Lịch thi đấu U.17 Việt Nam cực hay hôm nay: Phải thắng đậm Ma Cao để xếp trên Malaysia,Thể thao,Thể thao,Thể thao,True,0.9762668909893599,>=0.50
192113,Gỗ Trường Thành của đại gia Mai Hữu Tín bị phong toả tài khoản,Kinh doanh,Kinh doanh,Kinh doanh,True,1.4095392978146382,>=0.50
178775,Điểm chuẩn Trường Đại học Mở TPHCM năm 2024,Giáo dục,Giáo dục,Giáo dục,True,1.5938619020902658,>=0.50
185741,Người dùng không cần phải khoá thẻ hay đổi mật khẩu ngân hàng khi CIC bị hack,Khoa học công nghệ,Khoa học,Pháp luật,False,0.19845714787068836,0.10–0.20
210352,Điều tàu lớn đưa ngư dân bị nạn vào đảo Trường Sa điều trị,Sức khỏe,Sức khỏe,Thời sự,False,0.18996615146659251,0.10–0.20
121918,Trực thăng Israel tấn công nhầm vào lính 'nhà' ở Gaza; Bờ Tây cũng đang nóng,Thế giới,Thế giới,Thế giới,True,0.5288592253787333,>=0.50
235040,Kỳ tích thể thao Việt Nam: Ba chị em ruột cùng giành HCV SEA Games 33,Thể thao,Thể thao,Thể thao,True,0.49057738569449194,0.30–0.50
263774,Thực tế phũ phàng của thế hệ trẻ Australia khi sống riêng,Đời sống,Đời sống,Đời sống,True,0.5217021126780078,>=0.50
24569,"Cổ phiếu Vingroup tăng trần, la liệt mã khác giảm giá, thanh khoản vượt 1 tỉ USD",Kinh doanh,Kinh doanh,Kinh doanh,True,1.7088825207014913,>=0.50
247765,Hãng xe Pháp chuẩn bị ra mắt mẫu ô tô điện rẻ hơn xe Trung Quốc,Xe,Xe,Xe,True,0.2175627075729264,0.20–0.30
18318,"Trước 'bão giá' thịt heo, bà nội trợ đổi món",Kinh doanh,Kinh doanh,Kinh doanh,True,0.805272680256625,>=0.50
164504,Bằng Kiều xin lỗi sau phát ngôn gây tranh cãi về G-Dragon,Giải trí,Giải trí,Giải trí,True,1.7118567955258555,>=0.50
42444,Ký ức những lần tách - nhập tỉnh - Kỳ 8: Một thời Hậu Giang cứu đói lúa gạo cho các tỉnh,Thời sự,Thời sự,Thời sự,True,0.24358425751511836,0.20–0.30
178626,Trường thành viên đại học quốc gia TPHCM công bố phương án tuyển sinh 2025,Giáo dục,Giáo dục,Giáo dục,True,2.3656314272605754,>=0.50
104490,Hộ kinh doanh nào bắt buộc có tài khoản ngân hàng riêng từ 2026?,Kinh doanh,Kinh doanh,Kinh doanh,True,1.6601089370718896,>=0.50
198445,"Nội thất The One 30 năm xây dựng thương hiệu, vững vàng trên ‘kiềng ba chân’",Kinh doanh,Kinh doanh,Kinh doanh,True,1.5412355731002845,>=0.50
144771,"VinFast VF 3 gây 'náo loạn' phân khúc A, trở thành xe bán chạy nhất Việt Nam?",Xe,Xe,Xe,True,0.4246827887056711,0.30–0.50
137761,"Tai nạn tàu hỏa ở TP.Thủ Đức, một người đàn ông tử vong",Thời sự,Thời sự,Thời sự,True,0.10960453230188805,0.10–0.20
86558,'Hot girl bóng chuyền' từng thi Hoa hậu Hoàn vũ Việt Nam giờ ra sao?,Giải trí,Giải trí,Giải trí,True,0.5274375738498518,>=0.50
147322,"Kinh hoàng ô tô vượt cả hàng xe ngay đoạn cua, suýt gây tai nạn đối đầu",Xe,Xe,Xe,True,0.20871654083606334,0.20–0.30
257540,Người phụ nữ bị xích trong rừng tiết lộ thủ phạm không phải chồng,Đời sống,Đời sống,Sức khỏe,False,0.40684066394238877,0.30–0.50
214365,"Ecuador có Tổng thống 8X, là con trai của tỷ phú xuất khẩu chuối",Thế giới,Thế giới,Kinh doanh,False,0.04152063866093736,<0.10
186870,Xuất hiện những hình thức mới trong mua bán dữ liệu cá nhân,Khoa học công nghệ,Khoa học,Pháp luật,False,0.07099944910567513,<0.10
111090,Giá USD hôm nay 16.5.2025: Đô tự do giảm,Kinh doanh,Kinh doanh,Kinh doanh,True,1.1865261885933935,>=0.50
194222,Ngân hàng rao bán xe sang Maybach 'biển đẹp',Kinh doanh,Kinh doanh,Kinh doanh,True,0.863015449606349,>=0.50
225734,HLV Indonesia phát biểu trước trận bán kết AFF Cup 2022,Thể thao,Thể thao,Thể thao,True,1.2531698754307021,>=0.50
26404,"Sống ở Mỹ 30 năm, muốn làm căn cước Việt Nam được không?",Pháp luật,Pháp luật,Pháp luật,True,0.20435158550775212,0.20–0.30
189741,Vietlott tìm thấy khách hàng trúng độc đắc Lotto 5/35 hơn 10 tỷ,Kinh doanh,Kinh doanh,Đời sống,False,0.9550828311306309,>=0.50
28971,Estrogen thúc đẩy cơ thể sản sinh opioid giảm đau sau chấn thương,Sức khỏe,Sức khỏe,Sức khỏe,True,0.6471270670649634,>=0.50
204753,"Ngụy trang gần 100kg ma túy trong sọt mắm cá, 3 người lãnh án tử hình",Pháp luật,Pháp luật,Pháp luật,True,0.6924819652427042,>=0.50
34736,Người Nhật mang thú cưng mặc kimono lên đền nhận phước lành,Thế giới,Thế giới,Đời sống,False,0.4891201074947704,0.30–0.50
182087,CMC Consulting bổ nhiệm Tổng Giám đốc điều hành mới,Khoa học công nghệ,Khoa học,Kinh doanh,False,1.5728831145251276,>=0.50
69856,Tử vi hằng ngày - Xem tử vi vui 12 con giáp ngày 18.9.2023,Đời sống,Đời sống,Khoa học,False,0.08747219278752039,<0.10
68464,"'Sao chổi quỷ' xanh lá cây đang phát nổ, lao về phía trái đất",Đời sống,Đời sống,Khoa học,False,0.5435278732387722,>=0.50
27025,Bắt giam tài xế gây tai nạn làm chết 2 người trên quốc lộ 51,Pháp luật,Pháp luật,Thời sự,False,0.016212179138772376,<0.10
44697,"Ngập cao tốc, nghẽn niềm tin",Thời sự,Thời sự,Thời sự,True,0.04892319631438924,<0.10
181455,Viettel Global lãi ròng 2.389 tỷ đồng,Khoa học công nghệ,Khoa học,Kinh doanh,False,1.665936108150683,>=0.50
199684,Kiểm tra công tác sản xuất điện mùa khô tại Công ty Thủy điện Buôn Kuốp,Kinh doanh,Kinh doanh,Kinh doanh,True,0.5017036423456296,>=0.50
250474,"Siêu xe Ferrari Purosangue lật ngửa trên cao tốc, cụ bà 84 tuổi cầm lái",Xe,Xe,Xe,True,0.4432361820969142,0.30–0.50
114041,Quy định trái luật làm khó vốn vay,Kinh doanh,Kinh doanh,Kinh doanh,True,0.8409649527800086,>=0.50
120835,Tổng thống Ukraine bất ngờ thay chỉ huy lực lượng đặc nhiệm,Thế giới,Thế giới,Thời sự,False,0.011070022296899795,<0.10
213291,"Chăm sóc sức khoẻ, phục hồi chức năng cơ thể bằng vật lý trị liệu",Sức khỏe,Sức khỏe,Sức khỏe,True,1.7273068096548054,>=0.50
100689,Học sinh mất một bàn tay do sử dụng pháo nổ,Giáo dục,Giáo dục,Giáo dục,True,0.5136622433163894,>=0.50
250840,Tài xế xe tải thoát chết trong gang tấc khi bị tàu hỏa đâm nát làm đôi,Xe,Xe,Xe,True,0.10593454693663484,0.10–0.20
97584,Lãnh đạo Sở GD-ĐT TP.HCM trả lời hàng loạt thông tin nóng,Giáo dục,Giáo dục,Giáo dục,True,2.29373942357065,>=0.50
252063,"Sedan cỡ D thoái trào, xe Trung Quốc khó vượt qua cái bóng của Toyota Camry",Xe,Xe,Xe,True,0.22700376847836956,0.20–0.30
251626,Dây đai an toàn ô tô không bảo vệ trẻ dưới 10 tuổi: Lý do buộc dùng ghế trẻ em,Xe,Xe,Xe,True,0.09792329634722863,<0.10
235257,"Djokovic vượt mặt Federer, thiết lập kỷ lục mới tại US Open",Thể thao,Thể thao,Thể thao,True,1.1399807607330295,>=0.50
74415,Thanh Niên và tôi: Gửi Báo Thanh Niên - người bạn của tôi nơi núi rừng Bắc Mê!,Đời sống,Đời sống,Giáo dục,False,0.5277728936379358,>=0.50
23609,"VN-Index giảm điểm, tài sản vợ chồng tỉ phú giàu nhất Việt Nam vẫn không ngừng tăng",Kinh doanh,Kinh doanh,Kinh doanh,True,1.9902941012456872,>=0.50
191314,Lãi suất ngân hàng hôm nay 3/2/2025: Ngân hàng giảm lãi suất đầu năm mới,Kinh doanh,Kinh doanh,Kinh doanh,True,1.31652641032312,>=0.50
226186,Juventus sa thải HLV Igor Tudor sau 3 trận thua liên tiếp,Thể thao,Thể thao,Thể thao,True,0.8117381267684786,>=0.50
60059,Máy giặt sấy của LG 'cháy hàng' tại Việt Nam,Khoa học công nghệ,Khoa học,Kinh doanh,False,0.4736252593148603,0.30–0.50
245679,"Ngày giỗ con gái, mẹ ngã quỵ khi phát hiện thi thể con út 18 tháng dưới ao nước",Thời sự,Thời sự,Pháp luật,False,0.16885015315441693,0.10–0.20
60923,Rủi ro tấn công máy tính núp bóng 'Việt hóa' tựa game Black Myth: Wukong,Khoa học công nghệ,Khoa học,Khoa học,True,0.6550624395754238,>=0.50
102372,Điểm chuẩn ĐH xét thi tốt nghiệp THPT 2023 tăng hay giảm?,Giáo dục,Giáo dục,Giáo dục,True,1.5207459181002272,>=0.50
100826,Hiệu trưởng chia sẻ chuyện làm chủ công nghệ trong lễ khai giảng,Giáo dục,Giáo dục,Giáo dục,True,1.5503101413429792,>=0.50
135814,"7 giờ sáng 30.4, bắn đại bác ở Bến Bạch Đằng",Thời sự,Thời sự,Thời sự,True,0.04307101261156465,<0.10
46882,"Sụt lún nền ở Sở Y tế Bạc Liêu, ngay giữa giờ làm việc",Thời sự,Thời sự,Thời sự,True,0.03984894527933058,<0.10
20502,"Xuất hiện công ty tài sản mã hóa vốn 10.000 tỉ, bà Nguyễn Thị Loan trở lại",Kinh doanh,Kinh doanh,Kinh doanh,True,1.8256773703362823,>=0.50
27065,"Xét xử vụ thanh tra giao thông tỉnh Bà Rịa - Vũng Tàu nhận hối lộ của chủ xe, doanh nghiệp",Pháp luật,Pháp luật,Pháp luật,True,0.09880455972346425,<0.10
98255,Đáp án bài khảo sát tuyển sinh lớp 6 vào 3 trường nóng của TP.Thủ Đức,Giáo dục,Giáo dục,Giáo dục,True,1.6648317427452095,>=0.50
32557,"Nga bắt người Hàn Quốc nghi gián điệp, tố Mỹ muốn can thiệp bầu cử",Thế giới,Thế giới,Thế giới,True,0.5056497180737146,>=0.50
209087,"Bỏ qua lá thư nhét khe cửa, người phụ nữ phát hiện ung thư khi quá muộn",Sức khỏe,Sức khỏe,Sức khỏe,True,0.5667750895172926,>=0.50
121427,Chiến đấu cơ F-35A chính thức được chứng nhận có thể mang bom hạt nhân,Thế giới,Thế giới,Khoa học,False,0.22020628474343829,0.20–0.30
203854,Cơ quan điều tra kiến nghị giám sát dòng tiền trái phiếu từ vụ Tân Hoàng Minh,Pháp luật,Pháp luật,Kinh doanh,False,1.6714397543269834,>=0.50
198316,Cuộc đua đón đầu xu hướng ứng dụng nội bộ doanh nghiệp trên Cloud,Kinh doanh,Kinh doanh,Kinh doanh,True,0.17266495100869894,0.10–0.20
198501,BSR: Chủ động xây dựng các động lực tăng trưởng mới,Kinh doanh,Kinh doanh,Kinh doanh,True,2.4283183710774128,>=0.50
177570,Link tra cứu điểm chuẩn đại học của các trường năm 2025,Giáo dục,Giáo dục,Giáo dục,True,1.7419582573035912,>=0.50
210513,Bao giờ hết cảnh không đọc được chữ bác sĩ trên đơn thuốc?,Sức khỏe,Sức khỏe,Sức khỏe,True,1.891856913589348,>=0.50
260107,"Lướt mạng thấy đám cưới linh đình, kẻ gian tra định vị tới trộm 1,4 tỷ đồng",Đời sống,Đời sống,Pháp luật,False,0.27669791102064345,0.20–0.30
215902,Video giải cứu cặp mẹ con Italia kẹt trong nước lũ,Thế giới,Thế giới,Pháp luật,False,0.03562555423566538,<0.10
237668,Cảnh sát hướng dẫn tích hợp tài khoản an sinh trên VNeID,Thời sự,Thời sự,Pháp luật,False,0.07689047823534073,<0.10
35560,Vũ khí AI có phân biệt được dân thường với chiến binh?,Thế giới,Thế giới,Khoa học,False,0.40233175085220757,0.30–0.50
117067,Mai Hân mỹ phẩm 'chốt sổ' tháng 11 với deal nửa giá,Sức khỏe,Sức khỏe,Kinh doanh,False,0.5187219464929982,>=0.50
72787,Tha hương mưu sinh ở TP.HCM: Vui buồn bên xe hủ tiếu gõ,Đời sống,Đời sống,Thời sự,False,0.007327123826538828,<0.10
222061,Tuyển Việt Nam chờ Thái Lan chơi sòng phẳng ở Mỹ Đình,Thể thao,Thể thao,Thể thao,True,1.3346554609407002,>=0.50
135771,Công an vào cuộc vụ 2 nhân viên xe buýt ẩu đả với tài xế công nghệ,Thời sự,Thời sự,Xe,False,0.2922013250345483,0.20–0.30
203586,Tạm giữ gã đàn ông giả cán bộ Bộ Công an để lừa đảo,Pháp luật,Pháp luật,Pháp luật,True,0.9079775518003204,>=0.50
220502,"Trung vệ tuyển Việt Nam chấn thương, HLV Kim Sang Sik thấp thỏm",Thể thao,Thể thao,Thể thao,True,0.7805467704943593,>=0.50
147081,Tác dụng của đường kẻ ngang trên kính sau ô tô không phải ai cũng biết,Xe,Xe,Khoa học,False,0.4649467196046486,0.30–0.50
114691,Bệnh viện Quốc tế City vinh dự đạt ‘Top 10 thương hiệu xuất sắc châu Á 2025’,Sức khỏe,Sức khỏe,Sức khỏe,True,0.9459186398586061,>=0.50
26684,"Xây nhà đúng phép, bị yêu cầu tháo dỡ thì có được bồi thường?",Pháp luật,Pháp luật,Pháp luật,True,0.7605917147045764,>=0.50
43628,Ngôi làng nông dân ai cũng được lãnh lương hưu,Thời sự,Thời sự,Công đoàn,False,0.02876885490872777,<0.10
33036,"Người Việt ở tâm bão Milton: 'Không dám ngủ, nghe bão giảm cấp vẫn lo'",Thế giới,Thế giới,Đời sống,False,0.11936180420290049,0.10–0.20
39111,Djokovic: 'Tôi tôn trọng nhưng không thể làm bạn với Nadal',Thể thao,Thể thao,Thể thao,True,0.5719214537885359,>=0.50
144943,"Lộ diện màu sắc ô tô phổ biến, được người mua ưa chuộng nhất năm 2025",Xe,Xe,Kinh doanh,False,0.22686819360916743,0.20–0.30
36916,Bộ trưởng Malaysia hứa sẽ trả lời vụ nhập tịch gian dối trước Quốc hội,Thể thao,Thể thao,Thể thao,True,0.08181568474058876,<0.10
204385,Hàng chục người Việt Nam bị cưỡng ép ở lại Nga làm việc,Pháp luật,Pháp luật,Pháp luật,True,0.5574668882805309,>=0.50
14565,Jack tố cáo Thiên An; Tôn Ngộ Không và Lâm Đại Ngọc thành đôi?,Giải trí,Giải trí,Giải trí,True,1.2151371301227005,>=0.50
54789,Hướng dẫn tra cứu lịch cắt điện trực tuyến,Khoa học công nghệ,Khoa học,Khoa học,True,0.06884449988383312,<0.10
212280,"Sàng lọc trước sinh cực kỳ quan trọng để con tránh dị tật, mẹ sinh nở an toàn",Sức khỏe,Sức khỏe,Sức khỏe,True,0.9164822568858156,>=0.50
44788,Mở cửa cho dân tham quan trụ sở UBND TP.HCM: mang ý nghĩa giáo dục nhiều mặt,Thời sự,Thời sự,Kinh doanh,False,0.03251400099850854,<0.10
204932,Triệu tập Nguyễn Võ Quỳnh Trang tới tòa phúc thẩm vụ bé gái 8 tuổi tử vong,Pháp luật,Pháp luật,Pháp luật,True,0.6466620976378801,>=0.50
120144,Hai người nhét trẻ em người Việt trong sofa nhập cảnh lậu vào Anh lãnh án tù,Thế giới,Thế giới,Thời sự,False,0.06035226014034878,<0.10
59362,Meta ra mắt mô hình AI 'tốt nhất thế giới',Khoa học công nghệ,Khoa học,Khoa học,True,0.7178989534876776,>=0.50
50556,"Hyundai Tucson thế hệ mới sẽ rộng rãi như Santa Fe, Destinator, có bản chạy 100km không xăng",Xe,Xe,Xe,True,0.06937322667032086,<0.10
65183,GapoWork tổ chức sự kiện chia sẻ bí quyết thành công của các doanh nghiệp,Khoa học công nghệ,Khoa học,Kinh doanh,False,1.2123463815640236,>=0.50
263445,Người phụ nữ ra sức lan tỏa tiếng Việt trên đất Mỹ,Đời sống,Đời sống,Giáo dục,False,0.06060417613092728,<0.10
228613,Kết quả bóng đá hôm nay 15/12,Thể thao,Thể thao,Thể thao,True,1.8417995294613834,>=0.50
106705,Hộ dân sẽ phải phân loại rác tại nguồn,Kinh doanh,Kinh doanh,Kinh doanh,True,0.5017333365759549,>=0.50
30963,Bạn có biết cải xoăn ngon và rất tốt cho sức khỏe?,Sức khỏe,Sức khỏe,Sức khỏe,True,0.8029867029000468,>=0.50
62025,Người chơi Starfield săn được vũ khí với 'dame khủng',Khoa học công nghệ,Khoa học,Khoa học,True,0.06100104353813779,<0.10
20734,Thủ tướng ký tặng biển kỷ niệm sản xuất điện thoại thứ 2 tỉ Samsung Việt Nam,Kinh doanh,Kinh doanh,Kinh doanh,True,0.8358242658201737,>=0.50
39358,Ngọc Lan và Vân Anh thất bại trước cặp hot girl Trung Quốc,Thể thao,Thể thao,Thể thao,True,0.4187016177659765,0.30–0.50
112991,Giá USD hôm nay 4.1.2024: Ngân hàng tăng giá,Kinh doanh,Kinh doanh,Kinh doanh,True,1.7405120496670958,>=0.50
223145,Báo Indonesia khen đội nhà khi thắng tuyển Việt Nam ở Asian Cup,Thể thao,Thể thao,Thể thao,True,1.1510103478906855,>=0.50
198986,Giá xăng ngày mai dự báo lại vọt tăng,Kinh doanh,Kinh doanh,Kinh doanh,True,1.452656664977745,>=0.50
229592,"Riccardo Calafiori, từ thất bại Mourinho đến bom tấn Arsenal",Thể thao,Thể thao,Thể thao,True,1.2335896162208937,>=0.50
227708,Kết quả MU 0-1 Wolves MU tệ nhất 62 năm Mason Mount bị chê tơi tả,Thể thao,Thể thao,Thể thao,True,1.0139236821906759,>=0.50
26763,"Biển số định danh: Sau ngày 15-8, thủ tục mua bán xe cũ thế nào?",Pháp luật,Pháp luật,Xe,False,0.5456392271937436,>=0.50
67172,Lừa đổi vé số giả trúng thưởng ở TP.HCM: Đại lý tiết lộ cách nhận biết,Đời sống,Đời sống,Đời sống,True,0.6842634998389403,>=0.50
173579,"Đề thi, đáp án học kỳ 1 lớp 9 môn Toán của quận Ba Đình",Giáo dục,Giáo dục,Giáo dục,True,0.5615261827841613,>=0.50
205133,"Trẻ nhỏ co giật, viêm não vì cúm A",Sức khỏe,Sức khỏe,Sức khỏe,True,2.264422993723379,>=0.50
10657,Kho tàng của tay máy vàng Lý Thái Dũng,Giải trí,Giải trí,Giải trí,True,1.5972464319611066,>=0.50
262984,"Làm đám cưới ngày càng tốn kém, người trẻ không ngại thu phí khách mời",Đời sống,Đời sống,Đời sống,True,0.5720147029250048,>=0.50
135979,Đại học có còn là ‘tấm vé vàng’ trên thị trường lao động?,Thời sự,Thời sự,Giáo dục,False,0.24919051500720102,0.20–0.30
265185,"Sau khi 'cao tay' xử lý cô bồ của chồng, tôi nhận ra sự thật đau đớn",Đời sống,Đời sống,Giải trí,False,0.1497143270911886,0.10–0.20
204949,Nhóm phụ nữ dàn cảnh quay clip 'nóng' tống tiền ông lão 70 tuổi,Pháp luật,Pháp luật,Pháp luật,True,0.7919346670082509,>=0.50
47667,"‘Hyundai Santa Fe giảm giá dưới 900 triệu đồng, giờ lại thấy xe đẹp’",Xe,Xe,Xe,True,0.6543415128856385,>=0.50
57725,Microsoft tung bản vá cuối cùng trước khi ngừng hỗ trợ Windows 10,Khoa học công nghệ,Khoa học,Khoa học,True,0.43354989066558247,0.30–0.50
117918,Chim cánh cụt được tìm thấy cách nơi ‘tẩu thoát’ đến 30 km,Thế giới,Thế giới,Khoa học,False,0.6606040605903001,>=0.50
221624,Kết quả bóng đá futsal Việt Nam 14-0 Brunei - Giải futsal Đông Nam Á 2024,Thể thao,Thể thao,Thể thao,True,1.7612178932230693,>=0.50
121478,Đội tàu chiến Nga-Trung phối hợp tuần tra Thái Bình Dương,Thế giới,Thế giới,Khoa học,False,0.2587103620233065,0.20–0.30
146422,"Sedan hạng B đắt đỏ nhất Việt Nam lộ diện, giá bán cả tỉ đồng",Xe,Xe,Xe,True,0.4072724539451641,0.30–0.50
143259,"Skoda Kushaq lắp ráp Việt Nam, cạnh tranh Mitsubishi Xforce",Xe,Xe,Xe,True,0.23222641505858355,0.20–0.30
119384,"Ông Trump công bố 5 loại tiền ảo vào danh sách dự trữ chiến lược, có bitcoin",Thế giới,Thế giới,Kinh doanh,False,0.2888156672554321,0.20–0.30
63267,Nhân viên ngân hàng làm lộ dữ liệu người dùng,Khoa học công nghệ,Khoa học,Kinh doanh,False,0.2190886628068221,0.20–0.30
203494,"Dự án Bạch Mai, Việt Đức cơ sở 2 Xử lý tiền lãi từ 145 tỷ nhà thầu gửi tiết kiệm",Pháp luật,Pháp luật,Kinh doanh,False,0.23706007713748384,0.20–0.30
106776,Số doanh nghiệp thành lập mới lập kỷ lục,Kinh doanh,Kinh doanh,Kinh doanh,True,2.1049469788961246,>=0.50
222840,Indonesia nhập tịch 2 cầu thủ Hà Lan đấu tuyển Việt Nam,Thể thao,Thể thao,Thể thao,True,1.6999152260108976,>=0.50
171777,Chi Pu gây sốt khi song ca cùng Huỳnh Hiểu Minh chào năm mới,Giải trí,Giải trí,Giải trí,True,1.4860427175507551,>=0.50
204588,Đại án đăng kiểm: Ký tự bí ẩn trên các phiếu theo dõi,Pháp luật,Pháp luật,Pháp luật,True,0.8533244890643075,>=0.50
96597,Có nên để giáo viên chủ nhiệm thu tiền học sinh đầu năm?,Giáo dục,Giáo dục,Giáo dục,True,1.949836329322946,>=0.50
96754,Vì sao phụ huynh cho con học thêm?,Giáo dục,Giáo dục,Giáo dục,True,1.372342720082317,>=0.50
118734,Đột phá khoa học mở ra khả năng liên lạc với người ngoài hành tinh,Thế giới,Thế giới,Khoa học,False,1.51424444107777,>=0.50
203434,Giám đốc công ty xây dựng lừa đảo chiếm đoạt tiền của nhà đầu tư rồi bỏ trốn,Pháp luật,Pháp luật,Pháp luật,True,0.6494324786618816,>=0.50
173584,Trường học Hà Nội hạn chế tổ chức hoạt động ngoài trời khi rét đậm,Giáo dục,Giáo dục,Giáo dục,True,0.9999019168927782,>=0.50
68930,Người dân An Giang rủ nhau ngắm hào quang quanh mặt trời: Cẩn thận khi quan sát!,Đời sống,Đời sống,Khoa học,False,0.06877268711256013,<0.10
37024,Sốc với chấn thương khủng khiếp của cầu thủ Ghana,Thể thao,Thể thao,Thể thao,True,1.532220098072294,>=0.50
31657,"Vợ chồng ngủ riêng, đừng nghĩ đơn giản là chuyện sở thích!",Sức khỏe,Sức khỏe,Sức khỏe,True,0.05311831297218106,<0.10
83280,"Lâm Hùng gặp sự cố trong show thực tế, bỏ tiền túi tặng trẻ mồ côi",Giải trí,Giải trí,Giải trí,True,0.19010568339843692,0.10–0.20
211241,Nguy cơ ung thư từ việc ăn các loại hạt bị mốc ngày Tết,Sức khỏe,Sức khỏe,Sức khỏe,True,0.7523777903767973,>=0.50
61746,Keysight công bố máy phân tích mạng tầm trung đầu tiên,Khoa học công nghệ,Khoa học,Khoa học,True,0.9094984764781714,>=0.50
136769,"Truy tìm người xóa biển chỉ dẫn giao thông, xịt sơn quảng cáo chữa hen suyễn",Thời sự,Thời sự,Khoa học,False,0.18053964665849842,0.10–0.20
48554,"Ford Ranger Wildtrak mạnh hơn với động cơ V6 bổ sung, giá quy đổi 1,06 tỉ đồng",Xe,Xe,Thời sự,False,0.05117396817113329,<0.10
35954,Tỉ phú Elon Musk tuyên bố 'tất tay' cho ông Trump trong bầu cử Mỹ,Thế giới,Thế giới,Thế giới,True,0.5298408777066813,>=0.50
225250,Kết quả bóng đá U20 Iran vs U20 Australia | U20 Châu Á 2023,Thể thao,Thể thao,Thể thao,True,1.645825275836974,>=0.50
2886,Hướng dẫn đăng ký nguyện vọng vào lớp 10 chuyên ở TP.HCM,Giáo dục,Giáo dục,Giáo dục,True,1.8669306912381385,>=0.50
192400,"Đặc quyền vay mua nhà với lãi suất từ 5,5% cho khách hàng cao cấp TPBank",Kinh doanh,Kinh doanh,Kinh doanh,True,1.830255699983037,>=0.50
232977,Leicester giải cứu Harry Maguire khỏi MU,Thể thao,Thể thao,Thể thao,True,0.4659374151492136,0.30–0.50
209116,"Bì lợn rẻ như cho có tác dụng phòng ung thư, ngăn lão hóa",Sức khỏe,Sức khỏe,Sức khỏe,True,0.9796409252014701,>=0.50
114641,Chương trình tư vấn sức khỏe,Sức khỏe,Sức khỏe,Sức khỏe,True,0.21140557661407033,0.20–0.30
242137,"Vụ xe tải chở đất ‘xé rào' vào cao tốc, sa thải nhân viên nhận tiền để mở lối",Thời sự,Thời sự,Pháp luật,False,0.21590448331130385,0.20–0.30
182854,Cách đăng ký giấy khai sinh online nhanh nhất năm 2025,Khoa học công nghệ,Khoa học,Pháp luật,False,0.06579988459004604,<0.10
147050,"Lái ô tô đổ đèo chạy số ‘D’ không an toàn, liệu có đúng?",Xe,Xe,Xe,True,0.3346293306542225,0.30–0.50
232452,Kết quả bóng đá Pháp 1-0 Hy Lạp - Vòng loại Euro 2024,Thể thao,Thể thao,Thể thao,True,0.8673171489610738,>=0.50
36037,Ông Trump muốn can thiệp việc ra quyết định của Fed,Thế giới,Thế giới,Kinh doanh,False,0.28387650650278445,0.20–0.30
3422,Đăng ký nguyện vọng lên hệ thống xét tuyển cần lưu ý gì?,Giáo dục,Giáo dục,Giáo dục,True,1.668987014052358,>=0.50
203829,Mưu đồ sát hại tài xế xe ôm để thoả mãn cơn nghiện,Pháp luật,Pháp luật,Pháp luật,True,0.8679634595476262,>=0.50
156949,Dịu dàng màu nắng tập 23: Nghĩa đứng hình khi thấy Xuân gần gũi với sếp Phong,Giải trí,Giải trí,Giải trí,True,0.10439996210335062,0.10–0.20
58506,Apple nói gì khi bị phát hiện làm sai thông số iPad Air M2,Khoa học công nghệ,Khoa học,Khoa học,True,0.6603840222220887,>=0.50
179184,Phổ điểm thi đánh giá tư duy của ĐH Bách khoa Hà Nội năm 2024,Giáo dục,Giáo dục,Giáo dục,True,1.2860894595766097,>=0.50
26172,15 tuổi có được đứng tên trên giấy chứng nhận quyền sử dụng đất?,Pháp luật,Pháp luật,Pháp luật,True,0.8100693258899346,>=0.50
188000,Loạt sản phẩm hấp dẫn từ triển lãm thành tựu khoa học và công nghệ Việt Nam,Khoa học công nghệ,Khoa học,Khoa học,True,0.44933827726212716,0.30–0.50
220482,"HAGL rơi tự do ở V-League, ông Vũ Tiến Thành hết phép",Thể thao,Thể thao,Thể thao,True,1.1536118093198593,>=0.50
37376,Vụ Malaysia nhập tịch cầu thủ trái phép có diễn biến bước ngoặt,Thể thao,Thể thao,Thể thao,True,1.0052987528259751,>=0.50
101662,"Trường quốc tế đóng cửa, học sinh bị 'đẩy ra đường': Công an vào cuộc điều tra",Giáo dục,Giáo dục,Giáo dục,True,0.9792452139419464,>=0.50
214590,Sát nhân đội lốt thợ làm bánh và chuỗi án mạng bí ẩn ở Alaska,Thế giới,Thế giới,Pháp luật,False,0.903097723627743,>=0.50
241779,Tài xế đi chậm ở làn ngoài cùng bên trái có thể bị phạt tiền,Thời sự,Thời sự,Xe,False,0.42013548653028654,0.30–0.50
254758,3 đời xe Mazda6 không nên chọn khi mua xe cũ tại Mỹ,Xe,Xe,Xe,True,0.7249860277461966,>=0.50
256226,"Chị em 'chịu chi', mua cành thị lúc lỉu quả về cắm, bừng sáng cả góc phòng",Đời sống,Đời sống,Đời sống,True,0.13383448506841356,0.10–0.20
48513,BYD sẽ tung những mẫu xe và cạnh tranh phân khúc nào tại Việt Nam?,Xe,Xe,Xe,True,0.873136531625481,>=0.50
57802,Windows 11 chiếm gần 30% tổng số máy tính Windows,Khoa học công nghệ,Khoa học,Kinh doanh,False,0.09752654193820909,<0.10
48369,"Mazda CX-5 2025 thêm bản giá rẻ, vẫn nhiều trang bị tốt",Xe,Xe,Xe,True,0.21012134544154926,0.20–0.30
213749,Nam thanh niên suýt mất 'cậu nhỏ' vì tự tiêm filler tăng kích cỡ,Sức khỏe,Sức khỏe,Sức khỏe,True,1.4441559770635788,>=0.50
30355,"7,7% dân số Việt Nam bị vô sinh, hiếm muộn",Sức khỏe,Sức khỏe,Giáo dục,False,0.11014311789677472,0.10–0.20
240259,Cầu Nhơn Trạch thuộc Vành đai 3 TPHCM thông xe kỹ thuật trước lễ 30/4,Thời sự,Thời sự,Kinh doanh,False,0.08623303357949719,<0.10
132587,"Hai nữ sinh đi học rồi mất liên lạc, gia đình trình báo công an",Thời sự,Thời sự,Giáo dục,False,0.20153348689800277,0.20–0.30
157159,Cha tôi người ở lại tập 28: Nguyên giật mình khi thấy Đại định hôn An,Giải trí,Giải trí,Giải trí,True,0.05323312453225354,<0.10
187659,iPhone 17 Pro Max hé lộ 2 chi tiết đặc biệt quan trọng,Khoa học công nghệ,Khoa học,Khoa học,True,0.9566376618504864,>=0.50
264626,"Bán sạch tài sản về sống với con trai, mẹ chết lặng khi bị 'đuổi' khỏi nhà",Đời sống,Đời sống,Đời sống,True,0.7404621080092857,>=0.50
204495,Nữ cựu cán bộ công an nhận thầu thi công PCCC cho quán karaoke An Phú,Pháp luật,Pháp luật,Pháp luật,True,0.7814915641957079,>=0.50
70123,Tìm thấy bé trai 5 tuổi đi lạc ở bến Bạch Đằng nhờ cuộc gọi của bạn đọc Báo Thanh Niên,Đời sống,Đời sống,Đời sống,True,0.17405359475662746,0.10–0.20
14505,Thanh Duy nói hết với Cuộc hẹn cuối tuần; Diễn viên đóng thế Chu Vĩ qua đời ở tuổi 37,Giải trí,Giải trí,Giải trí,True,1.1932848703322838,>=0.50
96881,Bộ GD-ĐT: Dạy trước lớp 1 là phản khoa học,Giáo dục,Giáo dục,Giáo dục,True,1.868568366017502,>=0.50
232011,Erik ten Hag ra tối hậu thư cho Harry Maguire rời MU,Thể thao,Thể thao,Thể thao,True,0.2740121287324841,0.20–0.30
114856,Giáo sư Hiệp sĩ Jonathan Van Tam đến Việt Nam trao đổi về y khoa,Sức khỏe,Sức khỏe,Sức khỏe,True,0.4928261232428177,0.30–0.50
5567,"Thêm lựa chọn chuẩn tiếng Anh mới cho học sinh, sinh viên",Giáo dục,Giáo dục,Giáo dục,True,1.6603672999432684,>=0.50
132353,Độc đáo trụ sở UBND phường Sài Gòn cổ hơn nhà thờ Đức Bà ở TP.HCM,Thời sự,Thời sự,Kinh doanh,False,0.011099340339480568,<0.10
123638,"'Buổi tiệc cảm xúc' EURO 2024 đã đến gần, TV360 có những thay đổi nào?",Thể thao,Thể thao,Thể thao,True,1.0251226490029843,>=0.50
5023,"4 tân thủ khoa Trường ĐH Bách khoa TP.HCM: Hành trình của đam mê, nỗ lực và kỷ luật",Giáo dục,Giáo dục,Giáo dục,True,2.6437797314161346,>=0.50
170286,Cuộc sống của Diệp Lệ Nghi 'Bến Thượng Hải' ở tuổi 75,Giải trí,Giải trí,Giải trí,True,1.3342365540699093,>=0.50
174219,Sẽ cấp chứng chỉ hành nghề để ngăn các ‘nhà giáo tự xưng’,Giáo dục,Giáo dục,Giáo dục,True,1.5847244870294885,>=0.50
135795,Khẩn trương khắc phục hậu quả mưa bão,Thời sự,Thời sự,Thời sự,True,0.13719498322528534,0.10–0.20
143228,3 mẫu xe máy nhập khẩu giá cả trăm triệu đồng vừa cập bến Việt Nam,Xe,Xe,Xe,True,0.47138667379230614,0.30–0.50
248953,Động cơ siêu nạp trên ô tô: Cuộc đua mã lực một thời bùng nổ rồi lụi tàn,Xe,Xe,Khoa học,False,0.6634409167508166,>=0.50
184868,Cuộc đua tàu cao tốc toàn cầu: Hàn Quốc áp sát Trung Quốc với EMU-370,Khoa học công nghệ,Khoa học,Khoa học,True,0.3777101403125168,0.30–0.50
265652,"Tâm sự của nàng dâu du học, nhà giàu khi lấy chồng",Đời sống,Đời sống,Đời sống,True,0.3270431134068409,0.30–0.50
210104,Đi cấp cứu sau 10 phút tự uống thuốc chữa viêm đường tiết niệu,Sức khỏe,Sức khỏe,Sức khỏe,True,1.8714732687614652,>=0.50
3286,"Yêu cầu thí sinh hủy xác nhận nhập học trường khác, Học viện Hàng không nói gì?",Giáo dục,Giáo dục,Giáo dục,True,1.9049503728608637,>=0.50
96523,Chỉ đạo mới nhất của UBND TP.HCM sau khi lãnh đạo Apax Leaders bị bắt,Giáo dục,Giáo dục,Giáo dục,True,0.34798222101760223,0.30–0.50
94091,'Triển Chiêu' Hà Gia Kính xác nhận đã có vợ con,Giải trí,Giải trí,Giải trí,True,1.498271375516433,>=0.50
131635,Sôi động với những cuộc 'đụng độ' giáp Tết Quý Mão,Thể thao,Thể thao,Giáo dục,False,0.18423843102572612,0.10–0.20
170904,IB Group Vietnam lọt top 10 thương hiệu mạnh châu Á,Giải trí,Giải trí,Kinh doanh,False,0.5172356484570074,>=0.50
41752,Bảng xếp hạng Euro 2024: Romania và Slovakia đứng đầu bảng E,Thể thao,Thể thao,Thể thao,True,0.6980985076143111,>=0.50
74427,Thanh Niên và tôi: Viết tiếp hành trình trưởng thành,Đời sống,Đời sống,Đời sống,True,0.5532297079217551,>=0.50
157184,Cái bắt tay của VTV với Đài truyền hình quốc gia Trung Quốc,Giải trí,Giải trí,Giải trí,True,0.30290642505512494,0.30–0.50
176923,Những điều gì khiến hội phụ huynh bị 'tẩy chay'?,Giáo dục,Giáo dục,Giáo dục,True,1.0450743593318559,>=0.50
160697,Trao học bổng và 100 cuốn sách 'Con đường tương lai' cho Quỹ học bổng Vừ A Dính,Giải trí,Giải trí,Giáo dục,False,1.1829952147773728,>=0.50
156548,Phương Oanh khóc sưng mắt ở hậu trường tập phim gây bão trên VTV,Giải trí,Giải trí,Giải trí,True,1.1919284597147657,>=0.50
61266,Huawei tiếp tục đánh bại Apple trên mặt trận mới tại Trung Quốc,Khoa học công nghệ,Khoa học,Kinh doanh,False,1.0569240521967496,>=0.50
66801,Đề xuất không được bán mèo con trước 8 tuần tuổi: Bác sĩ thú y nói gì?,Đời sống,Đời sống,Đời sống,True,0.18759722737604217,0.10–0.20
183030,Tân Quang trong hành trình hướng tới “xã thông minh”,Khoa học công nghệ,Khoa học,Kinh doanh,False,0.21544697734222484,0.20–0.30
53660,Người dùng Trung Quốc hối hận vì mua kính AI Xiaomi,Khoa học công nghệ,Khoa học,Khoa học,True,0.7805424107864609,>=0.50
231692,Lịch thi đấu bóng đá hôm nay 5/10/2023: Nóng bỏng Europa League,Thể thao,Thể thao,Thể thao,True,1.1364700278705004,>=0.50
165033,"Ca sĩ Lâm Hùng U50 tiết lộ tài sản sau 30 năm ca hát, biết ơn bà xã kín tiếng",Giải trí,Giải trí,Giải trí,True,1.134912197733322,>=0.50
210356,Thuốc điều trị tay chân miệng đã về đến TP.HCM sau hơn 2 năm khan hiếm,Sức khỏe,Sức khỏe,Sức khỏe,True,1.1115374457472946,>=0.50
108019,"Giả mạo cơ quan thuế cập nhật thông tin miễn, giảm thuế để lừa đảo",Kinh doanh,Kinh doanh,Kinh doanh,True,0.6376121034299719,>=0.50
121090,Mỹ đưa vũ khí tầm xa đến Đức từ năm 2026,Thế giới,Thế giới,Thế giới,True,0.22230536872667034,0.20–0.30
173137,Hiệu trưởng tường trình việc gửi ảnh nhạy cảm vào nhóm của nhà trường,Giáo dục,Giáo dục,Giáo dục,True,0.13378750930054462,0.10–0.20
31680,"Loại ung thư 'hiểm' ở quý ông gia tăng, dấu hiệu nhận biết thế nào?",Sức khỏe,Sức khỏe,Sức khỏe,True,1.3515710013886046,>=0.50
3198,Chấn chỉnh công tác tuyển sinh văn bằng 2 của Trường đại học Kinh doanh và Công nghệ Hà Nội,Giáo dục,Giáo dục,Giáo dục,True,1.8172745258678025,>=0.50
113017,SeABank tăng 173 bậc trong bảng xếp hạng FAST500,Kinh doanh,Kinh doanh,Kinh doanh,True,1.9862542489862398,>=0.50
26189,Làm thế nào để nhận được tiền bồi thường khi người vi phạm đã đi tù?,Pháp luật,Pháp luật,Pháp luật,True,0.7636711518773073,>=0.50
178236,Danh sách trường đại học ở Hà Nội đã nhận hồ sơ xét tuyển năm 2025,Giáo dục,Giáo dục,Giáo dục,True,1.9414709130216274,>=0.50
203902,Bắt đối tượng lừa 'chạy án' để chiếm đoạt tài sản của nhiều người,Pháp luật,Pháp luật,Pháp luật,True,0.8496292074592828,>=0.50
26219,"Vay tiền bị giữ căn cước công dân, đòi được không?",Pháp luật,Pháp luật,Pháp luật,True,0.22394719355917775,0.20–0.30
73666,Nữ sinh ngồi xe lăn quyết trở lại trường viết tiếp ước mơ,Đời sống,Đời sống,Giáo dục,False,0.3000109193947015,0.30–0.50
251446,"Cả gan đi gần voi rừng, xe tải bị vật ngửa như món đồ chơi",Xe,Xe,Khoa học,False,0.047164036414593435,<0.10
119907,Nhiều nước sẽ phải 'thắt lưng buộc bụng' giữa khủng hoảng nợ?,Thế giới,Thế giới,Kinh doanh,False,0.38350604598678406,0.30–0.50
23593,"Vén màn vụ một người nợ thuế gần 159 tỉ đồng, bà Võ Thị Ngọc Phượng là ai?",Kinh doanh,Kinh doanh,Kinh doanh,True,1.1159887394672738,>=0.50
185367,Mời đấu giá “băng tần vàng” 2500 MHz - 2600 MHz cho 5G,Khoa học công nghệ,Khoa học,Kinh doanh,False,0.7884624791264018,>=0.50
27703,"Dấu hiệu bất ngờ chỉ điểm bệnh thoát vị đĩa đệm, thoái hóa cột sống cổ nguy hiểm",Sức khỏe,Sức khỏe,Sức khỏe,True,1.4039669116557016,>=0.50
205930,Cảnh giác ‘bệnh tử 24 giờ’ đe dọa người lớn tuổi,Sức khỏe,Sức khỏe,Sức khỏe,True,1.571541806938554,>=0.50
250672,"Siêu xe Lamborghini Huracan gặp nạn và cháy rụi trên cao tốc, tài xế tử vong",Xe,Xe,Thời sự,False,0.17439995142995368,0.10–0.20
248124,Kim Long Motor xuất khẩu 1.000 xe buýt cho doanh nghiệp vận tải Thái Lan,Xe,Xe,Kinh doanh,False,1.0412316917132558,>=0.50
121319,Ukraine nói phi công đang 'chết mòn' vì chờ tiêm kích Mỹ,Thế giới,Thế giới,Thế giới,True,0.2962420267278917,0.20–0.30
203994,"Bị phạt hàng trăm triệu đồng vì quên khai thuế, có được xin giảm và trả dần?",Pháp luật,Pháp luật,Kinh doanh,False,0.16390081352159241,0.10–0.20
201428,Những phi vụ buôn lậu vàng vào Việt Nam gây chấn động,Kinh doanh,Kinh doanh,Kinh doanh,True,0.0859385864173654,<0.10
49198,"Dây dò thử điện 2 đầu kẹp cá sấu rất nhiều hàng giả, tiềm ẩn nhiều rủi ro",Xe,Xe,Khoa học,False,0.06652430389826869,<0.10
71401,Chú rể cùng dàn máy xúc sang nhà gái rước dâu khiến dân mạng thích thú,Đời sống,Đời sống,Đời sống,True,0.7531718844897813,>=0.50
213752,Dấu hiệu bất thường chỉ điểm nguy cơ ung thư dương vật,Sức khỏe,Sức khỏe,Sức khỏe,True,1.5082075774856647,>=0.50
181773,EVNGENCO1 đặt mục tiêu vượt kế hoạch sản lượng điện năm 2024,Khoa học công nghệ,Khoa học,Kinh doanh,False,1.1540394092136106,>=0.50
175795,Gia đình có 3 người tham gia Đường lên đỉnh Olympia,Giáo dục,Giáo dục,Giáo dục,True,0.9794219066944354,>=0.50
68651,Gia đình vượt qua biến cố nhờ quyết định từ 17 năm trước,Đời sống,Đời sống,Kinh doanh,False,0.09414687500533803,<0.10
135495,Phát triển khoa học công nghệ và chuyển đổi số để đưa đất nước phát triển,Thời sự,Thời sự,Khoa học,False,0.16919648355885597,0.10–0.20
89382,Sao phim 'Harry Potter' Emma Watson bị cấm lái xe trong 6 tháng,Giải trí,Giải trí,Giải trí,True,0.285399695002429,0.20–0.30
137203,Trao 8 mái ấm tình thương cho phụ nữ nghèo tỉnh Bình Định,Thời sự,Thời sự,Kinh doanh,False,0.29662157702380515,0.20–0.30
4118,Trường đại học Bà Rịa - Vũng Tàu công bố thông tin tuyển sinh năm 2024,Giáo dục,Giáo dục,Giáo dục,True,2.751864393812154,>=0.50
248270,Chiếc xe biển ngoại giao sang trọng nhưng giá chỉ 300 triệu gây sốt mạng xã hội,Xe,Xe,Xe,True,0.7715387937288906,>=0.50
99310,Sớm đưa giáo dục sở hữu trí tuệ vào nhà trường,Giáo dục,Giáo dục,Giáo dục,True,1.8614622255885451,>=0.50
194955,"Cổ phiếu điện tăng ‘nóng’, chủ tịch gom mua triệu cổ",Kinh doanh,Kinh doanh,Kinh doanh,True,2.70087442965427,>=0.50
24725,VIB - Ngân hàng tích cực đổi mới trong lĩnh vực thẻ tín dụng,Kinh doanh,Kinh doanh,Kinh doanh,True,0.7096840906004473,>=0.50
104688,Người làm công ăn lương nộp thuế thu nhập cá nhân ra sao?,Kinh doanh,Kinh doanh,Kinh doanh,True,0.7423762620673885,>=0.50
67856,Cả trăm xe máy đi trên vỉa hè đường Hồ Văn Huê... cùng nhau 'dính' phạt nguội,Đời sống,Đời sống,Xe,False,0.25438431796682937,0.20–0.30
62786,Teky nhận đầu tư 10 triệu USD từ vòng gọi vốn Series A,Khoa học công nghệ,Khoa học,Giáo dục,False,0.7305138387299431,>=0.50
27050,Vụ án mạng 25 năm vẫn chưa ngã ngũ: Đình chỉ từ năm 2001 nhưng bị can không hề biết?,Pháp luật,Pháp luật,Pháp luật,True,0.7168912388975014,>=0.50
173601,Bế mạc Hội nghị AUN-QA IC: định hướng mới cho phát triển giáo dục đại học ASEAN,Giáo dục,Giáo dục,Giáo dục,True,1.4551441241003271,>=0.50
176829,Bé trai 8 tháng tuổi tử vong bất thường tại điểm giữ trẻ tự phát ở Bình Dương,Giáo dục,Giáo dục,Pháp luật,False,0.43388557213574064,0.30–0.50
205593,Dấu hiệu ung thư buồng trứng khi ăn uống cảnh báo bệnh ở phụ nữ,Sức khỏe,Sức khỏe,Sức khỏe,True,1.3353539268419836,>=0.50
189437,"Thương vụ Sabeco sau 8 năm: Khoản đầu tư giảm 3,7 tỷ USD",Kinh doanh,Kinh doanh,Kinh doanh,True,2.658757925553885,>=0.50
30471,"Chó nhà cắn người, nhiều di chứng nặng nề",Sức khỏe,Sức khỏe,Sức khỏe,True,1.3471324940190441,>=0.50
74103,"Giữa tiếng pháo hoa rợp trời đón 2023, người dân TP.HCM chúc nhau ‘năm mới bình an!’",Đời sống,Đời sống,Đời sống,True,0.13171388117782,0.10–0.20
132987,Xe đưa đón công nhân rời hiện trường sau tai nạn chết người ở Gia Lai,Thời sự,Thời sự,Thời sự,True,0.31519275120896995,0.30–0.50
242849,"Tổ công tác đặc biệt xử lý nồng độ cồn xuống đường: ‘Không xin, khỏi can thiệp'",Thời sự,Thời sự,Thời sự,True,0.2362077091294471,0.20–0.30
25572,Hôm nay tưng bừng khai mạc lễ hội Không tiền mặt 2024 tại phố đi bộ Nguyễn Huệ,Kinh doanh,Kinh doanh,Kinh doanh,True,0.8752972772678205,>=0.50
256729,Văn khấn mùng 1 hằng tháng chuẩn theo truyền thống,Đời sống,Đời sống,Đời sống,True,0.1684984546120052,0.10–0.20
118121,"Thời gian trôi nhanh hơn trên sao Hỏa, làm khó sứ mệnh đưa người tới",Thế giới,Thế giới,Khoa học,False,1.6518765035690697,>=0.50
14040,Trần Bách Lâm và chồng Giả Tịnh Văn bị bắt vì nghi ngờ trốn nghĩa vụ quân sự,Giải trí,Giải trí,Giải trí,True,0.38279815252073546,0.30–0.50
121739,Chiến sự Ukraine ngày 1.312: Chiến thuật 'ngàn nhát cắt' của Nga,Thế giới,Thế giới,Thế giới,True,0.37803028149565454,0.30–0.50
264825,"Về nhà sớm không thấy con, tôi đến trường đón thì phát hiện chuyện bực mình",Đời sống,Đời sống,Giải trí,False,0.3548839842931839,0.30–0.50
11359,Fast X 'ngớ ngẩn và lố bịch từ đầu đến cuối',Giải trí,Giải trí,Giải trí,True,1.5968372714086039,>=0.50
205600,Q&A: Phương pháp tầm soát ung thư đại trực tràng hiệu quả,Sức khỏe,Sức khỏe,Sức khỏe,True,0.6680016006096814,>=0.50
204578,Cựu phó chủ tịch UBND huyện ở Cần Thơ gây thiệt hại hàng tỷ đồng,Pháp luật,Pháp luật,Pháp luật,True,0.20531717683696665,0.20–0.30
177239,FPT Schools phát động giải chạy ủng hộ xây trường vùng cao,Giáo dục,Giáo dục,Giáo dục,True,1.4511620711040625,>=0.50
30441,Tái tạo bàn tay từ 2 ngón chân cho người phụ nữ bị chấn thương phức tạp,Sức khỏe,Sức khỏe,Sức khỏe,True,1.0522821961024822,>=0.50
44560,Đừng để đường về Cà Mau... còn xa lắm,Thời sự,Thời sự,Kinh doanh,False,0.13427230078799357,0.10–0.20
17539,Cẩn thận phần mềm quảng cáo tấn công smartphone,Khoa học công nghệ,Khoa học,Khoa học,True,0.3758082870635378,0.30–0.50
251246,Xe tập lái lững thững vượt đèn đỏ cắt ngang dòng phương tiện đông đúc ở ngã tư,Xe,Xe,Thời sự,False,0.05313441563531873,<0.10
21254,"Signify Việt Nam đồng hành, bảo trợ trẻ mồ côi vì COVID-19",Kinh doanh,Kinh doanh,Đời sống,False,0.05453904450511593,<0.10
118175,"Bắt hành khách mở cửa thoát hiểm, trèo xuống máy bay Jetstar ở Úc",Thế giới,Thế giới,Khoa học,False,0.13012788458231356,0.10–0.20
17288,Google ‘đọc vị’ bạn như thế nào mỗi lần tìm kiếm?,Khoa học công nghệ,Khoa học,Khoa học,True,0.7251426227193078,>=0.50
203569,"Đi hát Karaoke thiếu tiền, bị chủ quán ép viết giấy vay nợ và giữ ô tô",Pháp luật,Pháp luật,Pháp luật,True,0.6758606392525883,>=0.50
31867,Kiến ba khoang có độc tính mạnh tấn công nhiều khu dân cư,Sức khỏe,Sức khỏe,Xã hội,False,0.0210962856925051,<0.10
257902,"Tình trăm năm tập 197: Mẹ chồng quá hà khắc, nàng dâu đau khổ nghĩ quẩn",Đời sống,Đời sống,Đời sống,True,0.809519321107848,>=0.50
91222,Vì sao Long Nhật từ chức chủ tịch hội đồng giám khảo 2 cuộc thi?,Giải trí,Giải trí,Giải trí,True,1.461578426678491,>=0.50
27168,Từ vụ cảnh sát giao thông Bàn Cờ đạp ngã người vi phạm: Mức độ nào thì được dùng vũ lực?,Pháp luật,Pháp luật,Pháp luật,True,0.24675430866277548,0.20–0.30
2986,"Bộ GD-ĐT 'chốt' quy chế tuyển sinh đại học 2025: Bỏ xét tuyển sớm, quy đổi điểm tương đương",Giáo dục,Giáo dục,Giáo dục,True,2.457529476976153,>=0.50
203904,"Kẻ giả đơn thân lừa tình, tiền nhiều phụ nữ ở Hà Nội",Pháp luật,Pháp luật,Pháp luật,True,0.3296307415613644,0.30–0.50
35559,Hỏa ngục Hawaii,Thế giới,Thế giới,Thời sự,False,0.05629994734395766,<0.10
97627,"Sau trễ hẹn hoàn học phí, Apax Leaders hứa trả 'nhỏ giọt' đến hết năm 2025",Giáo dục,Giáo dục,Giáo dục,True,0.5555794052489282,>=0.50
70434,Tử vi hằng ngày - Xem tử vi vui 12 con giáp ngày 2.2.2024,Đời sống,Đời sống,Khoa học,False,0.06393808169458193,<0.10
60390,Apple không cho ứng dụng Twitter đổi tên thành X,Khoa học công nghệ,Khoa học,Khoa học,True,0.559337999303026,>=0.50
94732,"Sáng nay, khoảng 96.000 thí sinh TP.HCM kiểm tra thông tin cá nhân thi lớp 10",Giáo dục,Giáo dục,Giáo dục,True,0.7318672229979117,>=0.50
215103,Hình ảnh thế giới đón chào Năm mới 2025,Thế giới,Thế giới,Thời sự,False,0.01029370255437878,<0.10
193901,Lãi suất ngân hàng 6/12/2023: Một nhà băng giảm mạnh lãi suất kỳ hạn ngắn,Kinh doanh,Kinh doanh,Kinh doanh,True,0.8469486561116206,>=0.50
125756,"Ronaldo bị từ chối cơ hội vàng vượt Messi, Son Heung-min gieo sầu cho đội chủ nhà Mỹ",Thể thao,Thể thao,Thể thao,True,1.5668152569411613,>=0.50
27144,"Vụ cặp đôi giật hoa đêm Valentine: Hành động nguy hiểm, coi chừng vi phạm pháp luật",Pháp luật,Pháp luật,Pháp luật,True,0.8268426371330259,>=0.50
203598,Bắt băng nhóm chuyên trộm xe máy ở khắp TPHCM,Pháp luật,Pháp luật,Pháp luật,True,1.0281836254655954,>=0.50
17088,"AWS, CloudFlare là gì mà mỗi lần 'sập' khiến cả cộng đồng mạng dậy sóng?",Khoa học công nghệ,Khoa học,Kinh doanh,False,0.23031813806198276,0.20–0.30
204725,Vợ cựu Giám đốc CDC Hải Dương phải vay lãi nộp khắc phục vụ Việt Á,Pháp luật,Pháp luật,Pháp luật,True,1.148728202692495,>=0.50
228475,MU và Ruben Amorim giải cứu Kolo Muani,Thể thao,Thể thao,Thể thao,True,0.6472517127319548,>=0.50
226822,"Donnarumma mắng PSG, Luis Enrique giải thích loại Người nhện",Thể thao,Thể thao,Thể thao,True,1.2238645779045534,>=0.50
255844,"Người phụ nữ Ninh Bình 11 năm hiến máu 91 lần, nhớ mãi phút cứu người lạ",Đời sống,Đời sống,Đời sống,True,0.3236500876459759,0.30–0.50
158963,Chi Pu biểu diễn trực tiếp trên sóng VTV1 đúng đêm Giáng sinh,Giải trí,Giải trí,Giải trí,True,0.7684820922797294,>=0.50
142717,Hải quân kiểm tra bắn đạn thật trên biển,Thời sự,Thời sự,Thời sự,True,0.10488479927008221,0.10–0.20
165068,"NSƯT Kim Tuyến U40 quyến rũ, tự tin khoe dáng bên đàn em kém chục tuổi",Giải trí,Giải trí,Giải trí,True,0.912456610840627,>=0.50
205569,Cô gái 22 tuổi phát hiện ung thư tuyến giáp khi đột ngột giảm 6 kg trong 1 tháng,Sức khỏe,Sức khỏe,Sức khỏe,True,1.1596327833830515,>=0.50
13456,Trang phục văn hóa dân tộc Hoa hậu Quốc gia Việt Nam 2024: Không phải trang phục dân tộc,Giải trí,Giải trí,Thời sự,False,0.28566997802573074,0.20–0.30
121679,"Chiến sự tối 1.5: Ukraine phản công tại Bakhmut, Nga lại nã loạt tên lửa",Thế giới,Thế giới,Thế giới,True,0.5848806286395307,>=0.50
163160,"Những mặt khác của Đinh Công Đạt, Lê Thiết Cương, Nguyễn Việt Hà",Giải trí,Giải trí,Giải trí,True,0.19192532726699008,0.10–0.20
217285,"Video quân Ukraine đi xuyên bãi mìn, tiến vào vùng Kursk của Nga",Thế giới,Thế giới,Thế giới,True,0.07680002889014437,<0.10
217558,Nga tung video sân bay quân sự Ukraine ở Dnipropetrovsk bị tấn công tên lửa,Thế giới,Thế giới,Thế giới,True,0.19544758057770262,0.10–0.20
81726,‘Đi giữa trời rực rỡ’ tập 38: Bảo Anh đến làm chủ quán cà phê của Thái,Giải trí,Giải trí,Pháp luật,False,0.015833809387645337,<0.10
100421,Trường ĐH Khoa học Huế đoạt 3 giải Robocon 'Khám phá hoàng thành Huế',Giáo dục,Giáo dục,Giáo dục,True,0.04037639550851785,<0.10
83814,Muôn vàn ưu đãi - Thỏa thích trải nghiệm những trận cầu đỉnh cao cùng SCTV,Giải trí,Giải trí,Thể thao,False,0.9652748606642846,>=0.50
24737,"Nhóm quỹ cổ phiếu hiệu suất cao gấp 4 lần tiền gửi năm 2024, nhưng dài hạn gây bất ngờ",Kinh doanh,Kinh doanh,Kinh doanh,True,1.8085476299031549,>=0.50
218974,"Malaysia có viện binh, mặc áo không số giấu bài đấu U22 Việt Nam",Thể thao,Thể thao,Thể thao,True,1.6200931617254342,>=0.50
69120,Trung thu tối nay xuất hiện siêu trăng cuối cùng 2023: Vì sao gọi là Trăng Ngô?,Đời sống,Đời sống,Khoa học,False,0.9719930454600828,>=0.50
253418,"Top 10 xe bán chậm tháng 9: Ford Explorer 'đội sổ', Suzuki Ciaz lập kỷ lục mới",Xe,Xe,Kinh doanh,False,0.1591419403183263,0.10–0.20
117992,"Phát hiện hành tinh cỡ trái đất, phân nửa là dung nham nóng chảy",Thế giới,Thế giới,Khoa học,False,1.2986928961446935,>=0.50
61309,HP lên kế hoạch sản xuất laptop tại Việt Nam,Khoa học công nghệ,Khoa học,Kinh doanh,False,0.8185478141029853,>=0.50
255423,Mẹo đánh bay vết bẩn cứng đầu trên ô tô bằng bia,Xe,Xe,Đời sống,False,0.16275289758641298,0.10–0.20
60293,Apple tự phá vỡ truyền thống được duy trì suốt 12 năm,Khoa học công nghệ,Khoa học,Khoa học,True,0.45408986745961727,0.30–0.50
65591,"Quán 'cơm nhà giàu' 40 năm ở TP.HCM: Mắc nhất 200.000 đồng/dĩa, bán 2 - 3 tiếng hết sạch",Đời sống,Đời sống,Đời sống,True,0.3662461549950422,0.30–0.50
189823,Tư vấn viên bảo hiểm Manulife được đào tạo kiến thức sức khỏe cộng đồng,Kinh doanh,Kinh doanh,Giáo dục,False,0.6547304119073284,>=0.50
252530,"Các hãng xe Mỹ muốn thoát khỏi phụ thuộc vào Trung Quốc, trừ Ford",Xe,Xe,Kinh doanh,False,0.9488185428138084,>=0.50
85853,Thanh Thảo bật khóc vì cậu bé 13 tuổi đứng trước nỗi lo mồ côi,Giải trí,Giải trí,Sức khỏe,False,0.08636641893818908,<0.10
61021,"Chuẩn USB-C chưa đủ, châu Âu muốn làm lại cả bộ sạc",Khoa học công nghệ,Khoa học,Khoa học,True,0.35500486922755237,0.30–0.50
103070,Thi tốt nghiệp THPT 2023: Xem gợi ý giải đề thi môn sinh học tại đây,Giáo dục,Giáo dục,Giáo dục,True,1.112818262237063,>=0.50
263422,Quý cô tuổi Dần động lòng trước ông bố đơn thân tại Bạn muốn hẹn hò,Đời sống,Đời sống,Giải trí,False,0.46685657864967456,0.30–0.50
27110,"Khởi tố, bắt tạm giam 2 nghi can giết người bỏ trong vali đưa lên núi phi tang",Pháp luật,Pháp luật,Pháp luật,True,1.1285709263937405,>=0.50
27313,Nước mắt lưng còng,Pháp luật,Pháp luật,Pháp luật,True,0.3203468758768875,0.30–0.50
105847,"Gánh nặng gấp đôi từ lệnh cấm thuốc lá làm nóng, thuốc lá điện tử",Kinh doanh,Kinh doanh,Sức khỏe,False,0.1268537163839114,0.10–0.20
248516,VinFast ra mắt xe buýt điện cỡ nhỏ và xe chuyên chở học sinh,Xe,Xe,Xe,True,0.5911966003206475,>=0.50
144275,"Mercedes 'nhá hàng' AMG C 43 4Matic lắp ráp tại Việt Nam, trình làng trong năm nay",Xe,Xe,Xe,True,0.6299378905059871,>=0.50
6070,Các nước lớn 'ồ ạt' tăng mức chứng minh tài chính du học,Giáo dục,Giáo dục,Giáo dục,True,1.2010415273141775,>=0.50
264876,Ám ảnh mỗi lần về nhà chồng vì chiếc bể xi măng chứa nước,Đời sống,Đời sống,Khoa học,False,0.02236642888004109,<0.10
217688,Video Israel lần đầu sử dụng hệ thống 'Vòm Sắt trên biển' đánh chặn UAV,Thế giới,Thế giới,Thế giới,True,0.3120626490140981,0.30–0.50
36088,Mỹ bắt người đàn ông đe dọa Tổng thống Joe Biden,Thế giới,Thế giới,Thế giới,True,0.6623328459586643,>=0.50
212696,Sự thật về quan điểm 'hành tỏi mọc mầm có độc',Sức khỏe,Sức khỏe,Sức khỏe,True,0.00852555723171522,<0.10
117360,"Tạo hình phẫu thuật thẩm mỹ mắt, hiểu đủ, chọn đúng để có đôi mắt đẹp, khỏe",Sức khỏe,Sức khỏe,Sức khỏe,True,1.621470740822006,>=0.50
178740,Danh sách các trường đại học xét tuyển bổ sung 2024,Giáo dục,Giáo dục,Giáo dục,True,2.430455397441569,>=0.50
11713,Sức mạnh song sinh: Phim hoạt hình 13+ lên sóng,Giải trí,Giải trí,Giải trí,True,0.6757934937779968,>=0.50
12495,"HIEUTHUHAI quán quân, Anh trai say hi dùng tiền thưởng gửi tặng đồng bào chịu mưa lũ sau bão",Giải trí,Giải trí,Giải trí,True,0.6998862798116092,>=0.50
203617,Bắt 4 người đưa hối lộ cho nguyên phó giám đốc ngân hàng ở Vĩnh Long,Pháp luật,Pháp luật,Kinh doanh,False,0.04206682794365346,<0.10
176489,ICAEW và Mazars trao học bổng bồi dưỡng tài năng trẻ cho sinh viên khó khăn,Giáo dục,Giáo dục,Giáo dục,True,1.6205185427852213,>=0.50
170701,Cái khó của Phương Mỹ Chi,Giải trí,Giải trí,Giải trí,True,2.302843306432578,>=0.50
59633,Grab kỷ niệm hành trình 10 năm hoạt động tại Việt Nam,Khoa học công nghệ,Khoa học,Kinh doanh,False,0.36406609550138413,0.30–0.50
144542,"Honda Winner X 2024 cải tiến động cơ, giá từ 46,16 triệu đồng tại Việt Nam",Xe,Xe,Xe,True,0.5744466758278219,>=0.50
73085,Khoảnh khắc xúc động ở bến Bạch Đằng sau màn pháo hoa mãn nhãn tối qua,Đời sống,Đời sống,Giải trí,False,0.23898333074291517,0.20–0.30
143663,10 ô tô giữ giá tốt nhất khi bán lại sau 5 năm đầu sử dụng,Xe,Xe,Xe,True,0.06789816914408231,<0.10
118471,"Vết lóa kép từ mặt trời gây mất vô tuyến sóng ngắn Bắc Mỹ, Thái Bình Dương",Thế giới,Thế giới,Khoa học,False,0.4072081590233569,0.30–0.50
133551,Xe đầu kéo chắn ngang đèo An Khê khiến giao thông ùn tắc,Thời sự,Thời sự,Thời sự,True,0.22722421149350747,0.20–0.30
37819,"Giải bóng đá công nhân, viên chức Việt Nam: 3 năm kiến tạo 'truyền thống'",Thể thao,Thể thao,Thể thao,True,1.1216702359387787,>=0.50
51265,"'Nhồi' 56 người trên ô tô 46 chỗ, tài xế và chủ xe khách bị phạt 102 triệu đồng",Xe,Xe,Xe,True,0.48993687296192423,0.30–0.50
249277,VinFast đầu tư xây dựng cơ sở sản xuất xe điện và pin tại Ấn Độ,Xe,Xe,Kinh doanh,False,1.2757127173070866,>=0.50
35869,Mỹ lạc quan về quan hệ thương mại với Việt Nam sau bầu cử,Thế giới,Thế giới,Kinh doanh,False,0.7971915925666799,>=0.50
27032,Vụ vé số bị rách ở Huế: Tranh cãi về chữ 'hình dạng ban đầu',Pháp luật,Pháp luật,Đời sống,False,0.40660236385914283,0.30–0.50
241753,"Bộ Công an đề xuất camera giám sát giao thông phải nhìn rõ mặt tài xế, biển số",Thời sự,Thời sự,Khoa học,False,0.1612802667050357,0.10–0.20
206538,"Diễn biến vụ bác sĩ nha khoa đánh bệnh nhân, mâu thuẫn từ việc niềng răng",Sức khỏe,Sức khỏe,Sức khỏe,True,0.40992727967289666,0.30–0.50
242218,5 tổ công tác đặc biệt của Công an Hà Nội xuống đường xử lý vi phạm giao thông,Thời sự,Thời sự,Thời sự,True,0.09345420310411956,<0.10
26027,"Nghi ngờ di chúc là giả, cần phải làm gì?",Pháp luật,Pháp luật,Pháp luật,True,0.7793461744642327,>=0.50
116315,Top 3 lý do bạn nên có sản phẩm xịt lành thương HemaCut Spray,Sức khỏe,Sức khỏe,Sức khỏe,True,0.8911475905797177,>=0.50
162108,Sách văn học kinh điển có hình minh họa cuốn hút giới trẻ,Giải trí,Giải trí,Giải trí,True,0.22451404864101393,0.20–0.30
46409,Truy bắt thanh niên vào tiệm photocopy rút dao đâm chủ tiệm,Thời sự,Thời sự,Pháp luật,False,0.41781282579410817,0.30–0.50
102442,Một trường ĐH công bố các tổ hợp môn xét tuyển năm 2025,Giáo dục,Giáo dục,Giáo dục,True,1.332729450355688,>=0.50
138158,Cận cảnh sân bay Long Thành 1 tháng trước ngày đón chuyến bay đầu tiên,Thời sự,Thời sự,Kinh doanh,False,0.2945945109407164,0.20–0.30
191432,"Lãi suất ngân hàng hôm nay 8/1/2025: Tăng mạnh lên 6,8%/năm",Kinh doanh,Kinh doanh,Kinh doanh,True,1.2047936790460665,>=0.50
102090,Thi tốt nghiệp THPT 2025: Xem gợi ý giải đề thi môn hóa học tại đây,Giáo dục,Giáo dục,Giáo dục,True,1.3403906236179939,>=0.50
70274,Tử vi hằng ngày - Xem tử vi vui 12 con giáp ngày 2.12.2023,Đời sống,Đời sống,Đời sống,True,0.20055802776284593,0.20–0.30
165103,Cục trưởng Xuân Bắc: 'Không ít người đang mang các cuộc thi sắc đẹp ra bày bán',Giải trí,Giải trí,Giải trí,True,0.17693612729352948,0.10–0.20
31101,Tại sao đậu đen là thực phẩm bổ sung tuyệt vời?,Sức khỏe,Sức khỏe,Sức khỏe,True,0.7938447916915319,>=0.50
163422,Đại nhạc kịch 'Chuyến tàu huyền thoại' trên sông Sài Gòn,Giải trí,Giải trí,Giải trí,True,0.843812486532477,>=0.50
33224,'Cha đẻ' Apple tự in tiền đô để tiêu xài?,Thế giới,Thế giới,Kinh doanh,False,0.021781541538946847,<0.10
217948,Video Ukraine bắn nổ hàng loạt xe thiết giáp Nga quanh 'chảo lửa' Avdiivka,Thế giới,Thế giới,Xe,False,0.1576368964747923,0.10–0.20
86728,Đời tư ồn ào của An Tây trước lùm xùm liên quan đến ma túy,Giải trí,Giải trí,Giải trí,True,0.5567474583447961,>=0.50
52007,Bộ Tài chính kiến nghị cân nhắc giảm 50% phí trước bạ ô tô trong nước,Xe,Xe,Kinh doanh,False,0.2853433472097549,0.20–0.30
204888,Mở lại phiên tòa hoa hậu Thùy Tiên bị kiện đòi nợ,Pháp luật,Pháp luật,Pháp luật,True,0.29990751006906646,0.20–0.30
64267,Samsung sẵn sàng tung sản phẩm đối đầu Vision Pro,Khoa học công nghệ,Khoa học,Kinh doanh,False,0.14842215946123571,0.10–0.20
252376,"Lái xe trên cao tốc, sao cứ phải 'ôm' làn bên trái cho khổ?",Xe,Xe,Xe,True,0.5150839011170775,>=0.50
50807,Chủ xe BMW X6 đổi lấy xe điện Nissan chỉ sau vài tuần,Xe,Xe,Xe,True,0.5668899567888636,>=0.50
174292,Phút bối rối của hiệu trưởng trường ĐH Sư phạm Hà Nội,Giáo dục,Giáo dục,Giáo dục,True,1.9571376417145792,>=0.50
66754,"Kết quả xổ số Lotto 5/35 Vietlott trưa 1.10, giải độc đắc hơn 12,4 tỉ đồng",Đời sống,Đời sống,Đời sống,True,1.0607649452303436,>=0.50
100487,Vụ thầy giáo hành hung đồng nghiệp: UBND tỉnh chỉ đạo ‘nóng’,Giáo dục,Giáo dục,Giáo dục,True,1.0138058343972036,>=0.50
22627,"Nước sạch, môi trường xanh: Mục tiêu của ngành nước Việt Nam",Kinh doanh,Kinh doanh,Kinh doanh,True,0.30310208561572416,0.30–0.50
228888,Ruben Amorim kéo Goncalo Inacio và Gyokeres về MU,Thể thao,Thể thao,Thể thao,True,0.5855054083129257,>=0.50
244913,Hai người tử vong tại chỗ sau cú tông của xe máy trên quốc lộ,Thời sự,Thời sự,Thời sự,True,0.058692981522742715,<0.10
60696,Thần đồng 14 tuổi sắp làm việc cho tỉ phú Elon Musk,Khoa học công nghệ,Khoa học,Giáo dục,False,0.4860040163173741,0.30–0.50
34767,Không dám chở nhiều võ sĩ sumo trên máy bay thường vì sợ... hết xăng,Thế giới,Thế giới,Khoa học,False,0.2437468817042584,0.20–0.30
22873,Công ty bất động sản nợ thuế khủng vay nợ thành công 1.200 tỉ đồng trái phiếu,Kinh doanh,Kinh doanh,Kinh doanh,True,1.7945801072371996,>=0.50
176268,Hành trình 'điên rồ' chạm tay đến giải Nobel của nữ giáo sư ĐH Stanford,Giáo dục,Giáo dục,Giáo dục,True,0.5559253975869436,>=0.50
173302,Lý do Hàn Quốc đưa sách giáo khoa tích hợp AI vào trường học cho trẻ từ lớp 1,Giáo dục,Giáo dục,Giáo dục,True,3.4049081556465275,>=0.50
258216,"Người đàn ông Hà Nội là con trưởng, sinh 8 con gái: Tôi sướng hơn khối người",Đời sống,Đời sống,Đời sống,True,0.28138044541881957,0.20–0.30
205022,Nhiều bị hại của Công ty Alibaba kháng cáo đòi lại đất,Pháp luật,Pháp luật,Pháp luật,True,0.37292993655936757,0.30–0.50
235410,Tuyển bóng chuyền nữ VN tranh ngôi vô địch với CLB Nga ở VTV Cup,Thể thao,Thể thao,Thể thao,True,0.9249913790742341,>=0.50
25139,"VPBank tiếp tục thăng hạng về giá trị thương hiệu, đạt 1,35 tỉ USD",Kinh doanh,Kinh doanh,Kinh doanh,True,1.8476242291247322,>=0.50
35527,Trung Quốc tiến gần hiện thực hóa 'giấc mơ Bắc Cực',Thế giới,Thế giới,Kinh doanh,False,0.29855054868740916,0.20–0.30
209429,Cặp vợ chồng cứu sống 6.000 người bị rắn cắn chia sẻ điều nên làm,Sức khỏe,Sức khỏe,Sức khỏe,True,1.006788468786057,>=0.50
65539,5 quán ăn nào xuất hiện trên Báo Thanh Niên 'gây sốt' năm 2023?,Đời sống,Đời sống,Đời sống,True,1.0459119995113024,>=0.50
28482,Long Châu hợp lực giảm gánh nặng tử vong và tàn phế do đột quỵ,Sức khỏe,Sức khỏe,Sức khỏe,True,0.4626808990455658,0.30–0.50
44950,Hết lỗi tại trời,Thời sự,Thời sự,Đời sống,False,0.015356431149594507,<0.10
70095,"Nữ sinh bỏ nhà đi để lại giấy 'con đi chơi ít ngày rồi về, gia đình đừng tìm'",Đời sống,Đời sống,Pháp luật,False,0.016985669764499,<0.10
254984,Tìm hiểu về cửa kính chỉnh điện,Xe,Xe,Khoa học,False,0.0416226176836344,<0.10
179922,Điểm sàn xét tuyển các trường thuộc đại học Đà Nẵng năm 2023,Giáo dục,Giáo dục,Giáo dục,True,1.2195174555940775,>=0.50
59550,Trojan ngân hàng Anatsa lây nhiễm 19 triệu máy Android qua ứng dụng giả mạo,Khoa học công nghệ,Khoa học,Khoa học,True,0.617121626961629,>=0.50
217002,Video UAV Nga bắn nổ lựu pháo Mỹ viện trợ cho Ukraine ở Kupiansk,Thế giới,Thế giới,Thời sự,False,0.09665523750494959,<0.10
178852,Điểm chuẩn Trường ĐH Kinh tế Quốc dân năm 2024 dự kiến sẽ tăng,Giáo dục,Giáo dục,Giáo dục,True,1.0818340847803496,>=0.50
196365,"Đăng ký bảo hộ sở hữu trí tuệ mất vài năm, DN đành làm ở nước ngoài",Kinh doanh,Kinh doanh,Kinh doanh,True,2.0859153108219077,>=0.50
26954,"Xe quá niên hạn sử dụng hoặc quá hạn đăng kiểm, nếu bị phát hiện sẽ xử lý thế nào?",Pháp luật,Pháp luật,Pháp luật,True,0.2888603267231855,0.20–0.30
136430,Vụ Công ty C.P bị tố 'bán thịt bẩn': Còn nhiều hình ảnh chưa công bố?,Thời sự,Thời sự,Pháp luật,False,0.5563555472789987,>=0.50
258067,"Tình trăm năm tập 191: Thấy người yêu cũ đã ly hôn, anh bộ đội 'cưa' lại từ đầu",Đời sống,Đời sống,Đời sống,True,0.38039180882765034,0.30–0.50
94337,Tài tử 'Điệu cha cha cha làng biển' tổ chức fan meeting tại TP.HCM,Giải trí,Giải trí,Giải trí,True,0.6822885367509437,>=0.50
83634,Lê Khánh: Từng chia tay 4 tháng trước khi quyết định cưới Tuấn Khải,Giải trí,Giải trí,Giải trí,True,0.6227543967155078,>=0.50
120434,"Chiến sự ngày 592: Nga điều thêm lực lượng tới Bakhmut, Ukraine hé lộ cách đối phó?",Thế giới,Thế giới,Thế giới,True,0.6133639551855956,>=0.50
260969,Nước cống đen sì chảy thẳng xuống bãi biển Sầm Sơn là do sự cố,Đời sống,Đời sống,Khoa học,False,0.10928034695414512,0.10–0.20
190869,Vụ sữa bột giả thu lợi 500 tỷ: 3 rủi ro pháp lý phổ biến doanh nghiệp bỏ qua,Kinh doanh,Kinh doanh,Kinh doanh,True,0.14784374569114933,0.10–0.20
128231,Chờ màn trình diễn bùng nổ của U.23 Việt Nam,Thể thao,Thể thao,Thể thao,True,1.5484962351903309,>=0.50
125764,"Sốc: HLV Ten Hag bị sa thải chỉ sau 2 vòng, nhận bồi thường hơn 245 tỉ đồng",Thể thao,Thể thao,Thể thao,True,0.6199920579846441,>=0.50
174351,"Nữ sinh lớp 11 trường chuyên rơi từ tầng 5: Công an vào cuộc, trích xuất camera",Giáo dục,Giáo dục,Giáo dục,True,0.6158357313243481,>=0.50
214544,Lữ đoàn Ukraine tung bộ ảnh người mẫu tạo dáng bên xe bọc thép để tuyển quân,Thế giới,Thế giới,Đời sống,False,0.24076325823866607,0.20–0.30
141740,Không thực hiện tinh giản biên chế đối với những trường hợp nào?,Thời sự,Thời sự,Công đoàn,False,0.14917641825104466,0.10–0.20
137996,Cảnh báo lừa đảo giả mạo cơ quan đăng kiểm yêu cầu đổi tem kiểm định,Thời sự,Thời sự,Pháp luật,False,0.8436290736655166,>=0.50
43478,Giữ nét văn hóa lồng đèn xưa,Thời sự,Thời sự,Thời sự,True,0.02921369525277584,<0.10
204627,Xét xử cựu trung úy công an dùng nhục hình với phạm nhân trong trại tạm giam,Pháp luật,Pháp luật,Pháp luật,True,0.7476296597386832,>=0.50
118373,Hóa giải bí ẩn ngàn năm về ‘sao Giáng sinh’,Thế giới,Thế giới,Khoa học,False,0.6032059421116109,>=0.50
87037,Tổng thống Donald Trump ủng hộ con dâu cũ hẹn hò Tiger Woods,Giải trí,Giải trí,Giải trí,True,0.12166235665804304,0.10–0.20
66102,Độc lạ miền Tây: Bầy ong là khách quen quán tàu hũ nóng Cần Thơ,Đời sống,Đời sống,Đời sống,True,0.20381740304289253,0.20–0.30
96338,Cách chống sốc khi du học Úc thời 'bão giá',Giáo dục,Giáo dục,Giáo dục,True,2.128722974678494,>=0.50
22547,"Giới siêu giàu Việt dốc mạnh tiền vào giáo dục, tuyên bố không vì lợi nhuận",Kinh doanh,Kinh doanh,Giáo dục,False,0.9339469465017972,>=0.50
203433,Triệt phá đường dây cá độ bóng đá 100 tỷ đồng ở Nam Định,Pháp luật,Pháp luật,Pháp luật,True,0.9978033277887508,>=0.50
34369,Hàng xa xỉ 'đói' khách,Thế giới,Thế giới,Kinh doanh,False,1.842153902825343,>=0.50
126139,Kết quả bốc thăm xếp lịch thi đấu giải TNSV quốc tế 2025 - cúp THACO,Thể thao,Thể thao,Thể thao,True,0.8317019780464141,>=0.50
71517,Tử vi hằng ngày - Xem tử vi vui 12 con giáp ngày 22.9.2023,Đời sống,Đời sống,Giải trí,False,0.0405682010106414,<0.10
27413,"Vụ Tân Hoàng Minh: Bị hại đội mưa, bế con nhỏ đến tòa ngóng chờ quyền lợi",Pháp luật,Pháp luật,Pháp luật,True,0.35569000184797883,0.30–0.50
5528,"Trường mầm non không nhận quà ngày 8-3, chỉ nhận ‘cây con có rễ’",Giáo dục,Giáo dục,Giáo dục,True,0.3857165048468172,0.30–0.50
189397,Kim ngạch xuất nhập khẩu Bắc Ninh và Thái Nguyên vượt 200 tỷ USD,Kinh doanh,Kinh doanh,Kinh doanh,True,1.419909634280381,>=0.50
10086,"James Gunn hé lộ dự án sau Superman, cho biết chưa ưng kịch bản Batman",Giải trí,Giải trí,Giải trí,True,1.4407294285991679,>=0.50
227923,"Kết quả bóng đá Bournemouth 1-2 Man City, tứ kết FA Cup",Thể thao,Thể thao,Thể thao,True,1.3814925037218961,>=0.50
39363,2 ngôi sao bóng chuyền Thái Lan may mắn thoát chết ở Nepal,Thể thao,Thể thao,Thể thao,True,0.3732355143813482,0.30–0.50
139087,Bình Dương: Tài xế khổ sở qua ngã tư vì tín hiệu giao thông bất hợp lý,Thời sự,Thời sự,Xe,False,0.14839381121181505,0.10–0.20
118101,"Lầu Năm Góc nói không giấu giếm thông tin về người ngoài hành tinh, công nghệ UFO",Thế giới,Thế giới,Khoa học,False,0.6468874013606414,>=0.50
23683,Thống đốc Nguyễn Thị Hồng được Global Finance xếp hạng A+,Kinh doanh,Kinh doanh,Kinh doanh,True,1.032090329546859,>=0.50
102724,Lưu ý xét tuyển vào khối ngành xã hội nhân văn và sư phạm,Giáo dục,Giáo dục,Giáo dục,True,2.3206363335658406,>=0.50
113128,Cảnh báo mất tiền khi sử dụng các app quản lý chi tiêu,Kinh doanh,Kinh doanh,Kinh doanh,True,0.42289622509665253,0.30–0.50
98183,Thầy cô hạnh phúc - quốc gia hạnh phúc,Giáo dục,Giáo dục,Giáo dục,True,1.5337851841412102,>=0.50
187313,iOS 26.1 mang đến hàng loạt nâng cấp quan trọng trên iPhone,Khoa học công nghệ,Khoa học,Khoa học,True,0.9669454188529695,>=0.50
141199,Người lao động có được nghỉ không lương hay không và cần lưu ý điều gì?,Thời sự,Thời sự,Công đoàn,False,0.7194601969384232,>=0.50
264586,"Con dâu nhảy múa phản cảm trong tiệc cưới, mẹ chồng giận run vội mời khách về",Đời sống,Đời sống,Đời sống,True,0.5994519262416842,>=0.50
69712,Đại lý TP.HCM bán 14 tờ trúng độc đắc xổ số miền Nam ngày 29 tháng 11,Đời sống,Đời sống,Đời sống,True,1.8804427292659516,>=0.50
71392,Bé trai 2 tháng tuổi bị bỏ rơi cùng lời nhắn 'tuổi trẻ bồng bột lỡ dại’,Đời sống,Đời sống,Đời sống,True,0.24013897594881717,0.20–0.30
205704,"Bị đột quỵ khi đi nắn cổ, người phụ nữ được đền bù khoản tiền khổng lồ",Sức khỏe,Sức khỏe,Sức khỏe,True,0.5946734315650648,>=0.50
186310,‘Tám chữ vàng’ trong bảo vệ cơ sở hạ tầng thông tin trọng yếu,Khoa học công nghệ,Khoa học,Kinh doanh,False,0.06428876037524694,<0.10
210808,Cắt bỏ thủ phạm khiến người đàn ông không ‘yêu’ được suốt 3 năm,Sức khỏe,Sức khỏe,Sức khỏe,True,1.0154693755519884,>=0.50
29238,Takeda đem đến giải pháp y tế tiên tiến cho bệnh nhân bệnh hiếm,Sức khỏe,Sức khỏe,Sức khỏe,True,1.422835781804633,>=0.50
203699,8 cựu lãnh đạo Resco gây thất thoát hơn 45 tỷ đồng bị truy tố,Pháp luật,Pháp luật,Kinh doanh,False,0.6675451197485258,>=0.50
50138,"'Chán cảnh chợ cóc mọc giữa đường, lái xe qua rất khó chịu'",Xe,Xe,Xe,True,0.051765026706059813,<0.10
135702,281 đại biểu về dự Đại hội Đảng bộ các cơ quan Đảng TP.HCM,Thời sự,Thời sự,Thời sự,True,0.29141144979147376,0.20–0.30
209776,PGS Nguyễn Lân Hiếu: Xét nghiệm tầm soát ung thư đang được thực hiện 'vô tội vạ',Sức khỏe,Sức khỏe,Sức khỏe,True,1.029579565557536,>=0.50
83139,"Con gái Jude Law diện đồ táo bạo, đọ sắc Rosé (BlackPink) trên thảm đỏ Cannes",Giải trí,Giải trí,Giải trí,True,0.7131744523638275,>=0.50
5947,Giảng viên ĐH Duy Tân đạt Giải A tại giải thưởng Văn học Nghệ thuật 2022,Giáo dục,Giáo dục,Giáo dục,True,0.24285902129311265,0.20–0.30
204542,"'Người yêu nhí' sinh con, thanh niên đi tù dù không phải con mình",Pháp luật,Pháp luật,Pháp luật,True,0.4412176958850548,0.30–0.50
73997,Chủ tiệm vàng chuyển nhầm 115 triệu và hành động bất ngờ của cặp vợ chồng,Đời sống,Đời sống,Kinh doanh,False,0.017806545793387085,<0.10
212595,"Lượng nước nên uống mỗi ngày để giảm cân, đốt cháy mỡ bụng",Sức khỏe,Sức khỏe,Sức khỏe,True,1.7559428044725665,>=0.50
190398,"MSB chuyển địa điểm hoạt động, đổi tên Phòng giao dịch Đồng Xuân",Kinh doanh,Kinh doanh,Kinh doanh,True,1.5992935508159714,>=0.50
18644,Saigon Co.op: Cung ứng hàng hóa cho miền Trung được đảm bảo,Kinh doanh,Kinh doanh,Kinh doanh,True,1.096885769619385,>=0.50
83243,"Đoan Trang: Từng bị người cũ 'cắm sừng', quen một lúc 5 cô",Giải trí,Giải trí,Giải trí,True,0.839599910498198,>=0.50
26214,"Ly hôn, chồng đòi bồi thường tiền nuôi dưỡng con riêng của tôi",Pháp luật,Pháp luật,Pháp luật,True,0.2830329282785453,0.20–0.30
257829,"Lời mẹ nhắn gửi con gái: Đời người như một cái cây, không thể bão to là trốn",Đời sống,Đời sống,Đời sống,True,0.20373019505809453,0.20–0.30
47173,Sáng mai bắt đầu hồi sinh rạch Xuyên Tâm sau hàng chục năm,Thời sự,Thời sự,Kinh doanh,False,0.43729927079029973,0.30–0.50
26307,"Cha mẹ mất giấy đăng ký kết hôn, con đi xin cấp lại được không?",Pháp luật,Pháp luật,Pháp luật,True,0.31163078884451717,0.30–0.50
256798,"'Thánh ăn' 40 tuổi bất ngờ tuyên bố giải nghệ, sống hạnh phúc với 3 con mèo",Đời sống,Đời sống,Đời sống,True,0.21806624580079131,0.20–0.30
120923,Phát hiện sai phạm lớn trong huấn luyện SEAL của Hải quân Mỹ,Thế giới,Thế giới,Giáo dục,False,0.9588018635967825,>=0.50
116345,Phẫu thuật sẹo lồi có hiệu quả không? Làm thế nào để ngăn sẹo lồi tái phát?,Sức khỏe,Sức khỏe,Sức khỏe,True,0.9589957852045157,>=0.50
210477,"Tự đắp lá chữa mụn nhọt dẫn đến bị nhiễm trùng khớp vai, hút ra hơn nửa lít mủ",Sức khỏe,Sức khỏe,Sức khỏe,True,1.9179099740438226,>=0.50
187266,"Súng điện từ Railgun tầm bắn 370km, tốc độ Mach 7, xóa sổ tên lửa trong 6 phút",Khoa học công nghệ,Khoa học,Khoa học,True,1.012874722699027,>=0.50
56707,Assassin's Creed Shadows đã chính thức lộ diện,Khoa học công nghệ,Khoa học,Khoa học,True,0.06586517287328952,<0.10
144348,Crossover cỡ trung: VinFast VF8 chưa đủ sức 'cản bước' Mazda CX-5,Xe,Xe,Xe,True,0.6749985005384571,>=0.50
244939,"Khởi tố, bắt tạm giam 'tổng tài' chỉ đạo đánh người tại quán cà phê ở Hà Nội",Thời sự,Thời sự,Pháp luật,False,1.141892543652908,>=0.50
126724,HLV Kim Sang-sik hé lộ lý do bất ngờ khi không điền tên Trần Thành Trung,Thể thao,Thể thao,Thể thao,True,1.6757887320394806,>=0.50
61824,Giải pháp cải thiện thời lượng pin smartphone lên đến 50%,Khoa học công nghệ,Khoa học,Khoa học,True,1.1279067409833865,>=0.50
242828,Điều tra vụ xe tải tông nam thanh niên ngồi bên đường ở Thanh Hóa,Thời sự,Thời sự,Pháp luật,False,0.6782654470530767,>=0.50
184961,Phi hành gia chỉ huy nhiệm vụ Apollo qua đời ở tuổi 97,Khoa học công nghệ,Khoa học,Khoa học,True,0.3959710112315414,0.30–0.50
29139,"Từ việc một người mẫu bị gãy xương đùi khi chơi pickleball, bệnh viện khuyến cáo gì?",Sức khỏe,Sức khỏe,Sức khỏe,True,0.8577578795176548,>=0.50
116762,Khám phá quy trình skincare ban ngày cùng dược mỹ phẩm PageOne cho làn da khỏe đẹp,Sức khỏe,Sức khỏe,Sức khỏe,True,0.9972996115490588,>=0.50
85463,Kim Xuân khóc nghẹn trước ảo thuật gia thực hiện tâm nguyện của bạn quá cố,Giải trí,Giải trí,Giải trí,True,0.18882019048083698,0.10–0.20
34741,Nguyên nhân phụ nữ Mỹ sống thọ hơn đàn ông gần 6 tuổi,Thế giới,Thế giới,Sức khỏe,False,0.19851189551219095,0.10–0.20
27932,Uống nhiều rượu là nguyên nhân sinh u mỡ khủng hay còn gọi là chứng bệnh 'người gấu',Sức khỏe,Sức khỏe,Sức khỏe,True,2.5720758997176834,>=0.50
228620,"Sao MU để mất bóng 11 lần trong 33 phút, Ruben Amorim bực ra mặt",Thể thao,Thể thao,Thể thao,True,0.9821770387373278,>=0.50
60446,Hàng triệu điện thoại Android cần xóa gấp 19 ứng dụng độc hại này,Khoa học công nghệ,Khoa học,Khoa học,True,0.891085729259559,>=0.50
141926,Xây 'cao tốc' trong lòng dân: Biết cúi xuống và lắng nghe dân,Thời sự,Thời sự,Kinh doanh,False,0.17191683864597407,0.10–0.20
36157,Ông Trump lên tiếng sau khi bị kết tội hình sự: Sẽ chiến đấu tới cùng,Thế giới,Thế giới,Thế giới,True,0.10021567995329367,0.10–0.20
88648,Hoa hậu Yến Nhi: Tôi từng đối diện với nhiều cám dỗ,Giải trí,Giải trí,Giải trí,True,0.16811205986041639,0.10–0.20
114931,"Gợi ý ‘bộ giáp’ bảo vệ da, giúp giảm thâm, nám, tàn nhang hiệu quả",Sức khỏe,Sức khỏe,Sức khỏe,True,1.2855872168186488,>=0.50
204331,GĐ Vàng Phú Cường nhận án vì vận chuyển trái phép qua biên giới 9.500 tỷ đồng,Pháp luật,Pháp luật,Kinh doanh,False,0.19731474584015707,0.10–0.20
26420,Chuyển phần thừa kế cho con ruột có cần người đồng thừa kế đồng ý?,Pháp luật,Pháp luật,Pháp luật,True,0.1083652765746056,0.10–0.20
217615,Video xe chiến đấu Bradley Ukraine bắn nổ xe bọc thép của Nga gần Avdiivka,Thế giới,Thế giới,Xe,False,0.1998416720967553,0.10–0.20
121746,Phổ biến tại chiến trường Ukraine nhưng liệu UAV có sớm 'hết thời'?,Thế giới,Thế giới,Thế giới,True,0.2754046841013085,0.20–0.30
252999,Hãng xe điện Trung Quốc làm showroom bằng tuyết ở châu Âu,Xe,Xe,Xe,True,0.07795690114908188,<0.10
89394,H'Hen Niê đọ vẻ gợi cảm với ‘bông hồng lai’ MLee,Giải trí,Giải trí,Giải trí,True,0.9476087516436268,>=0.50
174734,Ngành giáo dục và những việc ‘khó như dời non lấp bể’,Giáo dục,Giáo dục,Giáo dục,True,1.8950125334428374,>=0.50
240086,"Từ 27/5, tổ chức chạy tàu thẳng từ Hà Nội đến Bắc Kinh",Thời sự,Thời sự,Đời sống,False,0.17827207508152587,0.10–0.20
55898,iOS 17.1 giúp cải thiện pin cho iPhone đời cũ,Khoa học công nghệ,Khoa học,Khoa học,True,0.8785162504583017,>=0.50
250641,"Đỗ ô tô giữa đường để đi mua đồ, nam tài xế còn mỉa mai người nhắc nhở",Xe,Xe,Xe,True,0.3964673550523792,0.30–0.50
183554,"Trả lương hưu, trợ cấp qua tài khoản: An toàn, tiện lợi",Khoa học công nghệ,Khoa học,Công đoàn,False,0.7453692216251846,>=0.50
143855,Nhiều hãng xe thất hứa với dự án ô tô điện giá rẻ vì sợ 'lỗ',Xe,Xe,Kinh doanh,False,0.3688730314348394,0.30–0.50
39048,"Khoảnh khắc 'điên rồ' ở New York Marathon, Kipruto vô địch nhờ hơn đối thủ... 0,03 giây",Thể thao,Thể thao,Thể thao,True,0.3274387702370667,0.30–0.50
81434,4 sao nhí gây chú ý trong phim Việt giờ vàng,Giải trí,Giải trí,Giải trí,True,1.5811460325501505,>=0.50
67022,Độc lạ dãy số 34567 trúng giải 'khủng' xổ số miền Nam: Đại lý nói hiếm gặp,Đời sống,Đời sống,Đời sống,True,1.6912145428858159,>=0.50
25673,"Sáng giảm, chiều bất ngờ tăng lại, chứng khoán đóng cửa cao nhất 7 tuần",Kinh doanh,Kinh doanh,Kinh doanh,True,1.1360641828397116,>=0.50
73735,Đông đúc người dân TP.HCM đi chùa cầu bình an sáng mùng 1 Tết Giáp Thìn,Đời sống,Đời sống,Đời sống,True,0.5165487200616521,>=0.50
265463,"Vừa mua được nhà mới, tôi phải gánh thêm cả gia đình em chồng",Đời sống,Đời sống,Đời sống,True,0.07186053115955582,<0.10
204515,Bị cáo Trương Mỹ Lan đòi 1.000 tỷ đồng từ ông chủ công ty địa ốc Thủ Thiêm,Pháp luật,Pháp luật,Kinh doanh,False,0.5036504494943959,>=0.50
204067,Hồ sơ thực hiện thủ tục đổi giấy phép lái xe bao gồm những giấy tờ nào?,Pháp luật,Pháp luật,Pháp luật,True,0.10428094600900184,0.10–0.20
71567,Tử vi hằng ngày - Xem tử vi vui 12 con giáp ngày 5.10.2024,Đời sống,Đời sống,Đời sống,True,0.06212048381568458,<0.10
69339,"Ngày mai, sao chổi '80.000 năm mới hiện hình' ở gần trái đất nhất",Đời sống,Đời sống,Khoa học,False,0.5445465823431104,>=0.50
236285,Hải Phòng chi 335 triệu đồng tặng thưởng bố con xạ thủ Phạm Quang Huy,Thể thao,Thể thao,Thể thao,True,0.522172135519872,>=0.50
201901,"Loại ớt đắt nhất thế giới, giá nửa tỷ đồng/kg được trồng làm cảnh ở Việt Nam",Kinh doanh,Kinh doanh,Kinh doanh,True,0.05946505156204723,<0.10
65131,ManageEngine cam kết thúc đẩy chuyển đổi số tại Việt Nam,Khoa học công nghệ,Khoa học,Kinh doanh,False,1.0020064709931402,>=0.50
88742,Minh Hằng gặp áp lực trong quá trình nuôi con,Giải trí,Giải trí,Giải trí,True,0.7646321212214284,>=0.50
190056,Một công ty trung gian thanh toán bị Thanh tra NHNN xử phạt,Kinh doanh,Kinh doanh,Kinh doanh,True,1.0153270507932644,>=0.50
204374,Giết người vì lý do không đâu,Pháp luật,Pháp luật,Pháp luật,True,0.418959305870383,0.30–0.50
51669,"Mazda BT-50 2025 ra mắt: Như CX-5 cắt thùng, chờ tái xuất Việt Nam đấu Ranger",Xe,Xe,Khoa học,False,0.20223328422257686,0.20–0.30
156798,Gió ngang khoảng trời xanh tập 5: Nữ thư ký tức điên khi thấy Đăng chăm sóc vợ,Giải trí,Giải trí,Giải trí,True,0.09797947539045493,<0.10
259164,Cuộc hội thoại lúc nửa đêm dài 3 câu và góc khuất của những ông chồng 'chán vợ',Đời sống,Đời sống,Giải trí,False,0.028389611871171838,<0.10
219882,U23 Việt Nam: Mục tiêu hoàn thành và đừng... tiếc nuối,Thể thao,Thể thao,Thể thao,True,0.47593594236346237,0.30–0.50
30101,Không từ bỏ hy vọng khi mắc bệnh ung thư,Sức khỏe,Sức khỏe,Sức khỏe,True,0.41284649272606566,0.30–0.50
116180,Chăm sóc vết thương sau khi khâu: Những điều cần biết và giải pháp hiệu quả,Sức khỏe,Sức khỏe,Sức khỏe,True,0.5294814123191558,>=0.50
12680,Mã Hiểu Đông muốn nổ tung đầu khi tiếp tục phác họa Kẻ sát nhân cô độc,Giải trí,Giải trí,Giải trí,True,1.067338579815864,>=0.50
233558,"Tin bóng đá 11/10: MU ưu tiên Chiesa, Barca chốt Martial",Thể thao,Thể thao,Thể thao,True,0.9605477637154602,>=0.50
160290,"Thanh Sơn cực nhây, trêu tất cả các diễn viên ở đoàn phim",Giải trí,Giải trí,Giải trí,True,1.2823403391833672,>=0.50
206007,Bé gái có thể tự đi lại sau 6 năm được cha mẹ cõng trên lưng,Sức khỏe,Sức khỏe,Sức khỏe,True,1.1281824959455,>=0.50
27249,"Truy tố cựu chủ tịch huyện và cấp dưới cấp ‘sổ đỏ’ sai, gây thiệt hại gần 2 tỉ đồng",Pháp luật,Pháp luật,Thời sự,False,0.07039174250925817,<0.10
244646,"Cách TP.HCM xoay xở, hóa giải dòng xe ùn ứ đi đăng kiểm",Thời sự,Thời sự,Pháp luật,False,0.45762163377962384,0.30–0.50
132139,Người cao tuổi có được hiến tạng?,Thời sự,Thời sự,Sức khỏe,False,0.10075297214376666,0.10–0.20
219517,Xác định 4 đội vào bán kết U17 Quốc gia 2025,Thể thao,Thể thao,Thể thao,True,1.3176400323991275,>=0.50
113998,Đã thực hiện 38 đợt giám sát gia công vàng miếng SJC móp méo,Kinh doanh,Kinh doanh,Kinh doanh,True,1.02217758025665,>=0.50
244945,Thông báo về việc truy tố bị can Lê Trung Khoa,Thời sự,Thời sự,Pháp luật,False,0.4519044696099367,0.30–0.50
95500,"'Bí kíp' cần thiết cho mùa tuyển sinh ĐH 2024 'phủ sóng' nhà sách, sàn điện tử",Giáo dục,Giáo dục,Giáo dục,True,1.617536874613497,>=0.50
260453,"Bí ẩn tập tục đàn ông 'ở cữ' thay vợ, ở trên giường suốt 40 ngày",Đời sống,Đời sống,Giải trí,False,0.17083596233112208,0.10–0.20
32116,Phân tíchÔng Lee khó xóa bỏ hạt nhân ở Triều Tiên,Thế giới,Thế giới,Thế giới,True,0.4138315376574957,0.30–0.50
175193,Bộ GD-ĐT nhất trí việc bỏ thi thăng hạng chức danh giáo viên,Giáo dục,Giáo dục,Giáo dục,True,1.1693167833313254,>=0.50
67285,Dãy số đẹp trúng độc đắc xổ số miền Nam ngày 31 tháng 12,Đời sống,Đời sống,Đời sống,True,1.7918096327724127,>=0.50
84631,NSƯT Hữu Châu: Thăng trầm của 'công tử nhà giàu' và hành trình vượt qua nghèo khó,Giải trí,Giải trí,Giải trí,True,1.0380559859173042,>=0.50
49977,"Chỉ cần lùi, tài xế vẫn chật vật quay đầu xe đường hẹp",Xe,Xe,Xe,True,0.21466943004666827,0.20–0.30
133500,Liên tiếp cứu hộ du khách đuối nước tại bãi biển Nha Trang,Thời sự,Thời sự,Khoa học,False,0.2093283934048964,0.20–0.30
59837,Thông tin về iOS 27 khiến iFan nửa mừng nửa lo,Khoa học công nghệ,Khoa học,Khoa học,True,0.3917528685884599,0.30–0.50
147966,"VinFast VF 6 giá từ 675 triệu đồng, có thể mua pin giá rẻ",Xe,Xe,Xe,True,0.6114892652337108,>=0.50
27393,"Hơn 2.200 cán bộ, giảng viên hệ thống giáo dục Văn Lang xin giảm án cho ông Nguyễn Cao Trí",Pháp luật,Pháp luật,Pháp luật,True,0.6291394846475327,>=0.50
166206,"Diễn viên Trương Phương công khai bạn trai Tây cao 1,90m",Giải trí,Giải trí,Giải trí,True,0.6546165167374779,>=0.50
70158,"Lan tỏa trên mạng xã hội: Chàng trai bỏ phố về quê, kể chuyện cơm nhà mẹ nấu",Đời sống,Đời sống,Đời sống,True,0.5255974085468861,>=0.50
65091,Chuỗi cà phê gần 900 cửa hàng triển khai thanh toán số,Khoa học công nghệ,Khoa học,Kinh doanh,False,1.4168410424963995,>=0.50
242727,Gần 200 kiều bào trải nghiệm tàu Metro Bến Thành- Suối Tiên,Thời sự,Thời sự,Kinh doanh,False,0.15576435259505494,0.10–0.20
213261,Rau xanh và trái cây cần rửa sạch trước khi bảo quản trong tủ lạnh,Sức khỏe,Sức khỏe,Sức khỏe,True,0.6411571018581522,>=0.50
121912,Iran tuyên bố phát triển thành công tên lửa hành trình,Thế giới,Thế giới,Thế giới,True,0.5427163174965437,>=0.50
27376,"Nói lời sau cùng, bà Trương Mỹ Lan khóc nghẹn, sợ không còn gặp lại người thân",Pháp luật,Pháp luật,Pháp luật,True,0.520198531412009,>=0.50
50367,"Toyota Hilux 2026 lộ ảnh thực tế: Nội thất như Prado, có cả bản điện chạy 315km/sạc",Xe,Xe,Xe,True,0.2245513263807677,0.20–0.30
192988,"Giá vàng tiến sát 90 triệu đồng, mua vàng xếp hàng hơn tiếng chưa tới lượt",Kinh doanh,Kinh doanh,Kinh doanh,True,1.4488733089012347,>=0.50
135885,Cứu hộ ngư dân bị cáp tời trên tàu cá đập vào đầu,Thời sự,Thời sự,Thời sự,True,0.5694427548884434,>=0.50
32331,Sóng ngầm đấu đá chính trị ở Hàn Quốc,Thế giới,Thế giới,Thế giới,True,0.6225472031291829,>=0.50
249829,Đại gia Hải Dương sở hữu BMW X5 biển 'sảnh rồng' đẹp nhất Việt Nam giá 10 tỷ,Xe,Xe,Xe,True,0.019666013725594178,<0.10
172449,"Học sinh đạt giải Olympic du học rồi ở lại, cách nào hút người tài trở về?",Giáo dục,Giáo dục,Giáo dục,True,1.739242582930283,>=0.50
259477,"Đêm tân hôn, chồng phát hiện bí mật của vợ",Đời sống,Đời sống,Giải trí,False,0.13836527964321454,0.10–0.20
206310,Chữa cho người bị động kinh 15 năm bằng kỹ thuật lần đầu áp dụng tại Việt Nam,Sức khỏe,Sức khỏe,Sức khỏe,True,1.2140438750918436,>=0.50
30060,Điều trị thành công cho một người đàn ông đau mạn tính suốt 18 năm,Sức khỏe,Sức khỏe,Sức khỏe,True,2.232156515210632,>=0.50
26745,"Trồng răng tại nha khoa, sau đó họ dọn đi mất không trả lại tiền",Pháp luật,Pháp luật,Pháp luật,True,0.44604556443804705,0.30–0.50
7800,"Aespa đối đầu ILLIT, Seventeen và ITZY trở lại đường đua K-pop tháng 10",Giải trí,Giải trí,Giải trí,True,1.1204451772679782,>=0.50
39909,Sinner: 'Giấc mơ của tôi đã trở thành hiện thực',Thể thao,Thể thao,Thể thao,True,1.3151561474939586,>=0.50
251833,"Nhiều đại lý đóng cửa, mô tô phân khối lớn có đang thoái trào tại Việt Nam?",Xe,Xe,Xe,True,0.42846199322867484,0.30–0.50
36180,Tổng thống Biden công bố kế hoạch giảm nợ học phí cho 30 triệu sinh viên Mỹ,Thế giới,Thế giới,Giáo dục,False,0.17842512796512572,0.10–0.20
26747,Tạm nghỉ tư vấn pháp luật dịp lễ 2-9,Pháp luật,Pháp luật,Pháp luật,True,0.7510262543643088,>=0.50
26208,"Kêu gọi ủng hộ người nghèo khó, bệnh nặng bằng tài khoản cá nhân có vi phạm pháp luật không?",Pháp luật,Pháp luật,Pháp luật,True,0.5032028743275104,>=0.50
218104,Video quân Ukraine dùng tên lửa HIMARS phá hủy radar hiện đại của Nga,Thế giới,Thế giới,Khoa học,False,0.18380551147102625,0.10–0.20
7464,Nguyễn Vĩnh Tiến nói Thanh Lam đã hát một cách đầy mê hoặc trong album Cuốn phim,Giải trí,Giải trí,Giải trí,True,1.8711712402328313,>=0.50
207449,"Từ 9 cơ sở bán thuốc giả ở TPHCM, kêu gọi người dân '2 không'",Sức khỏe,Sức khỏe,Sức khỏe,True,0.011010125238258506,<0.10
27459,"Ông Chu Ngọc Anh: Những ngày bị tạm giam rất ân hận, không còn gì biện minh",Pháp luật,Pháp luật,Pháp luật,True,0.47942464187668377,0.30–0.50
187184,"Triều Tiên tung tên lửa Taurus tầm bắn 500km, đạn 500kg xuyên thủng phòng không",Khoa học công nghệ,Khoa học,Thế giới,False,0.42829036612397153,0.30–0.50
262799,"1,5 triệu sinh viên tham gia ‘Lớp học đáp vui’ của Jollibee",Đời sống,Đời sống,Giáo dục,False,0.8094737112052554,>=0.50
203624,"Mạo danh cán bộ ngân hàng lừa đảo hơn 6,5 tỷ đồng",Pháp luật,Pháp luật,Pháp luật,True,0.45574416923409156,0.30–0.50
224244,Vạn Sự: Cầu thủ nữ Việt Nam nhỏ bé nhưng tinh thần chiến đấu rất lớn,Thể thao,Thể thao,Thể thao,True,1.0809843437399633,>=0.50
20652,Việt Nam cần đặt mục tiêu làm 'nhạc trưởng' chuỗi giá trị dệt may trong nước,Kinh doanh,Kinh doanh,Kinh doanh,True,0.973309564086713,>=0.50
215284,"Khoảnh khắc cây khổng lồ đổ ngang đường, đè bẹp hàng loạt ô tô",Thế giới,Thế giới,Đời sống,False,0.12027918880389088,0.10–0.20
204924,Mở lại phiên xét xử Chủ tịch Công ty Alibaba Nguyễn Thái Luyện,Pháp luật,Pháp luật,Pháp luật,True,0.5771370969450242,>=0.50
101720,Bà Rịa- Vũng Tàu: Công bố môn thứ ba thi lớp 10 năm học 2025 - 2026,Giáo dục,Giáo dục,Giáo dục,True,1.191634548528555,>=0.50
112368,Ngân hàng cắt giảm chi phí để giảm lãi suất vay,Kinh doanh,Kinh doanh,Kinh doanh,True,1.420234663571088,>=0.50
145457,Mazda3 bán chạy nhất phân khúc ô tô sedan hạng C tầm giá dưới 900 triệu đồng,Xe,Xe,Kinh doanh,False,0.17936570113190686,0.10–0.20
95214,Tuyển sinh 2023: Lưu ý khi chọn học ngành 'hot',Giáo dục,Giáo dục,Giáo dục,True,1.2338914592565438,>=0.50
54604,"Huawei ra mắt smartphone gập ba, cạnh tranh iPhone 16",Khoa học công nghệ,Khoa học,Khoa học,True,0.6226579924620167,>=0.50
48071,"Xe máy điện Yamaha Neo's giảm tới 15 triệu đồng, giá thực tế ngang Honda Vision chạy xăng",Xe,Xe,Xe,True,0.09164576404171954,<0.10
206336,"2 tác hại khi nhịn ăn sáng, uống cà phê đen giảm cân",Sức khỏe,Sức khỏe,Sức khỏe,True,1.8401144949955492,>=0.50
249408,Nhiều gia đình ở châu Âu gắn bó cả đời với những chiếc ô tô cổ điển,Xe,Xe,Xe,True,0.46085101793412764,0.30–0.50
26753,"Chồng cũ của hơn 40 năm trước đòi ly hôn, phải làm sao?",Pháp luật,Pháp luật,Pháp luật,True,0.3946023534841234,0.30–0.50
29744,"Số ca sởi cao hơn 22,5 lần, nhiều tỉnh, thành khẩn trương tiêm vắc xin",Sức khỏe,Sức khỏe,Sức khỏe,True,0.33473238608089395,0.30–0.50
65162,Màn hình tương tác có AI phục vụ chuyển đổi số giáo dục,Khoa học công nghệ,Khoa học,Khoa học,True,0.23339713075000523,0.20–0.30
36874,Indonesia vận động để cầu thủ nhập tịch được chơi ở SEA Games 33 nhằm đoạt HCV,Thể thao,Thể thao,Thể thao,True,1.6078029452112785,>=0.50
203909,‘Lật mặt’ người đàn ông dùng sổ đỏ giả để lừa đảo 400 triệu đồng,Pháp luật,Pháp luật,Pháp luật,True,0.459332022872827,0.30–0.50
29499,Ngày càng nhiều người trẻ được chẩn đoán mắc ung thư vú,Sức khỏe,Sức khỏe,Sức khỏe,True,0.68061404168748,>=0.50
167420,Mẫu nhí 8 tuổi đạt á hậu quốc tế tại Thái Lan,Giải trí,Giải trí,Giải trí,True,0.005089494254354843,<0.10
238951,Cục CSGT nói về nhiệm vụ của lực lượng CSGT sau khi có camera AI,Thời sự,Thời sự,Khoa học,False,0.47243397919509617,0.30–0.50
226637,"Nhận định bóng đá Israel vs Italia, vòng loại World Cup 2026",Thể thao,Thể thao,Thể thao,True,1.5068859860230421,>=0.50
174068,Bộ GD-ĐT thông tin về việc rà soát văn bằng của ông Vương Tấn Việt,Giáo dục,Giáo dục,Pháp luật,False,0.04447260780581741,<0.10
231797,"MU thua Crystal Palace, báo động đỏ Erik ten Hag",Thể thao,Thể thao,Thể thao,True,1.174229135351309,>=0.50
61460,Smartphone phổ thông realme C65 sắp ra mắt tại Việt Nam,Khoa học công nghệ,Khoa học,Khoa học,True,0.6165192541731614,>=0.50
59598,YouTube ngừng hỗ trợ một số mẫu iPhone và iPad cũ,Khoa học công nghệ,Khoa học,Khoa học,True,0.9149708467860547,>=0.50
71731,Bị tố nhặt được iPhone rồi đòi 9-10 triệu tiền chuộc không thành nên đập nát điện thoại,Đời sống,Đời sống,Pháp luật,False,0.6052021625133481,>=0.50
204169,Vị đại gia ở Hà Nội bị khách mua nhà lừa 'tiền cọc' một cách ngoạn mục,Pháp luật,Pháp luật,Pháp luật,True,0.6427786599330171,>=0.50
124883,Messi trước cơ hội lớn vô địch MLS Cup,Thể thao,Thể thao,Thể thao,True,1.5737953949843817,>=0.50
205960,"Uống rượu hoa quả ngâm, người đàn ông ở Hà Nội loét nặng thực quản tới dạ dày",Sức khỏe,Sức khỏe,Sức khỏe,True,1.7950235378293575,>=0.50
26724,Mẹ đơn thân sinh con thì có lấy họ người khác cho con được không?,Pháp luật,Pháp luật,Pháp luật,True,0.6458992508991398,>=0.50
162902,"Mỹ Linh xúc động, khen ngợi Dương Cầm và Hoàng Thái Phương Giấc mơ Chí Phèo",Giải trí,Giải trí,Giải trí,True,1.7939018773182551,>=0.50
27597,Chúng ta đang 'nạp ni lông' vào cơ thể mỗi ngày?,Sức khỏe,Sức khỏe,Sức khỏe,True,0.007867622338511515,<0.10
47637,Bố tôi đánh giá Lynk & Co 06 được 9 điểm,Xe,Xe,Xe,True,0.6135723405838323,>=0.50
34706,Không gian có mùi gì?,Thế giới,Thế giới,Khoa học,False,1.209565632418279,>=0.50
27416,"Xét xử chủ tịch Tân Hoàng Minh, tòa dựng rạp nghìn chỗ cho bị hại theo dõi",Pháp luật,Pháp luật,Kinh doanh,False,0.5920992766288018,>=0.50
237382,"Cần Thơ triển khai Luật Phòng cháy, chữa cháy và cứu nạn, cứu hộ",Thời sự,Thời sự,Thời sự,True,0.1571795057366029,0.10–0.20
218337,"Xe tăng Ukraine nguỵ trang thành ngôi nhà, chạy băng băng trên đồng",Thế giới,Thế giới,Xe,False,0.02014108385341029,<0.10
54568,Honor mở bán dòng smartphone X9c tại thị trường Việt Nam,Khoa học công nghệ,Khoa học,Khoa học,True,1.120436096028705,>=0.50
6089,Cảnh báo nạn bắt cóc ảo nhắm vào du học sinh ở Úc,Giáo dục,Giáo dục,Pháp luật,False,0.6046146463285087,>=0.50
16318,Tin tức giải trí 12-10: Phản ứng của Ngọc Trinh sau khi bị phạt?,Giải trí,Giải trí,Giải trí,True,1.6455324695651137,>=0.50
96516,"Học sinh trộm cắp tài sản, không thể xem nhẹ",Giáo dục,Giáo dục,Pháp luật,False,0.3214823800347525,0.30–0.50
186200,Mô hình AI mới cho phép tấn công máy tính từ xa thông qua bức xạ điện từ,Khoa học công nghệ,Khoa học,Khoa học,True,1.1913112592815038,>=0.50
48017,"Suzuki Swift 2025 ra mắt tại Việt Nam, giá từ 569 triệu đồng",Xe,Xe,Kinh doanh,False,0.030846713851588492,<0.10
50407,"Hyundai Santa Fe để lộ thay đổi thiết kế gây tranh cãi, có thể thêm bản chạy điện",Xe,Xe,Xe,True,0.2569102768187055,0.20–0.30
186379,Mã độc mã hóa dữ liệu tống tiền LockBit 3.0 tấn công VNDIRECT nguy hiểm thế nào?,Khoa học công nghệ,Khoa học,Kinh doanh,False,0.4250025989291637,0.30–0.50
28005,"Số ca mắc mới COVID-19 gia tăng, Bộ Y tế chỉ đạo khẩn",Sức khỏe,Sức khỏe,Sức khỏe,True,1.026193495836866,>=0.50
21959,Tà áo dài truyền cảm hứng kết nối và mở rộng hợp tác toàn cầu,Kinh doanh,Kinh doanh,Kinh doanh,True,0.405148143365891,0.30–0.50
264333,4 thói quen xấu trong chi tiêu đẩy bạn vào tình trạng nợ nần,Đời sống,Đời sống,Đời sống,True,0.029616811007238897,<0.10
217860,Trung Quốc công bố ảnh tàu sân bay hiện đại nhất,Thế giới,Thế giới,Khoa học,False,0.6919117017396634,>=0.50
236106,Ngành thể thao vinh danh các nhà vô địch Asiad 19,Thể thao,Thể thao,Thể thao,True,0.5547135300256193,>=0.50
205754,Nam sinh tử vong vài tuần sau khi đau nửa đầu và mệt mỏi,Sức khỏe,Sức khỏe,Sức khỏe,True,1.4466003715604177,>=0.50
222199,"VCK U17 QG 2024: HAGL thắng to, Thể Công và Bình Dương cùng thua",Thể thao,Thể thao,Thể thao,True,1.2762553117912363,>=0.50
203548,Hai nguyên cán bộ ngân hàng ở Cần Thơ bị bắt vì nhận hối lộ tiền tỷ,Pháp luật,Pháp luật,Kinh doanh,False,0.05209924250530007,<0.10
93316,Nhạc sĩ Trần Tiến: Tôi tái mặt lúc phát hiện bị ung thư giai đoạn 4,Giải trí,Giải trí,Giải trí,True,1.4768676325403112,>=0.50
134200,Nhiều người cầm gậy truy đuổi xe khách trước Bệnh viện Ung bướu TP.HCM,Thời sự,Thời sự,Pháp luật,False,0.15451981098126172,0.10–0.20
254210,Đấu giá biển số sáng 8/11: Biển sảnh tiến Bắc Ninh giá chỉ 125 triệu đồng,Xe,Xe,Kinh doanh,False,0.19705511390918307,0.10–0.20
42799,"Thâm nhập dịch vụ thám tử tư 'chui' - Kỳ 5: Thuê thám tử, cuối cùng con ghét, chồng giận",Thời sự,Thời sự,Pháp luật,False,0.3101893059869516,0.30–0.50
25102,Doanh nghiệp 'săn lùng' dừa tươi để xuất khẩu qua Trung Quốc,Kinh doanh,Kinh doanh,Kinh doanh,True,1.2443352041173747,>=0.50
33532,"CEO Apple tặng quà đặc biệt cho ông Trump, được miễn thuế 100% nhờ cam kết sản xuất tại Mỹ",Thế giới,Thế giới,Kinh doanh,False,0.7948505977029178,>=0.50
223515,Báo Iraq chỉ ra lý do tuyển Iraq thắng vất vả tuyển Việt Nam,Thể thao,Thể thao,Thể thao,True,0.8865228066129752,>=0.50
182530,Chuyển đổi số trong giải quyết thủ tục hành chính để phục vụ người dân tốt hơn,Khoa học công nghệ,Khoa học,Xã hội,False,0.14207159509300493,0.10–0.20
128616,Golfer nữ 20 tuổi ghi tên vào lịch sử WAAP Championship,Thể thao,Thể thao,Thể thao,True,0.6860229107652897,>=0.50
253218,Top 3 xe SUV được người tiêu dùng Việt Nam mua nhiều nhất hiện nay,Xe,Xe,Xe,True,0.7247887502694955,>=0.50
54953,Người dùng iPhone cũ có nên nâng cấp lên iOS 18?,Khoa học công nghệ,Khoa học,Khoa học,True,0.9224223414219187,>=0.50
221691,"Bị FIFA cấm chuyển nhượng vô thời hạn, HAGL phản pháo",Thể thao,Thể thao,Thể thao,True,0.43065975000852785,0.30–0.50
229920,MU muốn chiêu mộ tiền đạo mới nổi ở EURO 2024,Thể thao,Thể thao,Thể thao,True,1.2144684548776303,>=0.50
71418,Cô gái Pháp sang Việt Nam tìm mẹ trong những ngày giáp Tết Ất Tỵ 2025,Đời sống,Đời sống,Đời sống,True,0.13140597723083947,0.10–0.20
119703,Tài phiệt cảnh báo Nga có thể hết tiền trong năm 2024,Thế giới,Thế giới,Kinh doanh,False,0.6716601809980639,>=0.50
204684,Ông Trần Quí Thanh và 2 con gái chuẩn bị hầu tòa,Pháp luật,Pháp luật,Kinh doanh,False,0.2522728625190942,0.20–0.30
66345,Những thói quen xấu trong nhà bếp nhiều người mắc phải mà không biết,Đời sống,Đời sống,Sức khỏe,False,0.14283205098102542,0.10–0.20
111937,Nâng gói tín dụng ưu đãi thủy sản lên gấp đôi,Kinh doanh,Kinh doanh,Kinh doanh,True,1.0117257422636505,>=0.50
203504,"Danh sách 41 người bị đề nghị truy tố trong vụ án Hậu 'Pháo', Tập đoàn Phúc Sơn",Pháp luật,Pháp luật,Kinh doanh,False,1.0055479155932674,>=0.50
73750,"Hơn 2 tháng sau động đất, người Việt ở Nhật vỡ òa sung sướng được cấp nước lại",Đời sống,Đời sống,Khoa học,False,0.22750448882983942,0.20–0.30
188354,"Startup AI của một 9x được rót 14,3 tỷ USD, Musk hối hận vì chỉ trích ông Trump",Khoa học công nghệ,Khoa học,Kinh doanh,False,0.2632487507585908,0.20–0.30
137990,"Kiến nghị khóa app tài xế, shipper vi phạm",Thời sự,Thời sự,Xe,False,0.1303121373040375,0.10–0.20
204116,Hai cựu phó chánh án bị phạt 3 và 7 năm tù vì nhận hối lộ 'chạy án',Pháp luật,Pháp luật,Pháp luật,True,1.0128153966929156,>=0.50
43202,Màu áo blouse tình nguyện xuyên biên giới,Thời sự,Thời sự,Sức khỏe,False,0.871120491082893,>=0.50
254119,"Đấu giá biển số sáng 5/1: Biển ngũ quý 2 của TP.HCM chốt giá gần 5,4 tỷ đồng",Xe,Xe,Kinh doanh,False,0.07923648105550757,<0.10
26839,"Giao con cho bố mẹ chồng nuôi, giờ muốn quay lại nhưng bố mẹ không đồng ý",Pháp luật,Pháp luật,Đời sống,False,0.268272280375736,0.20–0.30
207575,"5 nhiều, 4 ít để không lo bệnh đái tháo đường",Sức khỏe,Sức khỏe,Sức khỏe,True,1.4416736093963105,>=0.50
27225,Bắt nam nhân viên giao hàng giết nữ đồng nghiệp để cướp của,Pháp luật,Pháp luật,Pháp luật,True,0.7574116157331607,>=0.50
9868,Bạch Tuyết bị chỉ trích quá tàn ác vì gây ô nhiễm môi trường nặng,Giải trí,Giải trí,Giải trí,True,0.29062853491359397,0.20–0.30
204488,Cựu Bí thư Bến Tre Lê Đức Thọ cùng 14 bị can hầu tòa trong vụ Xuyên Việt Oil,Pháp luật,Pháp luật,Kinh doanh,False,0.3408837918198934,0.30–0.50
124597,Derby Merseyside đầy kịch tính và đáng nhớ,Thể thao,Thể thao,Thể thao,True,1.4414716074596043,>=0.50
55213,Nên chọn SIM vật lý hay eSIM khi đi du lịch nước ngoài?,Khoa học công nghệ,Khoa học,Khoa học,True,0.3498745243442155,0.30–0.50
29236,Người nổi tiếng quảng cáo 'lố' sản phẩm: Cứ xin lỗi là xong?,Sức khỏe,Sức khỏe,Sức khỏe,True,0.04762849045952211,<0.10
190255,"Giá vàng biến động mạnh, chuyên gia dự báo diễn biến khó lường sắp xảy ra",Kinh doanh,Kinh doanh,Kinh doanh,True,1.906472230386148,>=0.50
141666,Vụ thương vong ở biển Đỏ: Giải pháp an toàn nào cho thuyền viên Việt?,Thời sự,Thời sự,Kinh doanh,False,0.05112753692017191,<0.10
67014,Xuồng cứu mạng người giữa lũ dữ: Vì sao là gia sản đặc biệt ở thôn Hiệp Đồng?,Đời sống,Đời sống,Đời sống,True,0.014739691551563072,<0.10
29183,"CEO Samsung đột ngột qua đời do ngừng tim, những nguyên nhân có thể dẫn đến bệnh lý tim mạch",Sức khỏe,Sức khỏe,Sức khỏe,True,2.062563306059524,>=0.50
208923,Đi cấp cứu vì những món khoái khẩu,Sức khỏe,Sức khỏe,Sức khỏe,True,1.809078093402209,>=0.50
144002,"Xe côn tay Aveta Marvel 150 'Made in Malaysia', tham vọng cạnh tranh Honda Monkey",Xe,Xe,Xe,True,0.855196356354805,>=0.50
248435,"Người mua ô tô kêu ca một thứ trên xe quá nhỏ, cần điều chỉnh to ra",Xe,Xe,Xe,True,0.21521086985116422,0.20–0.30
30093,Cụ ông nguy kịch vì tai nạn hy hữu 'hóc viên sỏi chậu cây cảnh',Sức khỏe,Sức khỏe,Sức khỏe,True,1.1607275959326167,>=0.50
104584,Thuế thu nhập cá nhân vẫn chỉ 'nắm người có tóc',Kinh doanh,Kinh doanh,Kinh doanh,True,1.6657133582934456,>=0.50
199814,Hải Phòng tìm hướng phát triển du lịch đường thuỷ,Kinh doanh,Kinh doanh,Khoa học,False,0.15810768946384068,0.10–0.20
231419,Lịch thi đấu bóng đá hôm nay 21/11/2023,Thể thao,Thể thao,Thể thao,True,1.2588817314050649,>=0.50
118192,"Lênh đênh trên biển 24 ngày, sống sót được nhờ ăn tương cà",Thế giới,Thế giới,Khoa học,False,0.4194906966575944,0.30–0.50
94193,Blake Lively kiện bạn diễn quấy rối tình dục,Giải trí,Giải trí,Giải trí,True,1.1108005488079873,>=0.50
135713,"Sang nhượng suất đạp xích lô, chèo ghe ở Hội An với giá hàng trăm triệu đồng",Thời sự,Thời sự,Đời sống,False,0.08600395437424568,<0.10
33539,Đan Mạch tính cất kho tượng nàng tiên cá có bộ ngực 'quá căng tròn',Thế giới,Thế giới,Giải trí,False,0.04876526650956958,<0.10
203950,"Bị tuyên án tử hình, ‘dì ghẻ’ hành hạ bé gái xin được giảm án",Pháp luật,Pháp luật,Pháp luật,True,0.48348924454789854,0.30–0.50
254700,3 dấu hiệu cho thấy đã đến lúc bạn nên cân nhắc mua xe mới,Xe,Xe,Xe,True,0.7611003432483329,>=0.50
124502,"Madam Pang bất ngờ làm người mẫu, bán áo phông giúp bóng đá Thái Lan trả nợ",Thể thao,Thể thao,Thể thao,True,0.824427391274623,>=0.50
65670,Đầu bếp Nhật ấn tượng với món Việt: 'Tôi thấy có sự tương đồng giữa 2 nền ẩm thực',Đời sống,Đời sống,Đời sống,True,0.17609299059390277,0.10–0.20
208658,GS Nguyễn Thiện Nhân: Để sinh 2 con cần dạy môn Hạnh phúc học cho người Việt,Sức khỏe,Sức khỏe,Giáo dục,False,0.23220161185100902,0.20–0.30
208946,Người đàn ông bỏng nặng bị sét đánh ngay trong phòng ngủ,Sức khỏe,Sức khỏe,Sức khỏe,True,0.3343056756721023,0.30–0.50
27010,"Làm đồ dùng cho trường, hiệu trưởng vướng vòng lao lý",Pháp luật,Pháp luật,Pháp luật,True,0.15903876875695822,0.10–0.20
68072,CSGT TP.HCM phạt người phụ nữ đi xe điện cân bằng trên cầu Khánh Hội,Đời sống,Đời sống,Xe,False,0.6359032078513678,>=0.50
256172,Vợ chồng son 621: Chàng trai tán đổ nữ DJ xinh đẹp sau 7 ngày gặp liên tục,Đời sống,Đời sống,Giải trí,False,0.5844093687025536,>=0.50
65687,Quán phở ở TP.HCM bán lúc nửa đêm: Vì sao là… 'phở sinh đôi'?,Đời sống,Đời sống,Đời sống,True,0.4290481316463891,0.30–0.50
184571,Dân xã miền núi Nghệ An phấn khởi khi giải quyết thủ tục qua mã QR-Code,Khoa học công nghệ,Khoa học,Kinh doanh,False,0.27833391444807465,0.20–0.30
211781,Một động tác đơn giản tiết lộ khả năng sống thọ,Sức khỏe,Sức khỏe,Sức khỏe,True,0.10791398598141055,0.10–0.20
11879,"Khi Quốc ca vang lên trong Sao nhập ngũ, màn hình rực cờ đỏ sao vàng",Giải trí,Giải trí,Giải trí,True,0.449419955720187,0.30–0.50
120980,Chiến sự Ukraine ngày 1.229 : Văn phòng tuyển quân Ukraine liên tục bị nhắm đến,Thế giới,Thế giới,Thế giới,True,0.30733730241861335,0.30–0.50
146375,"Hoạt động sản xuất tại 14 nhà máy gián đoạn, Toyota thiệt hại hơn 350 triệu USD",Xe,Xe,Kinh doanh,False,0.49900370226789714,0.30–0.50
196697,Cà Mau hưởng ứng Ngày Pháp luật Việt Nam 2024,Kinh doanh,Kinh doanh,Pháp luật,False,0.8469673066249126,>=0.50
73493,"Những đứa trẻ ra đi mãi mãi vì tai nạn giao thông ở TP.HCM: Cha mẹ đau đớn, kiệt quệ vì con",Đời sống,Đời sống,Thời sự,False,0.06849507378178271,<0.10
236312,"Phạm Quang Huy giành HCV Asiad, Phạm Cao Sơn thưởng một... cái ôm",Thể thao,Thể thao,Thể thao,True,0.011323914186583961,<0.10
113720,Giá USD hôm nay 15.3.2024: Đô la Mỹ tự do tăng,Kinh doanh,Kinh doanh,Kinh doanh,True,1.232359306497787,>=0.50
249264,Cảnh sát Dubai mua siêu xe Lamborghini Urus để quảng cáo kích cầu du lịch,Xe,Xe,Xe,True,0.2561252099132581,0.20–0.30
60452,'Miễn dịch không gian mạng' trong ứng dụng IoT,Khoa học công nghệ,Khoa học,Khoa học,True,0.3683974112770882,0.30–0.50
204491,"Cựu tiếp viên hàng không môi giới mại dâm cho người mẫu, hotgirl được giảm án",Pháp luật,Pháp luật,Pháp luật,True,0.5870321806159311,>=0.50
132045,"Đồng Nai trao 13,7 tỉ đồng hỗ trợ Đắk Lắk khắc phục hậu quả lũ lịch sử",Thời sự,Thời sự,Thời sự,True,0.28426245835456787,0.20–0.30
239265,"Nữ Trung tá CSGT chỉ huy bắt xe quá tải trong đêm, tài xế 'than' muốn bỏ nghề",Thời sự,Thời sự,Thời sự,True,0.2898967218104576,0.20–0.30
99482,Nỗi lo bữa ăn bán trú: Cần có các cuộc kiểm tra đột xuất,Giáo dục,Giáo dục,Giáo dục,True,1.1032478287581664,>=0.50
28197,Bộ Y tế: Thu hồi 14 loại mỹ phẩm sản xuất tại Cần Thơ,Sức khỏe,Sức khỏe,Kinh doanh,False,0.5397501196699539,>=0.50
33611,"Con gái út tỉ phú Bill Gates tự mình khởi nghiệp, không nhận xu nào từ cha mẹ",Thế giới,Thế giới,Kinh doanh,False,0.29569412759432395,0.20–0.30
203604,Phó chủ tịch huyện cùng 3 thuộc cấp ở Bình Phước bị bắt,Pháp luật,Pháp luật,Pháp luật,True,0.6011748770960721,>=0.50
212464,Nữ lang - thảo dược quý giúp giấc ngủ vẹn tròn,Sức khỏe,Sức khỏe,Sức khỏe,True,0.6774403710217343,>=0.50
259525,"Mua giống quả siêu đắt từ Hàn Quốc, lão nông miền Tây lãi bộn tiền",Đời sống,Đời sống,Đời sống,True,0.10262096347051342,0.10–0.20
218435,Vũ khí mới nhất của Nga có thể khiến Ukraine thay đổi kế hoạch phản công,Thế giới,Thế giới,Thế giới,True,0.08661414582021898,<0.10
248198,"Kết quả giật mình về xe hybrid sạc điện ngoài PHEV, thêm dòng xe mới thay thế",Xe,Xe,Xe,True,0.3228210390152338,0.30–0.50
204591,Dòng chữ đặc biệt trên phong bì đựng tiền chung chi cho cựu Cục trưởng Đăng kiểm,Pháp luật,Pháp luật,Pháp luật,True,1.2609730268730293,>=0.50
256044,Gia đình Hà Nội nấu 200 bát bún hải sản dành tặng bà con xem duyệt diễu binh,Đời sống,Đời sống,Đời sống,True,0.18740916709131583,0.10–0.20
183639,Bù Đăng lấy người dân là trung tâm đẩy mạnh chuyển đổi số toàn diện,Khoa học công nghệ,Khoa học,Xã hội,False,0.1414140935231416,0.10–0.20
122059,Ukraine hé lộ điều kiện có thể đàm phán với Nga về Crimea?,Thế giới,Thế giới,Thế giới,True,0.7171939466736996,>=0.50
254427,5 bộ phận trên 'xe cỏ' không hỏng cũng sửa để yên tâm vi vu dịp cuối năm,Xe,Xe,Xe,True,0.5267305952264136,>=0.50
181460,Một cửa hàng Apple sẽ đóng cửa vĩnh viễn vào tháng tới,Khoa học công nghệ,Khoa học,Kinh doanh,False,0.40385721089272963,0.30–0.50
38996,Lê Quang Liêm có trận thắng lịch sử tại World Cup cờ vua 2025,Thể thao,Thể thao,Thể thao,True,0.49782507472914084,0.30–0.50
208632,Người đàn ông phải đi cấp cứu lúc tờ mờ sáng vì căn bệnh nhiều người không biết,Sức khỏe,Sức khỏe,Sức khỏe,True,1.6670046100896143,>=0.50
228605,Kết quả bóng đá Barca 0-1 Leganes - La Liga 2024/25 vòng 17,Thể thao,Thể thao,Thể thao,True,1.1841933266714837,>=0.50
127076,"Các đối thủ ít sử dụng cầu thủ nhập tịch, bóng đá Việt Nam đứng đầu Đông Nam Á",Thể thao,Thể thao,Thể thao,True,2.372869667806104,>=0.50
127617,"Vòng 2 V-League: Thời cơ của CLB Nam Định, HAGL khó thoát vị trí đáy bảng?",Thể thao,Thể thao,Thể thao,True,1.6770756456819513,>=0.50
142928,"Đề nghị xây dựng luật Phòng, chống vũ khí hủy diệt hàng loạt",Thời sự,Thời sự,Khoa học,False,0.36850375256043394,0.30–0.50
137349,"Từ 1.3, công an xã, phường, thị trấn hoạt động điều tra như thế nào?",Thời sự,Thời sự,Pháp luật,False,0.9688971362662742,>=0.50
40047,Vì sao Alcaraz chưa thể soán ngôi số 1 thế giới của Sinner?,Thể thao,Thể thao,Thể thao,True,0.7663605095564874,>=0.50
143526,"Suzuki trình làng Gixxer 150 2023, cạnh tranh Honda CB150R",Xe,Xe,Khoa học,False,0.16239658125426298,0.10–0.20
170404,"Bật mí về con trai hài hước, năng động của ca sĩ Trọng Tấn",Giải trí,Giải trí,Giải trí,True,0.4445651596447209,0.30–0.50
27537,Nên ăn bao nhiêu đường mỗi ngày?,Sức khỏe,Sức khỏe,Sức khỏe,True,1.398913660381821,>=0.50
173770,"Đại học đầu tiên công bố thưởng Tết, hiệu trưởng và lao công cùng nhận 25 triệu",Giáo dục,Giáo dục,Giáo dục,True,1.0045685352695097,>=0.50
251617,"Chủ xe sang Porsche sốc với hóa đơn sửa chữa lên tới cả tỷ đồng, sự thật khó ngờ",Xe,Xe,Xe,True,0.17733715969937214,0.10–0.20
69882,Người Hà Nội chen chân mua gà cúng gần triệu đồng/con ngày 30 tết,Đời sống,Đời sống,Kinh doanh,False,0.34910655108417465,0.30–0.50
101648,Cách nào 'hút' sinh viên xuất sắc về cơ quan nhà nước?,Giáo dục,Giáo dục,Giáo dục,True,1.3409620810794594,>=0.50
72194,Bãi thả diều 'cực chill' giữa đồng cỏ xanh ở TP.HCM,Đời sống,Đời sống,Đời sống,True,0.1684828111502552,0.10–0.20
2811,"Sáng nay, gần 4.000 thí sinh bước vào kỳ thi lớp 10 đầu tiên ở TP.HCM",Giáo dục,Giáo dục,Giáo dục,True,1.969646130119652,>=0.50
147923,Ô tô điện hoàn toàn mới của VinFast được hé lộ,Xe,Xe,Xe,True,0.055754375259951694,<0.10
122578,Chiến sự tối 4.4: Nga phản ứng thế nào về việc Phần Lan gia nhập NATO?,Thế giới,Thế giới,Thế giới,True,1.2638749337464226,>=0.50
257140,"Ly hôn 20 năm, biết chồng cũ bị liệt, người vợ quay về làm điều cảm động",Đời sống,Đời sống,Giải trí,False,0.1033309162571745,0.10–0.20
68164,Từ chuyện tự xưng là 'sư thầy Thích Tâm Phúc' đến vòng lao lý: Không chỉ là khoác chiếc áo tu,Đời sống,Đời sống,Pháp luật,False,0.14232517958335195,0.10–0.20
36985,Indonesia 'tranh' HLV với Trung Quốc,Thể thao,Thể thao,Thể thao,True,0.9654979497370582,>=0.50
159305,"Định bỏ thi vì nhà cháy, Trần Anh Tiến giành Quán quân Ngôi sao Bolero",Giải trí,Giải trí,Giải trí,True,0.8056480086377958,>=0.50
260043,Chiếc xe rước dâu phủ kín ảnh trẻ mất tích và câu chuyện xúc động phía sau,Đời sống,Đời sống,Đời sống,True,0.23471599131733323,0.20–0.30
5596,Đại học tổ chức thi thiết kế thiết bị bay không người lái,Giáo dục,Giáo dục,Giáo dục,True,0.17692015563413677,0.10–0.20
60880,Một phút 'rớt mạng' gây thiệt hại ra sao?,Khoa học công nghệ,Khoa học,Kinh doanh,False,0.056945684592037804,<0.10
50488,"Thụy Sĩ: Hủy đăng ký ô tô, có ngay tiền thưởng",Xe,Xe,Kinh doanh,False,0.30886393565351966,0.30–0.50
47461,"Chụp ảnh xe để bán, hãy chụp ngang!",Xe,Xe,Xe,True,0.31173235068142857,0.30–0.50
46746,"Nước sông Hồng chảy xiết, tạm dừng vận hành phà quân sự ở Phong Châu",Thời sự,Thời sự,Thời sự,True,0.18308676984251826,0.10–0.20
27938,"Đau lưng, liệt chân tưởng thoát vị đĩa đệm nào ngờ u cột sống",Sức khỏe,Sức khỏe,Sức khỏe,True,1.4304688157358905,>=0.50
123290,"Lịch thi đấu Copa America 2024 ngày 25.6: Brazil muốn chứng tỏ sức mạnh, Colombia chào sân",Thể thao,Thể thao,Thể thao,True,1.49089159028266,>=0.50
26060,Tài sản chưa xóa thế chấp vay ngân hàng thì có mua bán được không?,Pháp luật,Pháp luật,Pháp luật,True,0.17499683155477908,0.10–0.20
72541,Chủ cửa hàng xe máy cũ TP.HCM sau nửa năm có biển số định danh: Lỗ mấy trăm triệu,Đời sống,Đời sống,Xe,False,0.24110163579987443,0.20–0.30
44800,"Nhà trường ơi, mở sách ra!",Thời sự,Thời sự,Giáo dục,False,0.7838086539987692,>=0.50
114599,Tư vấn sức khỏe: Khớp gối nhân tạo Medial Pivot - Hồi phục tuổi xuân cho khớp,Sức khỏe,Sức khỏe,Sức khỏe,True,0.590619529212081,>=0.50
126318,Tưng bừng khai mạc vòng loại khu vực Nam Trung bộ - Tây nguyên,Thể thao,Thể thao,Thể thao,True,1.236349326163356,>=0.50
182519,Chính quyền địa phương 2 cấp: Sức mạnh chuyển đổi số trong quản lý,Khoa học công nghệ,Khoa học,Thời sự,False,0.04268853193386357,<0.10
239570,Nam thanh niên đi xe máy tử vong sau cú tông đuôi ô tô cứu hộ,Thời sự,Thời sự,Thời sự,True,0.45184612542239366,0.30–0.50
203371,"Hai người đàn ông ở Cần Thơ cho vay 15 tỷ, thu lợi bất chính 3,8 tỷ đồng",Pháp luật,Pháp luật,Pháp luật,True,0.6030732891777868,>=0.50
9350,The Conjuring: Nghi lễ cuối cùng là phim kinh dị có doanh thu mở màn cao nhất lịch sử,Giải trí,Giải trí,Giải trí,True,0.708354491567186,>=0.50
264493,Em út bị mắng té tát vì chồng làm sếp mà giỗ cha không lo nổi 30 mâm cỗ,Đời sống,Đời sống,Đời sống,True,0.1769579686602029,0.10–0.20
28600,EU cảnh báo tình trạng thiếu thuốc đã đến mức kỷ lục,Sức khỏe,Sức khỏe,Sức khỏe,True,0.3867999721863866,0.30–0.50
135334,Gia Lai vận hành thử chính quyền địa phương 2 cấp từ 25.6,Thời sự,Thời sự,Kinh doanh,False,0.3189360491285913,0.30–0.50
228383,Kết quả PSG 4-2 Man City Man City lâm nguy Pep nói điều ngỡ ngàng,Thể thao,Thể thao,Thể thao,True,1.2457809736216539,>=0.50
42382,21-6: Hành trình dấn thân - Xuyên biên giới theo hàng Trung Quốc vào Việt Nam,Thời sự,Thời sự,Kinh doanh,False,0.9698832730844253,>=0.50
107012,Đại sứ Nhật Bản nói gì về vướng mắc kéo lùi tiến độ tuyến metro số 1?,Kinh doanh,Kinh doanh,Kinh doanh,True,0.027354349858122684,<0.10
10633,"Vừa ra mắt, Lật mặt 7 xô đổ ngay kỷ lục của Trấn Thành",Giải trí,Giải trí,Giải trí,True,1.9435564255062836,>=0.50
81995,Nam phụ gây sốt trong bom tấn 'Dune - Hành tinh cát 2' là ai?,Giải trí,Giải trí,Giải trí,True,1.5820244700799213,>=0.50
197422,Khuyến khích các tập đoàn Trung Quốc tham gia các dự án hạ tầng trọng điểm,Kinh doanh,Kinh doanh,Kinh doanh,True,0.850306062854205,>=0.50
83883,"Nhà báo Lại Văn Sâm kể sự cố đáng nhớ, phải bồi thường khi làm 'SV96'",Giải trí,Giải trí,Giáo dục,False,0.06362433891980124,<0.10
168916,"'Bố giám đốc' của Hoa hậu Ý Nhi: Đi cùng 30 người, không dám xem con thi",Giải trí,Giải trí,Giải trí,True,0.1999997781729469,0.10–0.20
200106,"Thu 30 triệu mỗi tháng từ loài cá hiếu chiến, đẹp như 'trang sức Phương Đông'",Kinh doanh,Kinh doanh,Khoa học,False,0.1088204616717397,0.10–0.20
217846,Nga hé lộ hệ thống chống UAV mới giúp bảo vệ xe tăng ở Ukraine,Thế giới,Thế giới,Thế giới,True,0.03631369220138625,<0.10
64762,Một startup AI tại Việt Nam muốn đi trước tầm nhìn của tỉ phú Elon Musk,Khoa học công nghệ,Khoa học,Kinh doanh,False,0.14404082891677217,0.10–0.20
98188,Khả năng phát triển tư duy không chỉ nhờ vào môn toán,Giáo dục,Giáo dục,Giáo dục,True,1.4626679450857138,>=0.50
26319,Giấy khai sinh bị hủy do sai quy định: đăng ký lại hay đăng ký mới?,Pháp luật,Pháp luật,Pháp luật,True,0.38373455777723664,0.30–0.50
213923,Ukraine sắp thua trong cuộc chiến UAV với Nga?,Thế giới,Thế giới,Thế giới,True,0.10909815483993685,0.10–0.20
119553,Thái Lan chào mời dự án xây đường tránh eo biển Malacca 28 tỉ USD,Thế giới,Thế giới,Kinh doanh,False,0.08098084574106362,<0.10
204355,Vụ Vạn Thịnh Phát: Vợ cựu Chủ tịch chứng khoán Tân Việt tới tòa 'đòi' tài sản,Pháp luật,Pháp luật,Pháp luật,True,0.2777818499644654,0.20–0.30
48876,Chi tiết Jaecoo 7 - SUV Trung Quốc bán tại Việt Nam cuối năm nay,Xe,Xe,Xe,True,0.3930634884753185,0.30–0.50
181431,Elon Musk dọa kiện Apple,Khoa học công nghệ,Khoa học,Kinh doanh,False,0.13605983433158675,0.10–0.20
162861,Sân khấu vuông của Liên đoàn Xiếc Việt Nam có gì đặc biệt?,Giải trí,Giải trí,Giải trí,True,0.8364253599594516,>=0.50
116182,Ứng dụng RF vi kim trong điều trị sẹo lõm,Sức khỏe,Sức khỏe,Sức khỏe,True,0.4996464426560804,0.30–0.50
233278,Arsenal chiêu mộ 'sao' Real Madrid miễn phí,Thể thao,Thể thao,Thể thao,True,0.7186148575641355,>=0.50
147227,Đi làn phải nhanh hơn làn trái: Có bị phạt lỗi vượt xe?,Xe,Xe,Xe,True,0.46007417177970267,0.30–0.50
106173,"Doanh nghiệp thực phẩm kêu trời về quy định bổ sung i ốt, sắt, kẽm vào bột mì",Kinh doanh,Kinh doanh,Kinh doanh,True,0.18835833594065082,0.10–0.20
98984,Bí quyết ôn thi tốt nghiệp THPT đạt điểm cao: Hội nhập kinh tế quốc tế,Giáo dục,Giáo dục,Giáo dục,True,1.142902468866271,>=0.50
183498,Hành trang quý để xây dựng công dân số,Khoa học công nghệ,Khoa học,Pháp luật,False,0.10974714046408163,0.10–0.20
38672,"Đánh bại đối thủ Thái Lan, tay vợt Việt Nam đứng trước cơ hội đoạt HCV bóng bàn",Thể thao,Thể thao,Thể thao,True,1.7768145018094756,>=0.50
179768,"Một trường có 891 học sinh xét tuyển đại học thì 212 em đỗ y, dược",Giáo dục,Giáo dục,Giáo dục,True,2.478334422057947,>=0.50
26814,"Viết bài văn 21 trang và bị tấn công, cha mẹ cần làm gì để bảo vệ con?",Pháp luật,Pháp luật,Pháp luật,True,0.7365258720866273,>=0.50
158783,Ca sĩ Minh Quân tiết lộ về diễn viên đóng 'Táo quân 2024',Giải trí,Giải trí,Giải trí,True,1.5657503037222689,>=0.50
184116,"Bí thư 70 tuổi đi từng ngõ, gõ từng nhà, hướng dẫn từng người chuyển đổi số",Khoa học công nghệ,Khoa học,Khoa học,True,0.34797759893551206,0.30–0.50
217309,Giải mã 'vũ khí mới' được Ukraine kỳ vọng thay đổi tình hình xung đột với Nga,Thế giới,Thế giới,Thế giới,True,0.10445044988422442,0.10–0.20
257232,Bà lão ở Hưng Yên 19 năm nuôi bé gái bị bỏ rơi: Một đời thương con người lạ,Đời sống,Đời sống,Đời sống,True,0.6685260069128955,>=0.50
260261,"Cha mẹ sợ virus, giấu 2 con trong trang trại biệt lập suốt nhiều năm",Đời sống,Đời sống,Đời sống,True,0.04766209391458448,<0.10
73757,'Nhà tôi bị vùi lấp rồi' - người đàn ông đi xuyên rừng giúp dân nghẹn ngào giữa tâm lũ,Đời sống,Đời sống,Thời sự,False,0.28677076665423284,0.20–0.30
8883,"Bỏ xa Zootopia 2, Avatar 3 bá chủ phòng vé toàn cầu những ngày cuối năm 2025",Giải trí,Giải trí,Giải trí,True,0.0924813141813372,<0.10
217029,Mỹ hiếm hoi công bố video chiến đấu cơ phóng tên lửa giá rẻ bắn hạ UAV Houthi,Thế giới,Thế giới,Thế giới,True,0.4962079579313732,0.30–0.50
83039,Việt Hương nói gì khi ‘lên chức’ trong phim mới của Khương Ngọc?,Giải trí,Giải trí,Giải trí,True,1.9345005304517464,>=0.50
107350,Việt Nam có thể trở thành 'nồi cơm Thạch Sanh' của thế giới?,Kinh doanh,Kinh doanh,Kinh doanh,True,1.02400649047001,>=0.50
234920,Cựu số 1 cầu lông nữ Việt Nam có bộ sưu tập thời trang riêng,Thể thao,Thể thao,Thể thao,True,0.7364408612653788,>=0.50
261698,"Mẹ đảm chỉ cách 'biến' gà cúng thành món ngon, tránh lãng phí lại giải ngán",Đời sống,Đời sống,Đời sống,True,0.07155774656210384,<0.10
54947,Lừa đảo bằng giọng nói AI tăng mạnh và cách phòng chống,Khoa học công nghệ,Khoa học,Khoa học,True,0.34330087762378364,0.30–0.50
136791,"Đà Nẵng: Nữ sinh lớp 8 bị bạn đánh hội đồng, công an vào cuộc điều tra",Thời sự,Thời sự,Giáo dục,False,0.8859605673483422,>=0.50
188268,Trí tuệ nhân tạo không tha một ai: Đến các CEO cũng có thể bị ‘hất cẳng’,Khoa học công nghệ,Khoa học,Công đoàn,False,0.02998670795553182,<0.10
230000,Dự đoán bóng đá Bỉ vs Romania - bảng E Euro 2024 2h ngày 23/6,Thể thao,Thể thao,Thể thao,True,1.6650922738515344,>=0.50
53716,5 điện thoại Android 'thảm họa' cân nhắc khi mua,Khoa học công nghệ,Khoa học,Khoa học,True,0.8002083956756423,>=0.50
176966,Tâm sự đẫm nước mắt của nữ sinh đỗ đại học bị mẹ cất giấy tờ không cho nhập học,Giáo dục,Giáo dục,Giáo dục,True,0.9301595543370182,>=0.50
94931,Gợi ý giải đề thi lớp 10 môn toán TP.HCM năm 2024,Giáo dục,Giáo dục,Giáo dục,True,1.0074989945805746,>=0.50
38064,Bóng chuyền nữ Thái Lan liên tiếp nhận tin dữ trước thềm SEA Games 33,Thể thao,Thể thao,Thể thao,True,0.8675133345002864,>=0.50
54071,Oppo ra mắt Find X8 series với công nghệ camera Hasselblad,Khoa học công nghệ,Khoa học,Khoa học,True,1.3901349858237135,>=0.50
18340,ARROW ra mắt thị trường thiết bị vệ sinh Việt Nam,Kinh doanh,Kinh doanh,Kinh doanh,True,0.3536255769881891,0.30–0.50
59453,Battlefield 2042 phát triển hệ thống chống hack mới,Khoa học công nghệ,Khoa học,Khoa học,True,0.35894282832267665,0.30–0.50
258100,Căn nhà cấp 4 mẹ con nam sinh bị đánh chấn thương sọ não tá túc khi về Phú Thọ,Đời sống,Đời sống,Sức khỏe,False,0.1907629516642801,0.10–0.20
67560,"Người Hồi giáo ở TP.HCM kết thúc tháng Ramadan, nuối tiếc thời gian trôi qua nhanh",Đời sống,Đời sống,Đời sống,True,0.4733318448258744,0.30–0.50
27213,Khởi tố 4 người mua bán trứng vích Côn Đảo,Pháp luật,Pháp luật,Pháp luật,True,0.053852987658263296,<0.10
256049,Điều bất ngờ phía sau màn cầu hôn nóng nhất buổi sơ duyệt diễu binh 2/9,Đời sống,Đời sống,Đời sống,True,0.3105623821837604,0.30–0.50
97564,"Đà Nẵng: Một điểm trường sạt lở, nguy cơ đổ sập chỉ sau 3 tháng khánh thành",Giáo dục,Giáo dục,Giáo dục,True,0.9788535716044733,>=0.50
5169,ĐH Quốc gia TP.HCM khen 6 sinh viên nhường chỗ ngồi cho các cựu chiến binh trong đại lễ 30-4,Giáo dục,Giáo dục,Giáo dục,True,0.9815479324716697,>=0.50
209546,Bệnh viện Phụ sản Trung ương có giám đốc mới là GS Nguyễn Duy Ánh,Sức khỏe,Sức khỏe,Sức khỏe,True,1.2785467642249784,>=0.50
178118,Đề thi môn Văn vào lớp 10 tỉnh Hà Nam năm 2025 chính thức,Giáo dục,Giáo dục,Giáo dục,True,1.2815408036004876,>=0.50
33968,Những hình ảnh 'biết nói' tại công trình xây dựng siêu đô thị The Line,Thế giới,Thế giới,Khoa học,False,0.184726752812105,0.10–0.20
112029,Giá vàng hôm nay 28.8.2024: Vàng nhẫn phá kỷ lục,Kinh doanh,Kinh doanh,Kinh doanh,True,1.2575666156242047,>=0.50
87483,Mỹ nhân 'Playboy' Pamela Anderson ra sao ở tuổi U.60?,Giải trí,Giải trí,Giải trí,True,1.0709996979360707,>=0.50
39270,Noah Lyles có pha ăn mừng gây sốt khi cân bằng 'siêu kỷ lục' của Usain Bolt,Thể thao,Thể thao,Thể thao,True,0.24530030005355408,0.20–0.30
123684,"Độc lạ: Copa America không đấu hiệp phụ từ vòng knock-out, chỉ có ở trận chung kết",Thể thao,Thể thao,Thể thao,True,1.3364414313838284,>=0.50
187120,"iPhone 18 và Galaxy S26 sẽ lu mờ trước các đối thủ Xiaomi, Oppo, Vivo?",Khoa học công nghệ,Khoa học,Khoa học,True,1.1534954526035417,>=0.50
63875,YouTube sắp có 'chiêu' mới khiến trình chặn quảng cáo bất lực,Khoa học công nghệ,Khoa học,Khoa học,True,0.5286901860261511,>=0.50
21487,Cuộc thi clip ‘50 năm - Tỏa sáng miền Nam’: Ước mơ trở thành công nhân ngành điện,Kinh doanh,Kinh doanh,Kinh doanh,True,0.2867353177152479,0.20–0.30
203463,Khởi tố 6 người tại công ty thu phí dịch vụ xuất khẩu lao động vượt mức,Pháp luật,Pháp luật,Kinh doanh,False,0.3848853625672022,0.30–0.50
193824,Quản dự trữ xăng dầu: Bộ Tài chính nói gì?,Kinh doanh,Kinh doanh,Kinh doanh,True,1.0724987236756056,>=0.50
203922,"Án mạng đại gia ở Nha Trang, lộ tội ác từ vết rạn trên đèn xe Win",Pháp luật,Pháp luật,Pháp luật,True,0.584058053328122,>=0.50
216838,Đam mê chế tạo 'chiến binh bầu trời' chiếm trọn thanh xuân của Gen Z Bắc Giang,Thế giới,Thế giới,Khoa học,False,0.41576421420008414,0.30–0.50
181612,Hành trình 10 năm Xiaomi ghi dấu ấn ở phân khúc cao cấp,Khoa học công nghệ,Khoa học,Kinh doanh,False,0.36485504568380234,0.30–0.50
247357,"Thanh Hóa không còn xã, phường mới đặt tên theo số thứ tự",Thời sự,Thời sự,Thời sự,True,0.1413292882094681,0.10–0.20
30818,Thời của nam giới... tránh thai,Sức khỏe,Sức khỏe,Sức khỏe,True,1.2407410998641195,>=0.50
21500,Thích ứng thuế Mỹ: tăng tiếp cận khách hàng kiều bào,Kinh doanh,Kinh doanh,Kinh doanh,True,2.204330871177001,>=0.50
253748,Loạt xe sang cũ đời sâu hơn 10 năm tuổi rao giá trên 300 triệu đồng,Xe,Xe,Xe,True,0.7634208085688087,>=0.50
232750,"Kết quả bóng đá Milan vs Lazio, vòng 34 Serie A",Thể thao,Thể thao,Thể thao,True,1.834174111188175,>=0.50
33646,"Con gái cựu tổng thống Mỹ Bill Clinton phải trả lại 2,2 triệu USD cho USAID?",Thế giới,Thế giới,Thời sự,False,0.2056045642665873,0.20–0.30
112952,Giá vàng hôm nay 23.12.2025: Vàng tăng lên mức cao kỷ lục,Kinh doanh,Kinh doanh,Kinh doanh,True,1.232549908324478,>=0.50
70253,Bà nội U.90 học tiếng Đức cùng cháu gái,Đời sống,Đời sống,Đời sống,True,0.1747611378623024,0.10–0.20
38378,Võ cổ truyền TP.HCM có chủ tịch liên đoàn mới,Thể thao,Thể thao,Kinh doanh,False,0.00406493122757251,<0.10
211331,"Bộ Y tế: Biến thể phụ XBB xuất hiện ở 70 nước, nguy cơ ca mắc tăng tại Việt Nam",Sức khỏe,Sức khỏe,Sức khỏe,True,0.8871058307429245,>=0.50
31288,"Đón bé trai 1,7kg chào đời từ người mẹ có khối u ác tính",Sức khỏe,Sức khỏe,Sức khỏe,True,1.6393872799001306,>=0.50
145927,Hyundai Santa Fe 2024 có thêm bản giới hạn 500 xe,Xe,Xe,Xe,True,0.05272040620080143,<0.10
88010,Ca sĩ Xuân Định K.Y: Vững chắc nhất thì chỉ tự đứng trên đôi chân mình,Giải trí,Giải trí,Giải trí,True,1.5830545164947432,>=0.50
237319,"Miền Bắc sắp đón không khí lạnh mạnh, Biển Đông khả năng xuất hiện bão",Thời sự,Thời sự,Kinh doanh,False,0.10041469641196066,0.10–0.20
247103,Sở Xây dựng lên tiếng về thông tin 'Hà Nội bị động trong ứng phó ngập lụt',Thời sự,Thời sự,Khoa học,False,0.012858733375301301,<0.10
158293,Tuấn Trần nếm mùi thất bại đầu tiên sau loạt phim thu về nghìn tỷ,Giải trí,Giải trí,Giải trí,True,0.7892342446334647,>=0.50
261070,"Cô gái tiết lộ vị trí ngủ, nửa đêm chàng trai chọc sàn, bước vào nhà",Đời sống,Đời sống,Đời sống,True,0.3880975648182421,0.30–0.50
30578,Nồng độ axit uric bình thường vẫn có thể bị gout,Sức khỏe,Sức khỏe,Sức khỏe,True,2.163187589517496,>=0.50
225211,U20 Việt Nam: Đằng sau sự tiếc nuối,Thể thao,Thể thao,Thể thao,True,0.7676226399633905,>=0.50
65876,Phát hiện thêm trái mít 56 kg: Người ôm phía dưới bị ngã vì quá nặng,Đời sống,Đời sống,Khoa học,False,0.08537153704760958,<0.10
120314,Chia sẻ công nghệ Mỹ - Úc - Anh không như 'quảng cáo'?,Thế giới,Thế giới,Khoa học,False,0.6194331456431189,>=0.50
68796,CSGT TP.HCM chỉ ra những nơi không được dừng xe mặc áo mưa để tránh bị phạt,Đời sống,Đời sống,Xe,False,0.42161980428031526,0.30–0.50
143719,"Xe gia đình cỡ nhỏ: Sức mua sa sút, doanh số Mitsubishi Xpander giảm mạnh",Xe,Xe,Xe,True,0.5368142573120378,>=0.50
216847,Tình báo Ukraine hé lộ thông tin về kho vũ khí nguy hiểm của Nga,Thế giới,Thế giới,Thế giới,True,0.2903843056215219,0.20–0.30
64687,Microsoft liên tục gây áp lực lên người dùng Windows 10,Khoa học công nghệ,Khoa học,Khoa học,True,0.7179052192617479,>=0.50
189072,"Singapore áp loạt ‘nhãn mới’ với hàng hoá, phạt nặng doanh nghiệp không tuân thủ",Kinh doanh,Kinh doanh,Kinh doanh,True,0.39363161758034076,0.30–0.50
230269,Sếp lớn MU lọc ra 4 ứng viên nặng ký thay Ten Hag,Thể thao,Thể thao,Thể thao,True,0.36181324347487365,0.30–0.50
261884,"Độc đáo món cháo mì Quảng Bình, nhồi bột càng kỹ sợi mì càng ngon",Đời sống,Đời sống,Đời sống,True,0.4680600715498149,0.30–0.50
142153,UAV của Quân đội nhân dân Việt Nam,Thời sự,Thời sự,Khoa học,False,0.6007325546571785,>=0.50
216758,"Video tàu chở 750 tấn đạn dược, linh kiện tên lửa cho Houthi bị bắt giữ",Thế giới,Thế giới,Thế giới,True,0.03985887938874316,<0.10
105370,Đường bộ thông thoáng nhờ cao tốc,Kinh doanh,Kinh doanh,Xe,False,0.3418587798334698,0.30–0.50
232974,"Tin chuyển nhượng 4/4: MU đặt cược Harry Kane, Mbappe hứa bạo",Thể thao,Thể thao,Thể thao,True,0.39493536597044754,0.30–0.50
71423,"Mẹo hay cho chị em chọn tôm khô, cá khô ngon và bảo quản được lâu",Đời sống,Đời sống,Đời sống,True,0.3679732334920851,0.30–0.50
179707,Phương án thi tốt nghiệp THPT từ năm 2025 chính thức,Giáo dục,Giáo dục,Giáo dục,True,0.940936929034646,>=0.50
125724,Ronaldo được toàn quyền chọn HLV và cầu thủ cho CLB Al Nassr,Thể thao,Thể thao,Thể thao,True,1.0800643913544743,>=0.50
127039,CLB Công an TP.HCM và HLV Lê Huỳnh Đức tiếp tục đương đầu 'núi lớn',Thể thao,Thể thao,Thể thao,True,1.2874814000717287,>=0.50
26523,"'Cấm dừng cấm đậu' ngay chỗ ở, dừng xe vào nhà bị phạt nguội, đúng hay sai?",Pháp luật,Pháp luật,Pháp luật,True,0.3019635080005312,0.30–0.50
247165,Đến 15h chiều 26/8: Hà Nội còn bao điểm úng ngập?,Thời sự,Thời sự,Xã hội,False,0.10299325204095422,0.10–0.20
246975,"Hiện trường vụ cháy tòa nhà 18 tầng trên phố Thái Hà, Hà Nội",Thời sự,Thời sự,Thời sự,True,0.4188623627378787,0.30–0.50
225864,"Dembele giành FIFA The Best 2025, Messi chấm Mbappe hơn Lamine Yamal",Thể thao,Thể thao,Thể thao,True,0.7309049292603139,>=0.50
252371,"Cạnh tranh gay gắt, xe ô tô điện liên tiếp giảm giá ở Trung Quốc",Xe,Xe,Kinh doanh,False,0.05118761587508014,<0.10
206313,Phút sinh tử của người đàn ông trải qua cơn đau tim giữa ruộng,Sức khỏe,Sức khỏe,Sức khỏe,True,1.4538593208592065,>=0.50
255267,Nguyên nhân và cách sửa chữa cửa kính ô tô bị kẹt,Xe,Xe,Khoa học,False,0.21974361492971217,0.20–0.30
46250,"Người dân đến sớm, đội nắng xuyên trưa, 'giữ chỗ' chờ xem hợp luyện diễu binh, diễu hành",Thời sự,Thời sự,Đời sống,False,0.084377535188085,<0.10
212192,Chăm sóc trước sinh cho thai kỳ nguy cơ cao,Sức khỏe,Sức khỏe,Sức khỏe,True,1.6747629638667254,>=0.50
6929,Taylor Swift lập kỷ lục nữ nghệ sĩ đầu tiên vượt 100 triệu doanh số bán album,Giải trí,Giải trí,Giải trí,True,1.1095388372887331,>=0.50
33014,1 công dân Việt Nam thiệt mạng trong vụ lật phà tại Hàn Quốc,Thế giới,Thế giới,Pháp luật,False,0.2581486041203205,0.20–0.30
108732,Gỡ 'nút thắt' phát triển nông nghiệp hữu cơ,Kinh doanh,Kinh doanh,Kinh doanh,True,0.7794324114903858,>=0.50
189812,Lãi suất ngân hàng hôm nay 3/10/2025:Đồng loạt tăng kỳ hạn 6-36 tháng,Kinh doanh,Kinh doanh,Kinh doanh,True,1.0560698366902859,>=0.50
54496,Apple vạch kế hoạch cho iPhone đến năm 2027,Khoa học công nghệ,Khoa học,Khoa học,True,0.4894932624154413,0.30–0.50
121985,Chiến sự tối 21.5: Câu hỏi lớn ở Bakhmut,Thế giới,Thế giới,Thế giới,True,0.8108454893895867,>=0.50
209934,Bệnh viện tìm người thân của bà cụ vô gia cư tử vong tại TP.HCM,Sức khỏe,Sức khỏe,Sức khỏe,True,1.1877083218382118,>=0.50
118813,Thành viên làm khó liên minh,Thế giới,Thế giới,Thế giới,True,0.24573997765454386,0.20–0.30
210124,Hoàn Mỹ nhận giải thưởng Quản lý bệnh viện châu Á 2023,Sức khỏe,Sức khỏe,Sức khỏe,True,1.224905938633384,>=0.50
263770,Chú chó nhanh trí cứu chủ nhân thoát nạn khi ô tô chạy hơn 100km/h lao tới,Đời sống,Đời sống,Đời sống,True,0.08740687454743423,<0.10
251864,Trung Quốc cảnh báo về công nghệ hỗ trợ lái xe sau tai nạn chết người của Xiaomi,Xe,Xe,Xe,True,0.12581519697030358,0.10–0.20
251744,"Tính năng tiết kiệm xăng nhưng gây ức chế, đa số chủ xe đều muốn vô hiệu hóa",Xe,Xe,Xe,True,0.3566781184883243,0.30–0.50
256050,10 con em trong gia đình có người thân hiến tạng được tri ân,Đời sống,Đời sống,Giáo dục,False,0.46244483922893065,0.30–0.50
125932,Hai cuộc so tài đỉnh cao,Thể thao,Thể thao,Thể thao,True,1.5308922335453699,>=0.50
96184,"Một trường đại học Úc tạm ngưng nhận hồ sơ xin học từ du học sinh, vì sao?",Giáo dục,Giáo dục,Giáo dục,True,2.587462340575142,>=0.50
67994,"CSGT TP.HCM cấm xe đường Nguyễn Huệ, Lê Lợi trong 5 ngày",Đời sống,Đời sống,Xe,False,0.2379733294184978,0.20–0.30
220117,Nhận định Bình Định vs CAHN - V.League 2024/25,Thể thao,Thể thao,Thể thao,True,1.408812170818012,>=0.50
91091,Vợ Tây của Bùi Tiến Dũng nóng bỏng khi trình diễn áo tắm,Giải trí,Giải trí,Giải trí,True,0.2040917350665309,0.20–0.30
139482,Dùng drone tiếp tế nhu yếu phẩm cho tài xế mắc kẹt trên đèo Lò Xo,Thời sự,Thời sự,Xe,False,0.034566871258474796,<0.10
104767,Giải bài toán quá tải sân bay,Kinh doanh,Kinh doanh,Kinh doanh,True,1.1825201273699342,>=0.50
129666,"Huyền thoại TDDC Simone Biles ngã ở chung kết, mất luôn huy chương Olympic: Chuyện khó tin",Thể thao,Thể thao,Thể thao,True,0.05236742655103138,<0.10
30035,"Ứng dụng thiết bị thông minh cảnh báo nguy cơ sức khỏe, kết nối với bác sĩ gia đình",Sức khỏe,Sức khỏe,Sức khỏe,True,0.17959733216868806,0.10–0.20
187243,Galaxy S26 Ultra: Samsung trang bị những gì cho flagship mở màn năm 2026?,Khoa học công nghệ,Khoa học,Khoa học,True,1.1995203175383073,>=0.50
147065,Lần đầu mua ô tô: Những dòng xe cơ bản nên biết để lựa chọn,Xe,Xe,Xe,True,0.9542473016888952,>=0.50
37181,Quả bóng vàng Việt Nam lần thứ 30 chờ SEA Games 33,Thể thao,Thể thao,Thể thao,True,1.1088865114718875,>=0.50
83379,Phan Đinh Tùng: Cả nhà tôi đều ưng Ngọc Bích sau vài lần gặp mặt,Giải trí,Giải trí,Giải trí,True,0.7762689738765218,>=0.50
222513,VFF đình chỉ thi đấu 5 cầu thủ Hà Tĩnh nghi sử dụng chất cấm,Thể thao,Thể thao,Thể thao,True,0.5240274556423128,>=0.50
115610,Top 10 kem trị nám của Mỹ được tín đồ skincare review hiệu quả tận gốc,Sức khỏe,Sức khỏe,Sức khỏe,True,0.6814838416754604,>=0.50
31809,Cảnh báo bệnh ban xuất huyết Schonlein - Henoch gây biến...,Sức khỏe,Sức khỏe,Sức khỏe,True,2.370793265750337,>=0.50
254317,"5 mẫu xe đang được giảm giá 'khủng', bán rẻ hơn cả phân khúc dưới",Xe,Xe,Xe,True,0.2629187411125872,0.20–0.30
108605,"Sau đợt 'mưa vàng', Nam bộ lại nắng gay gắt",Kinh doanh,Kinh doanh,Đời sống,False,0.1519901325332465,0.10–0.20
63969,YouTube sắp có tính năng hữu ích cho mọi người,Khoa học công nghệ,Khoa học,Khoa học,True,0.7310781924102162,>=0.50
120002,Trung Quốc vẫn kiểm soát chặt đất hiếm với Mỹ,Thế giới,Thế giới,Kinh doanh,False,0.4383610199756698,0.30–0.50
127417,U.23 Việt Nam sẽ mạnh hơn ở vòng loại châu Á,Thể thao,Thể thao,Thể thao,True,1.4022489212076792,>=0.50
92140,Ca sĩ Hoàng Dũng sau 10 năm vào showbiz,Giải trí,Giải trí,Giải trí,True,1.4186237168343308,>=0.50
244097,"Kiểm tra, sát hạch bổ sung đăng kiểm viên trong đêm",Thời sự,Thời sự,Pháp luật,False,0.3728284417267551,0.30–0.50
179195,Phổ điểm thi lớp 10 TPHCM môn Toán năm 2024 có hơn 56% thí sinh dưới điểm 5,Giáo dục,Giáo dục,Giáo dục,True,1.2187268572345193,>=0.50
212895,"Người dân không nên dùng củ, quả lạ tránh ngộ độc thực phẩm",Sức khỏe,Sức khỏe,Sức khỏe,True,1.5185519013103408,>=0.50
127813,"Đội Trẻ TP.HCM lấy nhân sự từ Học viện HAGL, đặt mục tiêu ‘khủng’: Thăng hạng V-League",Thể thao,Thể thao,Thể thao,True,0.6984642500731829,>=0.50
264524,"Lấy chồng xa 2 năm mới về, con gái òa khóc nhìn cảnh bố mẹ ngồi trước hiên",Đời sống,Đời sống,Đời sống,True,0.43802153869553295,0.30–0.50
215647,Video trường đại học ở Ấn Độ đổ sập vì mưa lớn,Thế giới,Thế giới,Giáo dục,False,0.34250388624509615,0.30–0.50
259668,"Cha nuôi qua đời mang theo bí mật, anh kỹ sư mòn mỏi tìm mẹ với 1 bức ảnh",Đời sống,Đời sống,Đời sống,True,0.5397094056675152,>=0.50
97062,"Loay hoay định hướng tương lai, sinh viên tìm sự trợ giúp ở đâu?",Giáo dục,Giáo dục,Giáo dục,True,0.9378812966411003,>=0.50
182293,Máy ảnh kỹ thuật số bất ngờ ‘hot’ trở lại nhờ công nghệ AI,Khoa học công nghệ,Khoa học,Khoa học,True,0.2885472752522593,0.20–0.30
204311,"Bị đòi 40 triệu đồng, anh trai đốt nhà và thiêu em gái bỏng nặng",Pháp luật,Pháp luật,Pháp luật,True,0.49508026914161063,0.30–0.50
41587,Lịch trực tiếp bóng đá châu Âu 28-9: Man City đấu với Newcastle,Thể thao,Thể thao,Thể thao,True,1.899236318583752,>=0.50
35435,Brazil - điểm nóng tội phạm tài chính,Thế giới,Thế giới,Kinh doanh,False,0.24954462869876015,0.20–0.30
228395,"Ronaldo bỏ xa Messi, Al Nassr nuôi hi vọng vô địch",Thể thao,Thể thao,Thể thao,True,1.4472433483123979,>=0.50
265611,"Tâm sự việc nghi vợ ngoại tình, chết lặng nhận kết quả xét nghiệm ADN với con",Đời sống,Đời sống,Đời sống,True,0.05452089069794219,<0.10
85914,"Minh Tuyết trình diễn bốc lửa, gây sốt với sắc vóc nóng bỏng ở tuổi 48",Giải trí,Giải trí,Giải trí,True,1.826833568470404,>=0.50
32406,Ukraine tấn công Kursk để giải vây cho Pokrovsk?,Thế giới,Thế giới,Thế giới,True,0.40878354205741385,0.30–0.50
144349,10 ô tô bán chạy nhất Việt Nam tháng 2.2023: Hyundai Accent tiếp tục dẫn đầu,Xe,Xe,Xe,True,0.23081145820332682,0.20–0.30
123613,"Neymar lên tiếng sau chấn thương, để ngỏ khả năng tái hợp Messi",Thể thao,Thể thao,Thể thao,True,1.3521816845126353,>=0.50
179374,Đề thi tuyển sinh vào lớp 10 tất cả các môn Trường Phổ thông Năng khiếu 2024,Giáo dục,Giáo dục,Giáo dục,True,0.7240639259977066,>=0.50
182001,CMC Cloud nâng tầm trải nghiệm thương mại điện tử ngành mẹ và bé,Khoa học công nghệ,Khoa học,Khoa học,True,0.03281614658624327,<0.10
15980,Jisoo của BlackPink quyên góp cho dự án cải tạo rừng ngập mặn ở Cà Mau,Giải trí,Giải trí,Giải trí,True,0.22685690954243987,0.20–0.30
168110,Đan Trường và vợ cũ doanh nhân 8X: Chia tay vẫn đón sinh nhật cùng nhau,Giải trí,Giải trí,Giải trí,True,0.8781039363522202,>=0.50
232435,"Kim Min-Jae ấn định ngày gia nhập MU, lương cao chót vót",Thể thao,Thể thao,Thể thao,True,0.46560055997205385,0.30–0.50
124063,Real Madrid phản ứng dữ dội khi ‘các con cưng’ hụt Quả bóng vàng: ‘Vụ cướp lịch sử’!,Thể thao,Thể thao,Thể thao,True,0.49243131370443693,0.30–0.50
203298,"Đào hàng trăm xác heo bệnh để mang bán, 7 đối tượng bị khởi tố",Pháp luật,Pháp luật,Pháp luật,True,1.0420583966446477,>=0.50
221922,"Công Phượng, tiếc nhưng cũng là đáng mừng",Thể thao,Thể thao,Thể thao,True,0.42759211368086336,0.30–0.50
203492,Điều hành đường dây cát lậu 'khủng' dưới vỏ bọc giám đốc công ty,Pháp luật,Pháp luật,Pháp luật,True,0.7497040333071354,>=0.50
26685,Có thể đề nghị công an mặc thường phục để điều tra việc mất trộm tài sản không?,Pháp luật,Pháp luật,Pháp luật,True,1.585696895031281,>=0.50
203321,"Công an điều tra vụ thi thể người phụ nữ có hình xăm con phượng, đeo nhiều vàng",Pháp luật,Pháp luật,Pháp luật,True,0.2322242870166174,0.20–0.30
185619,Siêu ưu đãi MobiFone: gói cước 30GB giá 30 ngàn đồng,Khoa học công nghệ,Khoa học,Kinh doanh,False,0.38866312083630533,0.30–0.50
218719,Doanh nhân Bỉ muốn bán xe tăng cho Ukraine,Thế giới,Thế giới,Kinh doanh,False,0.320927672387631,0.30–0.50
126728,"Trung vệ cao 1,95 m sẽ đấu U.23 Uzbekistan: U.23 Việt Nam có thêm ‘vũ khí’ tấn công?",Thể thao,Thể thao,Thể thao,True,1.4903493825023366,>=0.50
97775,"Giảng viên, sinh viên Huế được trang bị thêm những 'trợ lý ảo'",Giáo dục,Giáo dục,Giáo dục,True,0.9260059456537103,>=0.50
33117,"Nghệ sĩ opera Léa Badillo: Mặc áo dài, tôi thấy mình là cô gái Việt",Thế giới,Thế giới,Giải trí,False,0.029503373082465312,<0.10
116826,Top 10 kem chống nắng kiềm dầu ngừa mụn hiệu quả được tìm mua nhiều,Sức khỏe,Sức khỏe,Sức khỏe,True,0.5539534923911636,>=0.50
80328,"Phim ‘Chúng ta của 8 năm sau’ tập 35: Dương bị đánh, ai sẽ giải vây?",Giải trí,Giải trí,Giải trí,True,0.30988260817480917,0.30–0.50
226768,"Chelsea thanh lý 'sập sàn', chia tay 9 cầu thủ",Thể thao,Thể thao,Thể thao,True,0.5929890815428445,>=0.50
229430,MU sẽ nổ thêm 2 hợp đồng ở chuyển nhượng hè 2024,Thể thao,Thể thao,Thể thao,True,0.5917326684421779,>=0.50
204619,"Ghen tuông, gã đàn ông đoạt mạng sống của người tình",Pháp luật,Pháp luật,Pháp luật,True,0.47629691839134436,0.30–0.50
104323,Siết thuế chợ online,Kinh doanh,Kinh doanh,Kinh doanh,True,1.0994556158521984,>=0.50
52386,"Mazda6 có thể trở lại bằng tên mới, đổi sang động cơ điện",Xe,Xe,Kinh doanh,False,0.0006071133277416596,<0.10
240176,Tai nạn hi hữu: Nam tài xế tử vong vì lao xe vào cống nước,Thời sự,Thời sự,Thời sự,True,0.7481511721339679,>=0.50
253873,"Toyota Land Cruiser chênh giá 600 triệu, có tiền cũng khó mua được",Xe,Xe,Xe,True,0.0830668469844349,<0.10
231573,"Man City 3-0 MU, Pep Guardiola ca ngợi cầu thủ không phải Haaland",Thể thao,Thể thao,Thể thao,True,0.6885348951465081,>=0.50
23846,Techcombank đồng tổ chức và độc quyền tài trợ chương trình AI thực chiến,Kinh doanh,Kinh doanh,Kinh doanh,True,0.1295012138631222,0.10–0.20
145220,Mercedes GLC 2023 giá ngang ngửa VinFast VF8 tại Mỹ,Xe,Xe,Khoa học,False,0.007461631020015513,<0.10
240867,"51 đơn vị CSGT TPHCM ra quân, giúp dân thuận lợi về quê đón Tết",Thời sự,Thời sự,Xe,False,0.13327066184941783,0.10–0.20
39735,Tay vợt nữ 17 tuổi Việt Nam ký hợp đồng với Hiệp hội Pickleball Mỹ,Thể thao,Thể thao,Thể thao,True,0.2110877707637645,0.20–0.30
209628,'Lộ trình ì ạch' khi chuyển giao từ bệnh án giấy sang điện tử,Sức khỏe,Sức khỏe,Sức khỏe,True,1.0978715746300127,>=0.50
243369,Lý do chậm xử lý sự cố ngập trên cao tốc Phan Thiết - Dầu Giây,Thời sự,Thời sự,Kinh doanh,False,0.19161971599814898,0.10–0.20
244986,Công an Lạng Sơn bắt tạm giam Đoàn Văn Sáng về tội giết người,Thời sự,Thời sự,Pháp luật,False,1.2980577360432397,>=0.50
134925,Khánh Hòa: Đèo Khánh Lê xuất hiện thêm 7 điểm sạt lở nghiêm trọng,Thời sự,Thời sự,Thời sự,True,0.006180454522360046,<0.10
146403,"Ranger và Everest 'bùng nổ', Ford tiếp tục thuộc nhóm thương hiệu dẫn đầu thị trường",Xe,Xe,Kinh doanh,False,0.13090253463673518,0.10–0.20
179793,Cách tính điểm ưu tiên xét tuyển đại học năm 2023,Giáo dục,Giáo dục,Giáo dục,True,0.8275949373908109,>=0.50
94998,Tư vấn mùa thi ở Đức Trọng: Làm sao để chọn đúng nghề?,Giáo dục,Giáo dục,Giáo dục,True,1.8783716981718346,>=0.50
68963,Hành khách chuyến bay TP.HCM - Bình Định bắt gặp 'hiện tượng lạ': Giải mã thế nào?,Đời sống,Đời sống,Khoa học,False,0.7398525915176741,>=0.50
101583,Lá thư học sinh gửi tạm biệt chú xe ôm,Giáo dục,Giáo dục,Giáo dục,True,0.11586125089771981,0.10–0.20
26200,Ủy quyền cho người khác dẫn con nhỏ đi du lịch nước ngoài thế nào?,Pháp luật,Pháp luật,Pháp luật,True,0.42869741149860574,0.30–0.50
136026,Vườn Quốc gia Phú Quốc: Chuyển đổi gần 58 ha đất rừng để làm du lịch,Thời sự,Thời sự,Kinh doanh,False,0.15404840655719404,0.10–0.20
256956,"Xuống ga hút thuốc, bố vô tình để lạc 3 đứa con trên tàu",Đời sống,Đời sống,Đời sống,True,0.2544446941976575,0.20–0.30
68667,CSGT TP.HCM phạt nồng độ cồn: Lập biên bản một Phó chi cục Thi hành án dân sự,Đời sống,Đời sống,Thời sự,False,0.001722807355045597,<0.10
221709,Kết quả bóng đá U17 Yemen 6-1 U17 Myanmar - Vòng loại U17 châu Á 2025,Thể thao,Thể thao,Thể thao,True,1.7681747435855335,>=0.50
173634,Hiệu trưởng vùng cao từ chức sau phản ánh cắt xén bữa ăn bán trú của học sinh,Giáo dục,Giáo dục,Giáo dục,True,0.8060427340617448,>=0.50
215331,"Khoảnh khắc 2 ô tô tông thẳng vào nhau, người đi xe máy bị hất bay xuống cầu",Thế giới,Thế giới,Xe,False,0.04711859267078655,<0.10
111045,BAC A BANK nhận giải Top 5 Ngân hàng giao dịch ngoại hối lớn tại Việt Nam,Kinh doanh,Kinh doanh,Kinh doanh,True,1.3352181463741177,>=0.50
98108,Hiền lành mới là khó,Giáo dục,Giáo dục,Giáo dục,True,0.39460052546103974,0.30–0.50
118287,Cực quang hiếm hoi bất ngờ xuất hiện ở Mỹ,Thế giới,Thế giới,Khoa học,False,0.06549233910282476,<0.10
216807,Uy lực chiến cơ F-14 của Iran bị không quân Israel đánh phá hàng loạt,Thế giới,Thế giới,Thế giới,True,0.35881392832906245,0.30–0.50
45238,Tin tức sáng 20-12: Rút ngắn thời gian chờ hưởng trợ cấp thất nghiệp,Thời sự,Thời sự,Công đoàn,False,0.2632749585744276,0.20–0.30
137415,Cà Mau đầu tư hơn 410 tỉ đồng xây bảo tàng - thư viện,Thời sự,Thời sự,Thời sự,True,0.4375748169476237,0.30–0.50
66168,Khúc bạch vải thiều - món tráng miệng hot nhất hè 2025 khiến dân mạng 'săn lùng',Đời sống,Đời sống,Đời sống,True,0.14615846326867987,0.10–0.20
32351,Chính quyền Trump 2.0 và xu hướng trỗi dậy của phe cực hữu,Thế giới,Thế giới,Thế giới,True,0.3790811922302699,0.30–0.50
233925,Barcelona bán tháo 3 ngôi sao trên hàng công,Thể thao,Thể thao,Thể thao,True,0.3138211410295909,0.30–0.50
206307,3.000 vận động viên chạy bộ gây quỹ cho bệnh nhân ung thư,Sức khỏe,Sức khỏe,Sức khỏe,True,0.8568674799411197,>=0.50
201155,Giá xăng trong nước ngày mai có thể giảm lần 4 liên tiếp,Kinh doanh,Kinh doanh,Kinh doanh,True,1.243717373760079,>=0.50
119154,Phòng bệnh hơn chữa bệnh,Thế giới,Thế giới,Khoa học,False,0.4293976828149682,0.30–0.50
135995,Q.Bình Thạnh hỗ trợ tiểu thương bị thiệt hại vụ cháy chợ Thanh Đa,Thời sự,Thời sự,Thời sự,True,1.0520467357830587,>=0.50
241012,"Từ hôm nay, giá vé máy bay nội địa tối đa tới 4 triệu đồng/ vé",Thời sự,Thời sự,Kinh doanh,False,0.43914202773271993,0.30–0.50
132857,"Xe khách va chạm với xe đầu kéo, ít nhất 16 người bị thương",Thời sự,Thời sự,Thời sự,True,0.40842199669289325,0.30–0.50
64472,Qualcomm giúp cải thiện chất lượng âm thanh trên smartphone Android,Khoa học công nghệ,Khoa học,Khoa học,True,0.9628790598929209,>=0.50
91916,"Phương Trinh Jolie: Thiếu Lý Bình, cuộc sống của tôi vô nghĩa",Giải trí,Giải trí,Giải trí,True,1.7966162338222986,>=0.50
193603,Lý do trái phiếu tại TCBS thu hút nhiều nhà đầu tư,Kinh doanh,Kinh doanh,Kinh doanh,True,2.091446093010463,>=0.50
262860,"Giữa hôn lễ, mẹ chồng lên phát biểu, cô dâu cởi váy cưới, lập tức từ hôn",Đời sống,Đời sống,Đời sống,True,0.713028338233167,>=0.50
259685,Bố mẹ thay con trai đệ đơn ly hôn: Không để con dâu khổ thêm nữa,Đời sống,Đời sống,Đời sống,True,0.36149393765790017,0.30–0.50
176011,"Dân làng góp tiền cho đi học, nam sinh từ chức giám đốc, về quê báo ơn",Giáo dục,Giáo dục,Giáo dục,True,0.16268362548944565,0.10–0.20
120986,Ukraine tăng tốc phát triển vũ khí thay đổi cuộc chơi,Thế giới,Thế giới,Thế giới,True,0.11752408412583754,0.10–0.20
182536,"Đồng Nai thúc đẩy quản lý sở hữu trí tuệ, nâng tầm thương hiệu số doanh nghiệp",Khoa học công nghệ,Khoa học,Kinh doanh,False,1.2419977853603241,>=0.50
94165,"Minh Tú: Tôi và chồng tiền ai nấy xài, tôn trọng riêng tư của nhau",Giải trí,Giải trí,Giải trí,True,0.15617616209510587,0.10–0.20
217628,Tiêm kích F-16 của Mỹ bị rơi gần căn cứ không quân,Thế giới,Thế giới,Thời sự,False,0.0911902027366398,<0.10
84415,Hoàng Oanh xót xa trước nữ diễn viên tự nhận mình thất bại sau ly hôn,Giải trí,Giải trí,Giải trí,True,0.38869128962484223,0.30–0.50
232080,La Liga tố cáo PSG lên Ủy ban châu Â,Thể thao,Thể thao,Kinh doanh,False,0.008924327408016852,<0.10
228093,"Tin tức về chuyển nhượng 6/3: MU ký Adeyemi, PSG lấy Kimmich",Thể thao,Thể thao,Thể thao,True,0.4623122599093237,0.30–0.50
173399,Hà Nội chi gần 225 tỷ đồng thưởng cho giáo viên theo Nghị định 73,Giáo dục,Giáo dục,Giáo dục,True,0.5293831523743368,>=0.50
203937,Ca sĩ Thủy Tiên đề nghị kê biên nhiều tài sản của bà Nguyễn Phương Hằng,Pháp luật,Pháp luật,Giải trí,False,0.19469165172121122,0.10–0.20
116171,Cứu cánh làn da xỉn màu bít tắc do bụi mịn PM2.5,Sức khỏe,Sức khỏe,Sức khỏe,True,0.7309547361680173,>=0.50
26700,Ly hôn nhưng chồng không gửi tiền cấp dưỡng nuôi con,Pháp luật,Pháp luật,Pháp luật,True,0.875004042221279,>=0.50
96952,"TP.HCM khánh thành nhiều trường học, tổng mức đầu tư hàng trăm tỉ đồng",Giáo dục,Giáo dục,Giáo dục,True,1.567315511353664,>=0.50
166145,"Từng tuyên bố nghỉ hưu, diễn viên từng có 7.500 tỷ bất ngờ quay xe vì 'cần tiền'",Giải trí,Giải trí,Giải trí,True,0.9648942843588317,>=0.50
177193,"Xuống sông kéo lưới, nam sinh lớp 7 đuối nước tử vong",Giáo dục,Giáo dục,Thời sự,False,0.3699896520906134,0.30–0.50
122515,"Triều Tiên cảnh báo nóng khi Mỹ, Hàn chuẩn bị tập trận",Thế giới,Thế giới,Thế giới,True,0.8687362484199463,>=0.50
66081,Kem ống Want Want Frozen - Lựa chọn hoàn hảo cho ngày hè oi ả,Đời sống,Đời sống,Kinh doanh,False,0.13988773474434746,0.10–0.20
24306,Giá vàng giảm từng phút,Kinh doanh,Kinh doanh,Kinh doanh,True,1.154923545947185,>=0.50
16377,"Bảo Ngọc cùng 4 hoa hậu quốc tế trải nghiệm ẩm thực, du lịch Cần Giờ",Giải trí,Giải trí,Giải trí,True,0.03779119255005148,<0.10
30378,9 cách giúp bạn vượt qua những ngày nhiều stress và tức giận,Sức khỏe,Sức khỏe,Đời sống,False,0.13043521185104862,0.10–0.20
103504,Đăng ký dự thi đánh giá năng lực ĐH Quốc gia TP.HCM từ tháng 1.2024,Giáo dục,Giáo dục,Giáo dục,True,1.1382181627464458,>=0.50
26365,"Chồng đánh vợ con gây thương tích, có bị truy cứu bạo lực gia đình?",Pháp luật,Pháp luật,Pháp luật,True,0.9624664127870737,>=0.50
21484,Cuộc thi clip ‘50 năm - Tỏa sáng miền Nam’: Công nhân ngành điện - những con người âm thầm cống hiến,Kinh doanh,Kinh doanh,Kinh doanh,True,0.05845669537270126,<0.10
48220,Thị trường ô tô Thái Lan lao dốc do quá mở với xe điện Trung Quốc: Cảnh báo cho toàn bộ Đông Nam Á?,Xe,Xe,Kinh doanh,False,0.4190557666232958,0.30–0.50
119990,Bữa ăn được gắn sao Michelin trong không gian đầu tiên trên thế giới,Thế giới,Thế giới,Khoa học,False,0.9863237206378017,>=0.50
15641,Hoa hậu Phương Lê bị xử phạt vi phạm hành chính vì sửa lời Quốc ca,Giải trí,Giải trí,Pháp luật,False,0.11078132306571198,0.10–0.20
136557,Quà tết đến với đồng bào vùng bản xa Quảng Bình,Thời sự,Thời sự,Thời sự,True,0.07707964616206242,<0.10
242113,Trung tâm đăng kiểm ở Hà Nội vắng vẻ bất ngờ,Thời sự,Thời sự,Pháp luật,False,0.7558790841718313,>=0.50
2288,"Chương trình Tư vấn tuyển sinh - hướng nghiệp 2026: Trải dài 15 tỉnh thành, hàng loạt đổi mới",Giáo dục,Giáo dục,Giáo dục,True,1.8743293036061015,>=0.50
51975,Sạc xe điện sẽ được... thưởng tiền đi siêu thị,Xe,Xe,Xe,True,0.16622325718600267,0.10–0.20
68968,Khóa tu mùa hè bỗng 'hot': Cả ngàn tu sinh tham dự quản như thế nào?,Đời sống,Đời sống,Đời sống,True,0.02535638817971919,<0.10
58493,Dòng iPhone 16 Pro sẽ có thay đổi lớn về kích thước,Khoa học công nghệ,Khoa học,Khoa học,True,0.6825975352817354,>=0.50
100915,"Sắp tới, TP.HCM xét thi đua, khen thưởng giáo viên theo tiêu chí nào?",Giáo dục,Giáo dục,Giáo dục,True,0.5116984539492282,>=0.50
156860,NSND Trung Anh trở lại khác lạ khó nhận ra,Giải trí,Giải trí,Giải trí,True,0.3523415034224651,0.30–0.50
50119,"Tin Google Maps, trèo qua hàng rào sân bay",Xe,Xe,Đời sống,False,0.026105516659734818,<0.10
3402,Trường đại học Sài Gòn được giao chỉ tiêu thêm 6 ngành sư phạm,Giáo dục,Giáo dục,Giáo dục,True,1.7886438879732798,>=0.50
26064,"Sinh tháng 1-1998, đến nay còn tuổi đi nghĩa vụ quân sự không?",Pháp luật,Pháp luật,Pháp luật,True,0.23420751865548917,0.20–0.30
104020,"Không nên bắt buộc người dân mua bảo hiểm xe máy, Bộ Tài chính nói gì?",Kinh doanh,Kinh doanh,Pháp luật,False,0.3849464626417509,0.30–0.50
26149,"Ba làm di chúc để lại nhà cho tôi, chị tôi làm chứng, có được không?",Pháp luật,Pháp luật,Pháp luật,True,0.8687869524115848,>=0.50
114386,"Văn Toàn, Tiến Linh, Hoàng Đức tặng 300 triệu đồng cho Quỹ Hito vươn cao Việt Nam",Sức khỏe,Sức khỏe,Thể thao,False,0.2611353240493536,0.20–0.30
122027,Nga cảnh báo nguy cơ đối đầu quân sự trực tiếp với Mỹ,Thế giới,Thế giới,Thế giới,True,0.539377213023692,>=0.50
60555,Samsung ra mắt thiết bị tìm kiếm đồ thất lạc Galaxy SmartTag2,Khoa học công nghệ,Khoa học,Khoa học,True,1.2392323009054325,>=0.50
94982,Nhiều sinh viên chọn du học thạc sĩ ở nước ngoài ngay sau tốt nghiệp đại học,Giáo dục,Giáo dục,Giáo dục,True,3.1241518566755784,>=0.50
252095,Trung Quốc tiếp tục mạnh tay hỗ trợ tiền cho người dân mua xe điện,Xe,Xe,Kinh doanh,False,0.6076505501239167,>=0.50
204836,Giành quyền nuôi con giữa Diệp Lâm Anh và chồng cũ vẫn chưa 'ngã ngũ',Pháp luật,Pháp luật,Giải trí,False,0.692313172868349,>=0.50
214130,Các tay súng Hamas đang ở đâu?,Thế giới,Thế giới,Thế giới,True,0.09640374160930809,<0.10
217161,Video Ukraine có vũ khí mới ‘đáng gờm’ hơn tên lửa Mỹ để tấn công lãnh thổ Nga,Thế giới,Thế giới,Thế giới,True,0.4362469008793959,0.30–0.50
176827,Học sinh lớp 5 ở Nha Trang tử vong chưa rõ nguyên nhân,Giáo dục,Giáo dục,Giáo dục,True,0.6029423523035959,>=0.50
250753,"Mua xe bán tải điện Tesla Cybertruck 'dính' đầy lỗi, chủ xe đòi hãng đổi xe mới",Xe,Xe,Xe,True,0.3917001183441299,0.30–0.50
20411,"Doanh nhân Việt đưa loạt sáng kiến, đặt hàng, muốn công - tư đồng kiến quốc",Kinh doanh,Kinh doanh,Kinh doanh,True,1.8416569622015495,>=0.50
265595,"Tâm sự việc phát hiện mẹ ngoại tình khiến tôi đau đớn, tủi nhục",Đời sống,Đời sống,Đời sống,True,0.33323414509578264,0.30–0.50
52519,VinFast sắp vào Thái Lan?,Xe,Xe,Kinh doanh,False,0.06929917061100466,<0.10
26658,Chưa ly dị nhưng vợ chồng tôi muốn chia tài sản chung?,Pháp luật,Pháp luật,Pháp luật,True,0.4180011377815013,0.30–0.50
195009,Giá vàng nhẫn bật tăng mạnh cùng thế giới,Kinh doanh,Kinh doanh,Kinh doanh,True,1.1193858621627628,>=0.50
128437,"Giữa ồn ào của Malaysia, đội tuyển Việt Nam gọi bao nhiêu cầu thủ nhập tịch?",Thể thao,Thể thao,Thể thao,True,1.8204948117241828,>=0.50
94605,'Người Sói' Hugh Jackman ly thân vợ sau 27 năm chung sống,Giải trí,Giải trí,Giải trí,True,1.075895120121475,>=0.50
229875,Nhận định bóng đá Pháp vs Bỉ: Vòng 1/8 Euro 2024,Thể thao,Thể thao,Thể thao,True,1.8786987520983782,>=0.50
26720,"Chủ hộ mất, đất hộ gia đình chia như thế nào?",Pháp luật,Pháp luật,Pháp luật,True,0.8552210823743516,>=0.50
217801,Video UAV Ukraine bắn nổ 2 pháo tự hành của Nga tại tiền tuyến,Thế giới,Thế giới,Thời sự,False,0.07070618417971736,<0.10
244002,Dùng xe cẩu 50 tấn di dời ô tô khách bị nạn chắn ngang đường Vành đai 3 trên cao,Thời sự,Thời sự,Thời sự,True,0.25478818441370327,0.20–0.30
63821,"Samsung hỗ trợ Qualcomm, tạo chip vượt mặt iPhone 17 Pro",Khoa học công nghệ,Khoa học,Khoa học,True,0.2556489588258739,0.20–0.30
229268,"Ronaldo tin cả Mbappe, Haaland và Lamine Yamal sẽ ẵm Quả bóng vàng",Thể thao,Thể thao,Thể thao,True,0.6958085486488682,>=0.50
210592,WHO nêu thêm 6 quốc gia liên quan bê bối tử vong do siro ho,Sức khỏe,Sức khỏe,Sức khỏe,True,0.06053302026890961,<0.10
203361,Cựu Chủ tịch huyện và thuộc cấp vướng lao lý vì sai phạm ở sân bay Long Thành,Pháp luật,Pháp luật,Thời sự,False,0.05626563719908395,<0.10
138303,Tập trung khắc phục sạt lở đèo Khánh Lê,Thời sự,Thời sự,Thời sự,True,0.3010104798681919,0.30–0.50
182421,Chuyển đổi số - ‘chìa khóa’ mở cánh cửa bứt phá cho kinh tế tư nhân Việt Nam,Khoa học công nghệ,Khoa học,Kinh doanh,False,2.1461814425576833,>=0.50
259992,Vợ chồng son tập 849: Mối duyên kì lạ của cô gái Chăm và chàng trai Sài thành,Đời sống,Đời sống,Đời sống,True,0.3372090166445544,0.30–0.50
226277,Kết quả bóng đá Liverpool vs MU - Ngoại hạng Anh 2025/26 vòng 8,Thể thao,Thể thao,Thể thao,True,1.1275693202521775,>=0.50
177144,Lấy ý kiến trẻ em về Dự thảo Luật Đất đai hoàn toàn đúng pháp luật,Giáo dục,Giáo dục,Pháp luật,False,0.017253817307079533,<0.10
48455,"Tin tức giá xe: Mitsubishi Pajero Sport giảm tới 269 triệu, khởi điểm dưới 1 tỉ đồng",Xe,Xe,Kinh doanh,False,0.019897296474198245,<0.10
112463,"Từ ngày 1.12.2025, NHCSXH giảm lãi suất cho vay các chương trình tín dụng chính sách",Kinh doanh,Kinh doanh,Kinh doanh,True,0.8413111727111563,>=0.50
114597,Máy lọc không khí Acerpure bảo vệ sức khỏe gia đình trước ô nhiễm không khí,Sức khỏe,Sức khỏe,Khoa học,False,0.3814710518013384,0.30–0.50
139997,Chuyện tử tế ở TP.HCM: Cơm 1.000 đồng và hoa hồng ngày 8.3,Thời sự,Thời sự,Đời sống,False,0.5698275532662758,>=0.50
28456,Cảnh báo trẻ bị áp xe hốc mắt do viêm xoang dễ nhầm lẫn với cảm cúm,Sức khỏe,Sức khỏe,Sức khỏe,True,2.2385718370545833,>=0.50
3322,Điểm chuẩn đại học 2024: Kinh hoàng mỗi môn 9 điểm vẫn trượt,Giáo dục,Giáo dục,Giáo dục,True,1.8191751054250598,>=0.50
194312,"Bản tin tài chính sáng 6/10/2023: Giá vàng tăng, dầu và USD đi xuống",Kinh doanh,Kinh doanh,Kinh doanh,True,1.6450719606312958,>=0.50
53946,Điểm tương đồng thú vị giữa iPhone 17 Air và 17 Pro Max,Khoa học công nghệ,Khoa học,Khoa học,True,0.7981644535285278,>=0.50
213596,"Từ ca phẫu thuật khó, bác sĩ 'bắt trọn' tật xấu của người đàn ông",Sức khỏe,Sức khỏe,Sức khỏe,True,2.6103976692472672,>=0.50
27983,Phù tay và mặt cẩn thận thương vong,Sức khỏe,Sức khỏe,Sức khỏe,True,1.8677397661608142,>=0.50
117819,Sở thú Trung Quốc bác tin đồn cho người đóng giả gấu chó,Thế giới,Thế giới,Khoa học,False,0.7617272964983881,>=0.50
210524,"TP.HCM có hơn 7.000 cơ sở thẩm mỹ, tại sao ngành y tế chỉ quản lý 15%?",Sức khỏe,Sức khỏe,Sức khỏe,True,0.737592704535995,>=0.50
60357,Google đặt dấu chấm hết cho điện thoại Android 16 GB,Khoa học công nghệ,Khoa học,Khoa học,True,0.6027637199819346,>=0.50
83426,Trung Dân kể kỷ niệm đáng nhớ khi quay 'Đất phương Nam',Giải trí,Giải trí,Giải trí,True,1.4709241645725477,>=0.50
172521,Trường THPT Phan Thúc Trực - Nghệ An nhận Huân chương Lao động hạng Ba,Giáo dục,Giáo dục,Giáo dục,True,2.270443080388048,>=0.50
26071,"Trước đóng BHXH bắt buộc, giờ đóng tự nguyện, lương hưu được tính thế nào?",Pháp luật,Pháp luật,Công đoàn,False,0.1850576843727172,0.10–0.20
45510,Khởi tố nữ 9X dụ người đàn ông U70 đi nhà nghỉ rồi chiếm đoạt tài sản,Thời sự,Thời sự,Pháp luật,False,0.8286345305550208,>=0.50
169727,"Ca sĩ bị phản đối dữ dội vì ủng hộ Yoo Ah In, Song Hye Kyo liên lụy",Giải trí,Giải trí,Giải trí,True,0.7505932011998253,>=0.50
142573,Tội ác trong một mái ấm: Dạy trẻ cách bạo hành,Thời sự,Thời sự,Pháp luật,False,0.12960974913486006,0.10–0.20
59704,Ubisoft thông báo trì hoãn một trò chơi lớn đến năm sau,Khoa học công nghệ,Khoa học,Kinh doanh,False,0.6715109541322175,>=0.50
215942,Bộ sưu tập hơn 100 chiến đấu cơ trong tòa lâu đài cổ 700 năm tuổi ở Pháp,Thế giới,Thế giới,Kinh doanh,False,0.03842054716621568,<0.10
193525,"Giá vàng hôm nay 10/2/2024 bay cao, vàng SJC tiến sát mốc 80 triệu đồng",Kinh doanh,Kinh doanh,Kinh doanh,True,1.5207760370908496,>=0.50
15540,Băng sex bị rao bán của Diddy có nhiều ngôi sao lớn của Hollywood?,Giải trí,Giải trí,Pháp luật,False,0.06535464419683334,<0.10
221200,Tuyển Việt Nam suýt mất Nguyễn Xuân Son,Thể thao,Thể thao,Thể thao,True,1.8231745392249583,>=0.50
203316,Vụ cướp tiệm vàng táo tợn ở Đồng Tháp: Lời khai của Nguyễn Trung Tín,Pháp luật,Pháp luật,Pháp luật,True,0.30569764545545425,0.30–0.50
5290,Lạc lối với môn học lựa chọn - Kỳ 2: Mất cân bằng nghiêm trọng,Giáo dục,Giáo dục,Giáo dục,True,2.7624586676874063,>=0.50
80094,Phim ‘Độc đạo’ tập 3: Hồng có vận chuyển ma túy cho Dương ‘cơ bắp’?,Giải trí,Giải trí,Pháp luật,False,0.26174279350591756,0.20–0.30
203737,"Vì sao Chủ tịch UBND và kế toán thị trấn An Châu, tỉnh Bắc Giang bị bắt?",Pháp luật,Pháp luật,Pháp luật,True,0.5880825235441346,>=0.50
106431,"Đồng bộ nhiều chính sách hỗ trợ người dân, doanh nghiệp",Kinh doanh,Kinh doanh,Kinh doanh,True,1.264043638467232,>=0.50
142930,Robot tuần tra an ninh của quân đội lần đầu công bố có gì đặc biệt?,Thời sự,Thời sự,Khoa học,False,1.0132774935971307,>=0.50
185305,Bước ngoặt ngành công nghiệp Data Center (DC) Việt Nam,Khoa học công nghệ,Khoa học,Kinh doanh,False,0.6639964884149686,>=0.50
247463,"Giá rẻ hơn Yamaha Exciter 155 VVA, xe máy Honda Winner R 2025 có đáng mua?",Xe,Xe,Xe,True,0.39430328911988693,0.30–0.50
26225,"Bị chồng cũ xóa đăng ký thường trú, làm thẻ căn cước được không?",Pháp luật,Pháp luật,Pháp luật,True,0.04006156346088835,<0.10
57395,Google không muốn công khai thuật toán AI,Khoa học công nghệ,Khoa học,Kinh doanh,False,0.09261303688455569,<0.10
16392,Tin tức giải trí ngày 31-8: Orange trở lại với talk show Cam’On; Đỗ Thị Hà tốt nghiệp đại học,Giải trí,Giải trí,Giải trí,True,0.6162851097671609,>=0.50
66572,Sở Xây dựng TP.HCM: 'Chưa thấy giao lộ nào kẻ vạch mắt võng không phù hợp!',Đời sống,Đời sống,Xe,False,0.2879277762572322,0.20–0.30
25489,Techcombank công bố gói tiện ích dành riêng cho nhà bán hàng online,Kinh doanh,Kinh doanh,Kinh doanh,True,1.5270629220714165,>=0.50
195540,Giá vàng hôm nay 24/2: Giá vàng thế giới giảm sau thông tin từ Fed,Kinh doanh,Kinh doanh,Kinh doanh,True,1.4311056122403638,>=0.50
252490,"Ô tô sản xuất trong nước lập kỷ lục tăng trưởng, lấn át xe nhập ngoại",Xe,Xe,Kinh doanh,False,0.7461790762607808,>=0.50
204422,Hai cựu Cục trưởng Cục Đăng kiểm tiếp tục hầu toà,Pháp luật,Pháp luật,Pháp luật,True,0.780822810313315,>=0.50
247001,Tạm dừng tuyển dụng 16 viên chức ngành giáo dục ở Nghệ An,Thời sự,Thời sự,Giáo dục,False,0.8576211152106697,>=0.50
250998,Nóng trên đường: Kiểu lái xe ngang ngược khiến người xem 'vừa tức vừa buồn cười',Xe,Xe,Xe,True,0.2891757564967823,0.20–0.30
8320,"MONO, Binz, Khắc Hưng... ồ ạt ra album, EP",Giải trí,Giải trí,Giải trí,True,2.0876262300625283,>=0.50
97496,VN sẵn sàng cho ngành công nghiệp bán dẫn,Giáo dục,Giáo dục,Giáo dục,True,0.17756058678764658,0.10–0.20
194749,"Ngân hàng rao bán khách sạn, nhà hàng của đại gia Tây Nguyên",Kinh doanh,Kinh doanh,Kinh doanh,True,1.9999803226889246,>=0.50
103976,"Giảng viên Trường CĐ Y tế Quảng Nam bị nợ lương: Cấp thêm 4,6 tỉ đồng",Giáo dục,Giáo dục,Giáo dục,True,0.05284059304175115,<0.10
145900,"Honda CT125 'độ' giá 170 triệu đồng tại Việt Nam, bản off-road cho tín đồ Super Cub",Xe,Xe,Xe,True,0.17461963901948774,0.10–0.20
253303,Top xe đa dụng cỡ nhỏ bán chạy nhất 4/2024: Toyota Yaris Cross dẫn đầu phân khúc,Xe,Xe,Xe,True,0.3639301495299127,0.30–0.50
43605,Gặp lại giám đốc nhận lương mỗi năm chỉ 1 triệu đồng,Thời sự,Thời sự,Đời sống,False,0.21929086336228393,0.20–0.30
107845,"Tăng tốc đường thủy, giảm tải hàng không",Kinh doanh,Kinh doanh,Kinh doanh,True,0.24620054255370782,0.20–0.30
255714,"Những em bé ở TPHCM xắn tay cứu trợ vùng lũ: Con sợ đồ ướt, các bạn sẽ đói",Đời sống,Đời sống,Đời sống,True,0.5993952266467236,>=0.50
23481,Quỹ quản lý nghìn tỉ USD quan tâm chứng khoán Việt Nam khi nâng hạng,Kinh doanh,Kinh doanh,Kinh doanh,True,1.6697276284554494,>=0.50
253952,Lựa chọn mua ô tô cũ nào giá 300 triệu đồng?,Xe,Xe,Xe,True,1.003444210475796,>=0.50
70460,Tử vi hằng ngày - Xem tử vi vui 12 con giáp ngày 16.5.2023,Đời sống,Đời sống,Đời sống,True,0.11653345745359389,0.10–0.20
253309,"Soi trang bị xe điện giá rẻ VinFast VF 3 và Wuling Mini EV, xe nào an toàn hơn?",Xe,Xe,Xe,True,0.012087382771742816,<0.10
125016,CĐV Peru lên cơn sốt khi Messi sắp đến,Thể thao,Thể thao,Thể thao,True,1.005576270787855,>=0.50
50422,"Suzuki Việt Nam cán mốc 1 triệu xe sản xuất tại Việt Nam, sẽ mở rộng sang xe điện",Xe,Xe,Kinh doanh,False,0.27093906889083696,0.20–0.30
31521,"Bé gái bị thủng thực quản, nhiễm trùng máu sau ăn cháo lươn",Sức khỏe,Sức khỏe,Sức khỏe,True,1.5533898237002135,>=0.50
118956,"Khác biệt quan điểm, ganh đua vai trò",Thế giới,Thế giới,Thế giới,True,0.47392819209089476,0.30–0.50
28735,Ngồi trong nhà có cần chống nắng?,Sức khỏe,Sức khỏe,Sức khỏe,True,0.6881038882435826,>=0.50
173061,Bí thư Đảng ủy Trường ĐH Y khoa Phạm Ngọc Thạch làm Chủ tịch Hội đồng tuyển sinh,Giáo dục,Giáo dục,Giáo dục,True,1.2668856251469385,>=0.50
68417,Vì sao bão mặt trời tạo cực quang huyền ảo nhiều nơi trên thế giới?,Đời sống,Đời sống,Khoa học,False,0.43010569502283746,0.30–0.50
265253,"20 năm bên chồng, vợ tôi lúc ngủ vẫn gọi tên người cũ vì một bí mật",Đời sống,Đời sống,Giải trí,False,0.35237464206291913,0.30–0.50
261226,Cua biển độc lạ ở Cà Mau có màu sắc như đã luộc chín,Đời sống,Đời sống,Đời sống,True,0.04160225343062285,<0.10
105765,Hoàn tất đàm phán Hiệp định thương mại tự do Việt Nam - Israel,Kinh doanh,Kinh doanh,Kinh doanh,True,1.23922023476007,>=0.50
7660,Nhạc sĩ Huy Tuấn: Hò Dô vẫn còn trẻ lắm!,Giải trí,Giải trí,Giải trí,True,1.4761819336656075,>=0.50
106411,"Philippines ngưng nhập khẩu gạo, VFA kiến nghị khẩn",Kinh doanh,Kinh doanh,Kinh doanh,True,1.4169122327056511,>=0.50
254286,Xe cũ ngày càng có giá hơn bất chấp thời gian sử dụng,Xe,Xe,Xe,True,0.34073794563000503,0.30–0.50
194592,"'Sóng ngầm' thị trường trái phiếu doanh nghiệp, lãi suất 'chát' và 'người nhà'",Kinh doanh,Kinh doanh,Kinh doanh,True,2.4523891524651167,>=0.50
257196,"Nghỉ hưu, bà lão U80 ở TPHCM làm điều đặc biệt cảm ơn cuộc đời",Đời sống,Đời sống,Giáo dục,False,0.37674465524736955,0.30–0.50
195665,"Giá vàng hôm nay 5/2: Đến hạn chốt lời, sẽ có nhiều đợt bán ra?",Kinh doanh,Kinh doanh,Kinh doanh,True,1.2127764114205348,>=0.50
121124,Chiến sự Ukraine ngày 973: Nga tiến quân ào ạt tại miền đông Ukraine,Thế giới,Thế giới,Thế giới,True,0.48890413582781267,0.30–0.50
168597,"Cha mẹ ngồi tù vì lừa đảo, sao Hàn phải làm việc ở nhà hàng để trả nợ",Giải trí,Giải trí,Giải trí,True,0.5476685167111813,>=0.50
207152,"Lò cyclotron duy nhất miền Nam ngừng hoạt động, máy chụp PET/CT 'đắp chiếu'",Sức khỏe,Sức khỏe,Sức khỏe,True,0.8206731317689215,>=0.50
204095,"Hướng giải quyết vụ nợ thẻ tín dụng từ 8,5 triệu lên 8,8 tỷ đồng",Pháp luật,Pháp luật,Kinh doanh,False,0.24592689188112538,0.20–0.30
204575,Người làm công quả lẻn vào phòng trụ trì chùa trộm hàng tỷ đồng đi đánh đề,Pháp luật,Pháp luật,Pháp luật,True,0.7368091374738721,>=0.50
32999,"11 người Việt bị giam giữ, đòi tiền khi tìm cách vượt biên vào Mỹ",Thế giới,Thế giới,Pháp luật,False,0.3838999167803052,0.30–0.50
90061,"Charlize Theron lộ ảnh hẹn hò nam người mẫu 1,9m",Giải trí,Giải trí,Giải trí,True,1.0844302685043117,>=0.50
215717,Thái Lan triển khai xe máy cứu thương nhằm ứng phó với tắc đường,Thế giới,Thế giới,Khoa học,False,0.12145841139681512,0.10–0.20
156869,"Phim Chốt đơn thông báo trở lại rạp, xoá tên hoa hậu Thuỳ Tiên",Giải trí,Giải trí,Giải trí,True,1.1594372368574375,>=0.50
98820,Tặng học bổng toàn phần cho con gái cựu binh Gạc Ma Dương Văn Dũng,Giáo dục,Giáo dục,Giáo dục,True,0.421446366394024,0.30–0.50
97006,Tiết mục văn nghệ của học sinh 'đốt cháy' sân khấu Tư vấn mùa thi,Giáo dục,Giáo dục,Giáo dục,True,0.7275100210408412,>=0.50
10724,Đinh Y Nhung và dàn diễn viên nữ trong Lật mặt 7 của Lý Hải,Giải trí,Giải trí,Giải trí,True,1.974707274542489,>=0.50
158921,Chương trình Giải trí Ấn tượng VTV Awards được trao cho Chị đẹp đạp gió rẽ sóng.,Giải trí,Giải trí,Giải trí,True,1.1927377535115484,>=0.50
30717,Vì sao Mỹ khuyến nghị phụ nữ tầm soát ung thư vú định kỳ từ 40 tuổi?,Sức khỏe,Sức khỏe,Sức khỏe,True,0.4939619297991037,0.30–0.50
223364,"CAHN không thắng 4 trận, HLV Gong chưa nghĩ tới việc bị sa thải",Thể thao,Thể thao,Thể thao,True,1.1137102354716832,>=0.50
117856,Thợ lặn rợn người khi bị bạch tuộc dẫn đến bia mộ dưới đáy biển,Thế giới,Thế giới,Khoa học,False,0.15859522456506825,0.10–0.20
133877,Niềm vui bất ngờ cuối năm của du khách Canada ở biển Đà Nẵng,Thời sự,Thời sự,Kinh doanh,False,0.005682870782721561,<0.10
247318,Nhiều nhân viên lái xe ở Phú Yên nhận tiền tỷ khi nghỉ việc,Thời sự,Thời sự,Pháp luật,False,0.2799916776662047,0.20–0.30
235098,Tuyển bóng chuyền nữ Việt Nam thách thức Thái Lan HCV SEA Games,Thể thao,Thể thao,Thể thao,True,0.7255388157993875,>=0.50
21474,Cuộc thi clip ‘50 năm - Tỏa sáng miền Nam’: Điện lực Bình Phước đẩy mạnh tiết kiệm điện năng,Kinh doanh,Kinh doanh,Kinh doanh,True,0.36368913873642955,0.30–0.50
264315,"Hái hoa dại ven đường, người phụ nữ xứ Quảng có ngay bình hoa 0 đồng tuyệt đẹp",Đời sống,Đời sống,Đời sống,True,0.26738662607176344,0.20–0.30
189580,Một khách hàng của Vietlott trúng độc đắc hơn 21 tỷ,Kinh doanh,Kinh doanh,Đời sống,False,1.023989463758679,>=0.50
222181,"U19 Việt Nam có mặt tại Surabaya, tự tin đấu Australia, Myanmar",Thể thao,Thể thao,Thể thao,True,0.7184023872533571,>=0.50
3442,"Đại học Kinh tế TP.HCM trao học bổng toàn phần, thu hút nhân tài vùng Mekong",Giáo dục,Giáo dục,Giáo dục,True,2.503997306610418,>=0.50
211311,Pfizer Việt Nam và Bệnh viện Chợ Rẫy hợp tác quản lý kháng sinh,Sức khỏe,Sức khỏe,Sức khỏe,True,0.280278804190673,0.20–0.30
261001,Câu được cá trê đầu dẹt khổng lồ nặng 43kg,Đời sống,Đời sống,Khoa học,False,0.3212168310586073,0.30–0.50
61310,YouTube thử nghiệm dùng AI tạo tóm tắt video,Khoa học công nghệ,Khoa học,Khoa học,True,0.9717562156746361,>=0.50
26541,"Con bị thiểu năng trí tuệ, làm sao để được hưởng di sản thừa kế?",Pháp luật,Pháp luật,Pháp luật,True,0.2680144573897222,0.20–0.30
237408,"Vùng mây đối lưu ít dịch chuyển, Hà Nội mưa lớn xối xả đến khi nào?",Thời sự,Thời sự,Xã hội,False,0.012819675494018967,<0.10
198772,"Sau lũ, thủ phủ cây cảnh lớn nhất Ninh Bình hồi sinh để kịp vụ Tết",Kinh doanh,Kinh doanh,Đời sống,False,0.23511216961947123,0.20–0.30
203803,"Công an Thanh Hóa bắt nhiều đối tượng sản xuất, buôn bán hàng tấn pháo nổ",Pháp luật,Pháp luật,Thời sự,False,0.024358432327140855,<0.10
91997,Người mẫu Trang Lạ tiết lộ cuộc sống hôn nhân với chồng đại gia,Giải trí,Giải trí,Giải trí,True,0.5890708733070438,>=0.50
214961,Gần 1.000 người mắc kẹt trên đỉnh núi Everest vì bão tuyết,Thế giới,Thế giới,Khoa học,False,0.3632806852955549,0.30–0.50
204326,Triệu tập ông Lê Tùng Vân tại phiên toà xử vụ lừa đảo ở Tịnh thất Bồng Lai,Pháp luật,Pháp luật,Pháp luật,True,0.8002953249211462,>=0.50
39476,2 ngôi sao bơi lội Ý bị bắt giữ ở sân bay Singapore vì 'trộm cắp vặt',Thể thao,Thể thao,Thể thao,True,0.19648611231871188,0.10–0.20
83388,Lâm Vỹ Dạ kể kỷ niệm bỏ trốn trong lần đầu gặp Thanh Thức,Giải trí,Giải trí,Giải trí,True,1.0114565389816286,>=0.50
210426,Bác sĩ tuyến xã ‘hòa sóng’ khám chữa bệnh từ xa,Sức khỏe,Sức khỏe,Sức khỏe,True,1.5402743446196006,>=0.50
15681,Tin tức giải trí 11-8: Lee Kwang Soo học nói tiếng Việt; Concert của Taylor Swift bất ổn,Giải trí,Giải trí,Giải trí,True,1.0137710697212554,>=0.50
263185,Chuỗi hoạt động thú vị dành cho game thủ tại Another Saigon by LG,Đời sống,Đời sống,Thể thao,False,0.655875262320933,>=0.50
84819,'Nam chính' 63 tuổi đòi bỏ về khi Quyền Linh xưng hô 'chú' trên show hẹn hò,Giải trí,Giải trí,Giải trí,True,0.4303813500484701,0.30–0.50
102259,"Thi đánh giá năng lực, nhiều thí sinh tới trễ, quên mang giấy tờ, dụng cụ",Giáo dục,Giáo dục,Giáo dục,True,1.4842388345783777,>=0.50
212939,"Thực đơn bữa ăn học đường khoa học, chuyên gia khuyên hạn chế muối, đường",Sức khỏe,Sức khỏe,Giáo dục,False,0.15563513363319192,0.10–0.20
15454,"Người đẹp Miss Earth 2024 trồng cây xanh, dùng đồ tái chế, bảo vệ môi trường",Giải trí,Giải trí,Giải trí,True,0.03144724604227678,<0.10
55656,Tính năng camera trên dòng iPhone 15 có thể 'chôn vùi' máy ảnh số?,Khoa học công nghệ,Khoa học,Khoa học,True,1.0005093535603682,>=0.50
256287,Hành trình kiên cường của cặp vợ chồng ở TPHCM cùng mắc bệnh u não,Đời sống,Đời sống,Sức khỏe,False,0.14544257504642677,0.10–0.20
99247,10 dấu ấn giáo dục của TP.HCM năm 2024,Giáo dục,Giáo dục,Giáo dục,True,2.4578680892733398,>=0.50
264495,Bị cả xóm tẩy chay vì dựng rạp cưới ngoài ngõ suốt 1 tuần,Đời sống,Đời sống,Đời sống,True,0.5565441388241171,>=0.50
28527,Khai trương Bệnh viện Mắt quốc tế Hồng Sơn tại TP.HCM,Sức khỏe,Sức khỏe,Sức khỏe,True,1.655138858408217,>=0.50
51438,"Hyundai Palisade đời mới lộ động cơ, biểu giá: Có cả bản ngốn xăng và tiết kiệm",Xe,Xe,Kinh doanh,False,0.0211455121522649,<0.10
180295,Đáp án chính thức môn Ngữ văn thi vào lớp 10 của TP.HCM năm 2023,Giáo dục,Giáo dục,Giáo dục,True,1.1920902190200624,>=0.50
181927,Mỹ mở cuộc điều tra chống độc quyền nhằm vào Nvidia,Khoa học công nghệ,Khoa học,Kinh doanh,False,0.6956704900777034,>=0.50
132810,"Tài xế container dương tính ma túy, bỏ chạy trên cao tốc khi bị CSGT kiểm tra",Thời sự,Thời sự,Pháp luật,False,0.21943033220538677,0.20–0.30
133134,TP.HCM dừng đề án di dời cơ sở công nghiệp khỏi nội thành,Thời sự,Thời sự,Kinh doanh,False,0.08333472239716067,<0.10
204538,Tòa tuyên án vụ hút hố ga của tiệm vàng làm 2 người chết,Pháp luật,Pháp luật,Pháp luật,True,0.309219598757446,0.30–0.50
95974,Nữ sinh Phú Yên chinh phục học bổng Mỹ: 'Đi để trân trọng hành trình trở về',Giáo dục,Giáo dục,Giáo dục,True,2.1735878452684236,>=0.50
159214,Diễn viên Quốc Tuấn trở lại đóng phim điện ảnh sau 18 năm,Giải trí,Giải trí,Giải trí,True,1.9716875160174094,>=0.50
251959,Hàng loạt xe Honda bị kẻ trộm vặt mất cảm biến radar phía trước vì bán được giá,Xe,Xe,Xe,True,0.22948631707595468,0.20–0.30
254121,"Đầu năm 2024, giá xe tiếp tục giảm hàng trăm triệu đồng",Xe,Xe,Kinh doanh,False,0.47772097510462486,0.30–0.50
26358,Khám chữa bệnh không phải ở nơi đăng ký ban đầu có được thanh toán bảo hiểm y tế?,Pháp luật,Pháp luật,Sức khỏe,False,0.9842795643238531,>=0.50
141057,Phát động cuộc thi trực tuyến tìm hiểu lịch sử Việt Nam,Thời sự,Thời sự,Công đoàn,False,0.1763136051847321,0.10–0.20
104431,"Lợi nhuận tăng mạnh, Vinasun bất ngờ tăng chi trả cổ tức bằng tiền mặt lên 45%",Kinh doanh,Kinh doanh,Kinh doanh,True,1.4790892335889327,>=0.50
203585,"Rủ đánh nhau sau nhậu, người đàn ông tử vong",Pháp luật,Pháp luật,Pháp luật,True,0.3003710186198436,0.30–0.50
187515,Fan Samsung nhận 'gáo nước lạnh' về Galaxy S26 Ultra,Khoa học công nghệ,Khoa học,Khoa học,True,0.34634509364798777,0.30–0.50
145382,Đại lý 'hối' khách mua ô tô sớm vì lo phí đăng ký biển số tăng,Xe,Xe,Xe,True,0.2739065652386716,0.20–0.30
205651,Người đàn ông sau lần mắc bệnh lậu phải đi khám tâm thần,Sức khỏe,Sức khỏe,Sức khỏe,True,1.922324715532358,>=0.50
40580,"Thua trong gang tấc, Nguyễn Thị Thật đoạt huy chương bạc châu Á",Thể thao,Thể thao,Thể thao,True,0.038272627410346816,<0.10
213415,Quiz: Ung thư phổi và những quan niệm sai lầm về bệnh này là gì?,Sức khỏe,Sức khỏe,Sức khỏe,True,1.3522233141782014,>=0.50
201447,Sun Life và mục tiêu mang đến cuộc sống tươi sáng cho khách hàng,Kinh doanh,Kinh doanh,Kinh doanh,True,1.7546695478511705,>=0.50
49006,"Chi tiết Hyundai Elantra N vừa về đại lý, đối thủ Hàn Quốc của Honda Civic Type R",Xe,Xe,Khoa học,False,0.08458490985774181,<0.10
246872,Tiktoker Lê Việt Hùng bị tạm giữ là ai?,Thời sự,Thời sự,Pháp luật,False,0.277716024244848,0.20–0.30
26966,Bố mẹ có được kiểm tra điện thoại của con không?,Pháp luật,Pháp luật,Pháp luật,True,0.752671674337675,>=0.50
186349,2 mục tiêu phát triển phần mềm miễn phí giúp người dân phòng chống lừa đảo,Khoa học công nghệ,Khoa học,Khoa học,True,0.22540484148829992,0.20–0.30
218317,Video pháo binh Ukraine dùng đạn dẫn đường tập kích xe phòng không Nga,Thế giới,Thế giới,Thế giới,True,0.005576041314480029,<0.10
181110,Nguyên nhân 3 quốc gia đình chỉ thi IELTS trên giấy,Giáo dục,Giáo dục,Giáo dục,True,0.29680116037101284,0.20–0.30
43277,Tìm món hương đồng gió nội cho ngày Tết - Kỳ 2: Lạ miệng món núi rừng trên mâm tiệc phố,Thời sự,Thời sự,Đời sống,False,0.030159523737358973,<0.10
38649,SEA Games 33: Niềm tin lớn hơn thất vọng,Thể thao,Thể thao,Thể thao,True,0.8247741537105737,>=0.50
215786,Chú rể đột tử chỉ sau một giờ làm lễ kết hôn,Thế giới,Thế giới,Đời sống,False,0.6747859474811984,>=0.50
8458,Huyền thoại K-pop Big Bang: Nhạc hay nhưng lắm ồn ào,Giải trí,Giải trí,Giải trí,True,0.6128722478545355,>=0.50
194593,"Bản tin tài chính sáng 15/8: USD lên cao nhất 5 tháng, vàng và dầu giảm giá",Kinh doanh,Kinh doanh,Kinh doanh,True,1.6382916846633,>=0.50
124613,CLB Liverpool nói gì về sự qua đời đầy đau đớn của Diogo Jota?,Thể thao,Thể thao,Thể thao,True,1.1162352578960921,>=0.50
69610,"Kết quả xổ số Mega 6/45 Vietlott tối 12.10, gần 92 tỉ đồng chờ người trúng",Đời sống,Đời sống,Đời sống,True,1.431041332330249,>=0.50
15763,Tin tức giải trí 1-7: Inside Out 2 là phim hoạt hình cán mốc 1 tỉ USD doanh thu nhanh nhất lịch sử,Giải trí,Giải trí,Giải trí,True,1.63135700869479,>=0.50
99555,Hàng trăm học sinh không đi học sau tết: Cam kết sẽ xây mới điểm trường lẻ,Giáo dục,Giáo dục,Giáo dục,True,1.6019440564751068,>=0.50
17105,Cột mốc quan trọng trong hành trình phát triển của Vietmap,Khoa học công nghệ,Khoa học,Khoa học,True,0.16680387255011953,0.10–0.20
118387,Tình trạng của người tiêm 217 mũi vắc xin Covid-19 gây bất ngờ,Thế giới,Thế giới,Sức khỏe,False,0.17006001073364546,0.10–0.20
116614,Review sữa rửa mặt Rejuvaskin Anti-Pollution Facial Cleanser có làm sạch cả bụi mịn PM2.5 không?,Sức khỏe,Sức khỏe,Sức khỏe,True,0.5704131638772321,>=0.50
27923,"Cổ chân đau sau đi bộ, việc cần làm ngay tại nhà là gì?",Sức khỏe,Sức khỏe,Sức khỏe,True,0.8617853213495843,>=0.50
136874,Cận cảnh đền thờ Đức thánh Trần Hưng Đạo mới xếp hạng di tích,Thời sự,Thời sự,Thời sự,True,0.09858736363402198,<0.10
168938,"Chung Lim phim Xin lỗi, anh yêu emqua đời ở tuổi 37",Giải trí,Giải trí,Giải trí,True,1.2262896611415166,>=0.50
26400,"Bị thiệt hại do chậm tính thuế, có yêu cầu bồi thường được không?",Pháp luật,Pháp luật,Pháp luật,True,0.38573849863385334,0.30–0.50
250594,"Xe tải lấn làn, vượt ẩu khiến ô tô ngược chiều hốt hoảng tấp vào lề",Xe,Xe,Xe,True,0.17103480906443758,0.10–0.20
114571,Bạn sẽ làm gì hôm nay để nhận được lời cảm ơn từ chính mình?,Sức khỏe,Sức khỏe,Sức khỏe,True,0.19978121593621245,0.10–0.20
203602,Cô gái Cần Thơ chiếm đoạt gần 3 tỷ đồng của 132 người muốn đi lao động Hàn Quốc,Pháp luật,Pháp luật,Pháp luật,True,0.9571818577044524,>=0.50
232195,MU chốt ký Hojlund giá khủng trong hôm nay,Thể thao,Thể thao,Thể thao,True,0.03566982707107791,<0.10
175082,Khai giảng năm học mới với chủ đề 'tiếp tục đổi mới theo chiều sâu',Giáo dục,Giáo dục,Giáo dục,True,3.0356200321258076,>=0.50
7684,Hà Anh Tuấn si mê giọng hát Uyên Linh còn nữ ca sĩ nói muốn ghi tên mình vào lịch sử nhạc Việt,Giải trí,Giải trí,Giải trí,True,2.0738621947451197,>=0.50
252381,"Đang lái xe, bị gây chuyện, cà khịa trên đường phải ứng biến ra sao?",Xe,Xe,Pháp luật,False,0.5197271409542666,>=0.50
6560,Tin tức xem nghe cuối tuần: Hoài Linh đồng đạo diễn vở cải lương Dương gia tướng,Giải trí,Giải trí,Giải trí,True,0.8620437167052908,>=0.50
116710,Tại sao các tín đồ skincare ngày càng yêu chuộng sản phẩm chứa Retinol thuần thực vật?,Sức khỏe,Sức khỏe,Sức khỏe,True,0.3641196761921511,0.30–0.50
252447,"'Nhịn' mua xe 1 năm, vợ chồng tôi dư ra được nửa tỷ đồng",Xe,Xe,Xe,True,0.1682328742319521,0.10–0.20
130896,Đội CAND - T&T vào chung kết hai nội dung đồng đội giải bóng bàn VĐQG 2024,Thể thao,Thể thao,Thể thao,True,1.309239419367882,>=0.50
162489,NSƯT Lê Mai không nhận ra con gái Lê Vi,Giải trí,Giải trí,Giải trí,True,1.1284120407512013,>=0.50
25407,"Cổ phiếu QCG tiếp tục ‘nằm sàn’, Quốc Cường Gia Lai lên tiếng vụ bà Như Loan",Kinh doanh,Kinh doanh,Kinh doanh,True,1.33866013679879,>=0.50
219352,Ba cầu thủ nhập tịch chờ lên tuyển Việt Nam đấu Malaysia,Thể thao,Thể thao,Thể thao,True,1.5618533563814911,>=0.50
204156,Nữ đại gia miền Tây lĩnh án vì 'huỷ hoại tài sản 35 triệu đồng',Pháp luật,Pháp luật,Pháp luật,True,0.4182091126723315,0.30–0.50
26262,"Giấy khai sinh tôi chỉ có mẹ, nay tìm được cha thì ông đã mất, làm sao để tôi nhận cha?",Pháp luật,Pháp luật,Pháp luật,True,0.3862735083806179,0.30–0.50
185522,Cục Viễn thông yêu cầu Gmobile báo cáo vụ thuê bao tê liệt nhiều tháng,Khoa học công nghệ,Khoa học,Khoa học,True,0.08007310059748574,<0.10
129143,"Nóng: Bích Tuyền bất ngờ rút lui khỏi đội tuyển Việt Nam, không dự giải bóng chuyền thế giới, VFV lên tiếng",Thể thao,Thể thao,Thể thao,True,0.9728567410840541,>=0.50
26987,"Tôi có hai căn nhà, nếu ly hôn thì phải chia tài sản thế nào?",Pháp luật,Pháp luật,Pháp luật,True,0.3051592303483919,0.30–0.50
117245,"Truyền trắng da là gì, phương pháp truyền trắng có gây tổn thương thận?",Sức khỏe,Sức khỏe,Sức khỏe,True,1.3656193372113106,>=0.50
74400,Thanh Niên và tôi: Báo Thanh Niên - Người bạn tri kỷ của tôi,Đời sống,Đời sống,Đời sống,True,0.15591871234071614,0.10–0.20
26019,"Mua đất của dì ruột chưa sang tên, nhờ dì xin giấy phép xây dựng có rủi ro gì không?",Pháp luật,Pháp luật,Pháp luật,True,0.44456009337879665,0.30–0.50
141815,Chính phủ cho phép kéo dài thời hạn giải quyết chính sách cho người ngoài biên chế,Thời sự,Thời sự,Công đoàn,False,0.11440139540253419,0.10–0.20
195996,Thanh tra Chính phủ điểm tên 3 ngân hàng lớn dùng vốn trái phiếu sai mục đích,Kinh doanh,Kinh doanh,Kinh doanh,True,1.8192790474980374,>=0.50
140289,Yêu cầu xử lý vụ 'khai thác đá để trồng điều' do Báo Thanh Niên phản ánh,Thời sự,Thời sự,Pháp luật,False,0.5660659034156861,>=0.50
136171,"Nô nức 'mua may, bán rủi' đầu năm tại chợ Viềng",Thời sự,Thời sự,Kinh doanh,False,0.3005796285162238,0.30–0.50
220409,HLV U17 Việt Nam gây tiếng vang giải châu Á là ai,Thể thao,Thể thao,Thể thao,True,0.6903516093697794,>=0.50
148087,VinFast VF 3 lộ chi tiết giống hệt xe sang Mercedes,Xe,Xe,Xe,True,0.19764231637540064,0.10–0.20
264424,"Thông gia nghèo gửi 50 triệu tiền phúng điếu, cả nhà xôn xao, làm việc ý nghĩa",Đời sống,Đời sống,Đời sống,True,0.7129417443427724,>=0.50
121627,"Thương vong do giao tranh ở Sudan tăng cao, Mỹ có động thái mới",Thế giới,Thế giới,Thế giới,True,0.373470997430659,0.30–0.50
5354,Dạy tiếng Anh như ngôn ngữ thứ hai: Mục tiêu cao nhưng thách thức lớn,Giáo dục,Giáo dục,Giáo dục,True,0.8384822815631062,>=0.50
64242,"Vừa ra mắt, 'The Legend of Zelda: Tears of the Kingdom' đã thu về trái ngọt",Khoa học công nghệ,Khoa học,Giáo dục,False,0.24603140844674426,0.20–0.30
262396,"Cô gái Quảng Ninh 'ăn thùng uống vại', gọi 4-5 suất mỗi lần, dáng vẫn thon gọn",Đời sống,Đời sống,Sức khỏe,False,0.38702857415990205,0.30–0.50
190545,Sacombank đồng hành cùng Ngày không tiền mặt năm 2025,Kinh doanh,Kinh doanh,Kinh doanh,True,1.061791622257299,>=0.50
116453,Hội nghị khoa học Liên Chi hội Phẫu thuật Tạo hình TP.HCM,Sức khỏe,Sức khỏe,Sức khỏe,True,0.905043360440472,>=0.50
53795,Bốn tính năng sẽ có trên iPhone 15 series,Khoa học công nghệ,Khoa học,Khoa học,True,0.9931275604602181,>=0.50
62029,Thương hiệu phụ kiện 9Fit ra mắt nhẫn thông minh 9Fit ring tại Việt Nam,Khoa học công nghệ,Khoa học,Khoa học,True,0.48291012259913757,0.30–0.50
170555,Nhạc sĩ Huy Tuấn: ‘Chúng tôi áp lực khi nhận đề bài từ La Tiên Show: The Cội’,Giải trí,Giải trí,Giải trí,True,1.2663073254697665,>=0.50
51128,"Audi A6 đời mới chính thức ra mắt: 'Bản sao của A5', nhiều công nghệ mới",Xe,Xe,Xe,True,0.3570651018410238,0.30–0.50
140220,Bộ phận một cửa các sở ngành TP.HCM dừng nhận hồ sơ từ ngày 27.12,Thời sự,Thời sự,Kinh doanh,False,0.1422447621076674,0.10–0.20
114094,"Ngân hàng Nhà nước hút ròng 100.000 tỉ đồng, lãi suất vẫn giảm",Kinh doanh,Kinh doanh,Kinh doanh,True,1.1382841884960313,>=0.50
241944,"Nơi đang nguy cơ cao sạt lở đất đá sau mưa lớn, xe khách nên hạn chế chạy đêm",Thời sự,Thời sự,Xe,False,0.19777794764325007,0.10–0.20
204754,Lừa đảo hàng trăm người để lấy tiền cá độ bóng đá,Pháp luật,Pháp luật,Pháp luật,True,0.5031668924552846,>=0.50
94601,Huyền thoại điện ảnh Pháp Brigitte Bardot qua đời,Giải trí,Giải trí,Giải trí,True,1.0249323300250208,>=0.50
100524,Cuộc thi đầu tư chứng khoán cho sinh viên Việt Nam,Giáo dục,Giáo dục,Giáo dục,True,0.7367396596066356,>=0.50
172310,"Cô giáo có chiêu phạt lỗi đi muộn đặc biệt, khiến nhóm học sinh 'nổi như cồn'",Giáo dục,Giáo dục,Giáo dục,True,1.3751974542961165,>=0.50
33435,Thêm 'vũ khí' chống ung thư,Thế giới,Thế giới,Sức khỏe,False,0.6909336007793379,>=0.50
253042,6 mẫu xe sử dụng động cơ 3 xy-lanh tiết kiệm nhiên liệu tại Việt Nam hiện nay,Xe,Xe,Xe,True,0.453954415909982,0.30–0.50
140246,Hỗ trợ gần 45 tỉ đồng cho người dân 2 tỉnh bị ảnh hưởng bão Yagi,Thời sự,Thời sự,Đời sống,False,0.06604406011784547,<0.10
225825,"Amorim lên tiếng tương lai Mainoo, Harry Maguire và Casemiro ở MU",Thể thao,Thể thao,Thể thao,True,1.165077473764502,>=0.50
21982,PARAMAX ra mắt dòng loa karaoke di động cao cấp - Saga & Saga 8,Kinh doanh,Kinh doanh,Khoa học,False,0.5159858442289491,>=0.50
24394,Giá vàng lập kỷ lục mới: 104 triệu đồng/lượng,Kinh doanh,Kinh doanh,Kinh doanh,True,1.5131837645902686,>=0.50
256292,Bạn muốn hẹn hò tập 1120: Ông chủ vườn mít chờ hơn 10 năm mới được tham gia,Đời sống,Đời sống,Giải trí,False,0.5116631667655829,>=0.50
253004,"Garage sửa chữa, bảo dưỡng ô tô khi nào nghỉ Tết?",Xe,Xe,Đời sống,False,0.07199472658735095,<0.10
117963,Làm thịt hơn 100 con cá sấu vì lo xổng chuồng trong lũ,Thế giới,Thế giới,Thời sự,False,0.02655029149376109,<0.10
33613,Triều Tiên đón ca sinh năm đầu tiên trong lịch sử,Thế giới,Thế giới,Sức khỏe,False,0.18410251274317602,0.10–0.20
5256,"Tạm đình chỉ cô giáo bị phụ huynh 'tố' tát vào mặt, kéo lê học sinh",Giáo dục,Giáo dục,Giáo dục,True,1.980539723036947,>=0.50
220830,Xuân Son trải lòng xúc động ngày đầu năm mới,Thể thao,Thể thao,Thể thao,True,0.6902242236130529,>=0.50
142709,Thiếu tướng Trần Vinh Ngọc giữ chức Chính ủy Quân khu 7,Thời sự,Thời sự,Thời sự,True,0.34129022892662597,0.30–0.50
51197,"Audi muốn vươn tầm xe siêu sang, có thể làm sedan cỡ lớn, MPV đỉnh cao",Xe,Xe,Xe,True,0.18937186791232008,0.10–0.20
203713,Thanh niên quật ngã rồi dùng dao đâm cô gái Hà Nội hàng chục nhát,Pháp luật,Pháp luật,Pháp luật,True,0.43754112852146443,0.30–0.50
33955,Elon Musk tiến gần ước mơ biến căn cứ SpaceX thành một thành phố?,Thế giới,Thế giới,Khoa học,False,0.07558798150606105,<0.10
228297,"Ruben Amorim thừa nhận thất bại với Rashford, buộc phải đẩy khỏi MU",Thể thao,Thể thao,Thể thao,True,0.9529684204161221,>=0.50
45202,Sở Xây dựng TP.HCM yêu cầu khẩn trương khắc phục những bất cập trên đường Nguyễn Văn Quỳ,Thời sự,Thời sự,Kinh doanh,False,0.2438089376717011,0.20–0.30
47829,"Volvo S90 2025 ra mắt Việt Nam: Nhiều nâng cấp, giá lại chỉ 2,75 tỉ đồng thấp hơn mẫu tiền nhiệm",Xe,Xe,Xe,True,0.03302755474156294,<0.10
111068,Giá USD hôm nay 21.11.2025: Đồng loạt tăng,Kinh doanh,Kinh doanh,Kinh doanh,True,1.134640587248503,>=0.50
104799,Băn khoăn quy định siết chặt cho thuê căn hộ chung cư,Kinh doanh,Kinh doanh,Kinh doanh,True,0.6009452854055624,>=0.50
35165,"Phe Dân chủ công bố thông tin mới vụ tỉ phú ấu dâm Epstein, ông Trump liền lên tiếng",Thế giới,Thế giới,Pháp luật,False,0.2046599396151677,0.20–0.30
237700,Khoảnh khắc kẻ cướp đập tủ kính tiệm vàng PNJ ở Đà Nẵng,Thời sự,Thời sự,Pháp luật,False,0.7362604103960546,>=0.50
203983,Bắt 2 người nhận tiền doanh nghiệp để không viết bài phản ánh,Pháp luật,Pháp luật,Kinh doanh,False,0.11943402516877066,0.10–0.20
134155,Tai nạn trên cao tốc Đà Nẵng - Quảng Ngãi: Kiểm tra ma túy đối với tài xế,Thời sự,Thời sự,Thời sự,True,0.48069403093541463,0.30–0.50
74324,Thanh Niên và tôi: Báo Thanh Niên - người bạn mới và nhân văn của tôi,Đời sống,Đời sống,Đời sống,True,0.14032129605789406,0.10–0.20
250095,"Tin vào Google Maps, nữ tài xế lái Audi Q3 lao xuống hồ nước lúc nửa đêm",Xe,Xe,Pháp luật,False,0.0012961738247402321,<0.10
197611,Lý do giá điện 'gánh' khoản lỗ của EVN; 'bác' đề nghị trợ cấp khi mua ô tô điện,Kinh doanh,Kinh doanh,Kinh doanh,True,1.593497283116757,>=0.50
47699,"'Mazda CX-3, CX-30 lái hay, nhưng lại khó hợp số đông'",Xe,Xe,Xe,True,0.7635443703549558,>=0.50
26858,"Thi công mà không ký hợp đồng bị 'xù' tiền, phải làm sao?",Pháp luật,Pháp luật,Pháp luật,True,0.6862493793537714,>=0.50
261145,"Những phụ nữ thề mãi gìn giữ trinh tiết, cả đời không lấy chồng",Đời sống,Đời sống,Giải trí,False,0.1701530113679119,0.10–0.20
241223,"Ô tô khách mất phanh khi đi đường đèo dốc, CSGT nêu kinh nghiệm phòng tránh",Thời sự,Thời sự,Thời sự,True,0.07743517203252659,<0.10
226328,Quốc gia chưa bằng 1% dân số Việt Nam gây địa chấn giành vé dự World Cup 2026,Thể thao,Thể thao,Thể thao,True,0.7808288479084238,>=0.50
145709,Honda Civic 2025 có thêm bản động cơ hybrid như CR-V,Xe,Xe,Xe,True,0.3409211621168828,0.30–0.50
33112,Việt Nam đang có khoảng 600.000 nhân lực chất lượng cao ở nước ngoài,Thế giới,Thế giới,Kinh doanh,False,0.010328577918418458,<0.10
26906,"Tôi chuyển tiền nhầm cho bạn 700 triệu nhưng bạn không trả lại, phải làm sao?",Pháp luật,Pháp luật,Pháp luật,True,1.2248677638844803,>=0.50
34171,Đón năm mới tại quảng trường Thời Đại ở New York,Thế giới,Thế giới,Giải trí,False,0.03165647548182127,<0.10
80468,‘Sao Kim bắn tim Sao Hỏa’ tập 10: 'Biến lớn' khi Trang chạm mặt người yêu cũ của chồng,Giải trí,Giải trí,Giải trí,True,0.052478624673830465,<0.10
116115,Top 10 kem chống nhăn nâng cơ ngăn ngừa chảy xệ cho U30+ ‘trẻ mãi không già’,Sức khỏe,Sức khỏe,Sức khỏe,True,0.7481246539561123,>=0.50
191788,Rao bán khoản nợ của doanh nghiệp phát triển dự án Sense City Đông Sài Gòn,Kinh doanh,Kinh doanh,Kinh doanh,True,1.2399348878160836,>=0.50
115151,Tư vấn sức khỏe: Công nghệ mới nhất thay khớp gối - khớp háng,Sức khỏe,Sức khỏe,Sức khỏe,True,0.01481608042287752,<0.10
99624,Thêm một trường mầm non Q.12 là trường chuẩn quốc gia mức độ 1,Giáo dục,Giáo dục,Giáo dục,True,0.9479889853216413,>=0.50
11338,Đạo diễn Phạm Thiên Ân: Tôi sẽ chỉ làm phim về Việt Nam,Giải trí,Giải trí,Giải trí,True,1.5717444753981695,>=0.50
104705,Thu hút đầu tư: Lọc ngành hay giảm phát thải?,Kinh doanh,Kinh doanh,Kinh doanh,True,1.7114077114915478,>=0.50
29848,"Cứu chữa bệnh nhân người Lào mang 4,5 lít mủ, bụng to như mang thai 8 tháng",Sức khỏe,Sức khỏe,Sức khỏe,True,1.6391593079769606,>=0.50
210736,Bị viêm tai xương chũm có cholesteatoma khiến cô gái bị chảy mủ kéo dài,Sức khỏe,Sức khỏe,Sức khỏe,True,1.5874679880716163,>=0.50
60226,Lazada tung deal hấp dẫn khuấy đảo dịp siêu sale 11.11,Khoa học công nghệ,Khoa học,Kinh doanh,False,1.0595564657260756,>=0.50
73981,CSGT TP.HCM tổng kiểm tra nồng độ cồn ở bờ kè: Hơn 1.200 người được mời thổi,Đời sống,Đời sống,Pháp luật,False,0.2756892173197356,0.20–0.30
204984,‘Siêu lừa’ Hà Thành chờ ngày ra tòa để nói lời xin lỗi,Pháp luật,Pháp luật,Pháp luật,True,0.7284948507120166,>=0.50
148293,Giải đua xe địa hình HTV Challenge trở lại: Chờ xem dàn 'quái thú' vượt đồi cát,Xe,Xe,Thể thao,False,0.07592257366849631,<0.10
246319,Khởi tố cựu Tổng giám đốc bảo hiểm PJICO Đào Nam Hải,Thời sự,Thời sự,Pháp luật,False,0.517048290890728,>=0.50
119950,Intel 'chơi lớn' giữa cuộc chiến công nghệ Mỹ - Trung,Thế giới,Thế giới,Kinh doanh,False,0.3878133150669467,0.30–0.50
67361,Hôm nay ngày 11.11: Bạn còn nhớ khoảnh khắc 11 giờ 11 phút 11 giây ngày 11.11.11?,Đời sống,Đời sống,Giáo dục,False,0.24435603324158073,0.20–0.30
255910,"Hơn 20 năm không sinh nở, mẹ kế Bắc Ninh một lòng nuôi 2 con chồng khôn lớn",Đời sống,Đời sống,Đời sống,True,0.8552670601262374,>=0.50
20005,Hạ tầng GELEX chính thức được chấp thuận IPO 100 triệu cổ phiếu,Kinh doanh,Kinh doanh,Kinh doanh,True,2.815405453970141,>=0.50
244957,Bắt kẻ đột nhập ký túc xá trộm tài sản du học sinh Lào ở TPHCM,Thời sự,Thời sự,Pháp luật,False,0.017328876689605366,<0.10
66925,"Thông tư 24: Từ 15.8, trường hợp nào bị thu hồi cà vẹt, biển số xe?",Đời sống,Đời sống,Xe,False,0.4492455916140278,0.30–0.50
31960,"Cảnh báo học sinh, sinh viên cột sống cong chữ S, lồng ngực biến dạng",Sức khỏe,Sức khỏe,Sức khỏe,True,0.7394541360132936,>=0.50
204625,"Xử 'bà trùm' xuất gần 35.000 hóa đơn khống, giá trị hơn 4.400 tỷ đồng",Pháp luật,Pháp luật,Kinh doanh,False,0.4472858056507192,0.30–0.50
230045,Dự đoán bóng đá Slovenia vs Serbia – bảng C Euro 2024 20h 20/6,Thể thao,Thể thao,Thể thao,True,1.6329054238468412,>=0.50
119979,Kinh tế châu Á - Thái Bình Dương vẫn nhiều hứa hẹn,Thế giới,Thế giới,Kinh doanh,False,1.4592649972094542,>=0.50
17060,"Năm 2026, thế giới sẽ bị siêu tấn công mạng chưa từng có vì AI bị thao túng?",Khoa học công nghệ,Khoa học,Khoa học,True,0.6537397335941918,>=0.50
106421,Vì sao ngành điều Việt Nam suy thoái?,Kinh doanh,Kinh doanh,Kinh doanh,True,1.791374563722016,>=0.50
27217,Lập hội 'anti' nhưng coi chừng phạm luật,Pháp luật,Pháp luật,Pháp luật,True,0.8684272634503536,>=0.50
115927,"Miếng dán ép sẹo silicone sheeting Scar FX trị sẹo lồi, sẹo phì đại mọi kích thước",Sức khỏe,Sức khỏe,Sức khỏe,True,0.5800114825164407,>=0.50
143896,"SUV đô thị: Mitsubishi Xforce lại sa sút, bộ đôi Toyota vẫn áp đảo",Xe,Xe,Xe,True,0.38259354387817535,0.30–0.50
26110,"Không có lương hưu, chỉ ký hợp đồng khoán việc thì có phải đóng bảo hiểm xã hội?",Pháp luật,Pháp luật,Công đoàn,False,0.08465455092974927,<0.10
211171,Vimedimex ký hợp tác với đối tác Đức ứng dụng liệu pháp trị liệu phóng xạ,Sức khỏe,Sức khỏe,Khoa học,False,0.06907395568322588,<0.10
26599,Báo chốt cảnh sát giao thông đang làm nhiệm vụ: có thể bị phạt nặng,Pháp luật,Pháp luật,Pháp luật,True,0.8597986172580911,>=0.50
196743,"Chủ tịch Quảng Nam: Mong các doanh nghiệp không đến bằng quà cáp, đi đêm",Kinh doanh,Kinh doanh,Kinh doanh,True,1.5840841206644898,>=0.50
27497,Đẩy người thân vào vòng lao lý,Pháp luật,Pháp luật,Pháp luật,True,0.9760239006833311,>=0.50
190505,Giá vàng hôm nay 17/6/2025: Vàng miếng SJC và nhẫn trơn diễn biến thế nào?,Kinh doanh,Kinh doanh,Kinh doanh,True,2.126083458457379,>=0.50
227837,"Barca được dự đoán vô địch Cúp C1, Real Madrid bị Arsenal loại",Thể thao,Thể thao,Thể thao,True,1.1978877316565142,>=0.50
251153,Chiếc sedan 'ngửa bụng' khi tiếp đất từ độ cao hơn 12m như phim hành động,Xe,Xe,Thời sự,False,0.05157726983736377,<0.10
49567,Cắt thảm trải sàn xe giúp tránh kẹt chân ga?,Xe,Xe,Xe,True,0.3687308624599599,0.30–0.50
58253,"Rò rỉ hình ảnh vỏ pin iPhone 17 Pro, bền và sạc nhanh hơn",Khoa học công nghệ,Khoa học,Khoa học,True,1.2573085680958909,>=0.50
56374,One UI 8 cập bến bộ đôi điện thoại Galaxy siêu rẻ,Khoa học công nghệ,Khoa học,Khoa học,True,0.6849515253007433,>=0.50
51542,"Hyundai bất ngờ công bố CEO mới, hứa hẹn đẩy mạnh đội hình xe điện",Xe,Xe,Kinh doanh,False,0.15677076493863962,0.10–0.20
26712,Có hai bản di chúc thì bản nào có giá trị pháp lý?,Pháp luật,Pháp luật,Pháp luật,True,0.41398107937151774,0.30–0.50
195317,Giá vàng hôm nay 4/4: Giá vàng 9999 giảm cả chiều mua và bán,Kinh doanh,Kinh doanh,Kinh doanh,True,1.618264346620481,>=0.50
92679,Trường Giang tung bộ ảnh sau khi giảm 11kg,Giải trí,Giải trí,Giải trí,True,1.0720424389903502,>=0.50
59926,Xuất hiện thủ đoạn lừa đảo dưới danh nghĩa Ví MoMo và ZaloPay,Khoa học công nghệ,Khoa học,Khoa học,True,0.04457569500163039,<0.10
97401,Đẩy nhanh quy trình tuyển sinh đầu cấp để vận hành chính quyền 2 cấp,Giáo dục,Giáo dục,Giáo dục,True,1.6241702127195445,>=0.50
21340,Phân tíchHé lộ doanh thu khủng của 'đế chế chăn nuôi' C.P tại Việt Nam,Kinh doanh,Kinh doanh,Kinh doanh,True,1.5188880106725189,>=0.50
253027,"Top 10 xe xăng dầu bán chạy tháng 11: Mitsubishi bùng nổ, 'trắng' tên xe Hàn",Xe,Xe,Xe,True,0.22774821008730017,0.20–0.30
91951,Showbiz 11.3: Cuộc sống của 'mẹ hai con' Lan Phương; Sơn Tùng tiết lộ show diễn mới,Giải trí,Giải trí,Giải trí,True,2.505683185141174,>=0.50
192504,"Vừa 'nổ' giải độc đắc hơn 228 tỷ, Vietlott lại tìm thấy vé số trúng hơn 47 tỷ",Kinh doanh,Kinh doanh,Đời sống,False,0.7029538037818248,>=0.50
96697,Xếp hàng từ đêm mua hồ sơ lớp 1: Sao không tuyển sinh trực tuyến?,Giáo dục,Giáo dục,Giáo dục,True,1.7103034167009414,>=0.50
217189,Top 3 vũ khí cảm tử thông dụng nhất của quân đội Nga,Thế giới,Thế giới,Khoa học,False,0.07821649787061807,<0.10
82851,"Mỹ Tâm tung trailer 'Người giữ thời gian', hé lộ nhiều góc khuất hậu trường",Giải trí,Giải trí,Giải trí,True,2.001197391859794,>=0.50
59012,Apple tăng đầu tư tại Indonesia để bán iPhone 16,Khoa học công nghệ,Khoa học,Kinh doanh,False,1.1666285396932725,>=0.50
197824,Nghệ An 6 tháng thu hút hơn 610 triệu USD vốn FDI,Kinh doanh,Kinh doanh,Kinh doanh,True,1.5686068822268853,>=0.50
114067,Giá vàng hôm nay 30.9.2024: Giá mua vàng nhẫn cao hơn vàng miếng hơn 1 triệu đồng,Kinh doanh,Kinh doanh,Kinh doanh,True,1.1865647254816025,>=0.50
227782,"Nhận định bóng đá Dortmund vs Barca, tứ kết Cúp C1",Thể thao,Thể thao,Thể thao,True,1.4790423460873527,>=0.50
225013,Kết quả Hà Nội 3-0 Hải Phòng - Vòng 6 V league 2022,Thể thao,Thể thao,Thể thao,True,1.577430548799362,>=0.50
33012,Vụ 39 người Việt tử nạn ở Anh: Tịch thu tài sản trùm buôn người để bồi thường cho gia đình nạn nhân,Thế giới,Thế giới,Pháp luật,False,0.4761462764816662,0.30–0.50
10374,Ai sẽ giành Sư tử vàng ở Liên hoan phim Venice?,Giải trí,Giải trí,Giải trí,True,1.587603685042578,>=0.50
3021,"Ngày hội tư vấn tuyển sinh hướng nghiệp tại Hà Nội: 300 gian tư vấn, Dangrangto sẽ đến giao lưu",Giáo dục,Giáo dục,Giáo dục,True,2.6842818354013054,>=0.50
225782,Tuyển Việt Nam: Thay đổi là về lối đá cũ để ẳm cúp AFF Cup 2022,Thể thao,Thể thao,Thể thao,True,0.7724522236280659,>=0.50
177494,Điểm chuẩn Học viện Cảnh sát nhân dân năm 2025,Giáo dục,Giáo dục,Giáo dục,True,0.8635334762528231,>=0.50
105655,Bộ Công thương vẫn muốn điều chỉnh giá điện 2 tháng một lần,Kinh doanh,Kinh doanh,Kinh doanh,True,1.6222013520942928,>=0.50
124234,Báo Malaysia mất niềm tin: 'Mây đen bao phủ' sau hành động cứng rắn của FIFA,Thể thao,Thể thao,Thể thao,True,1.5964834876917184,>=0.50
147797,"‘Hú hồn’ nam sinh lái xe máy điện sang đường ẩu, suýt bị ô tô đâm",Xe,Xe,Xe,True,0.2806089782465706,0.20–0.30
234264,Kết quả Liverpool 2-2 Arsenal - Kết quẩ bóng đá Anh,Thể thao,Thể thao,Thể thao,True,1.2200494062535516,>=0.50
253325,"Top 10 xe bán chạy tháng 3: Mitsubishi Xforce lần đầu góp mặt, Xpander số 1",Xe,Xe,Kinh doanh,False,0.10288011803631647,0.10–0.20
65180,Schneider Electric và Van Der Leun hợp tác 'xanh hóa' ngành đóng tàu,Khoa học công nghệ,Khoa học,Kinh doanh,False,0.4140142029198526,0.30–0.50
229572,Fan Chelsea chỉ trích quyết định loại phũ phàng Gallagher,Thể thao,Thể thao,Thể thao,True,0.8500345822563211,>=0.50
97628,12 trường chung sức để đảm bảo chất lượng giáo dục ĐH,Giáo dục,Giáo dục,Giáo dục,True,1.6254706003946926,>=0.50
117492,Choáng: Nam thanh niên sống cùng 2 khối u khổng lồ trên mặt suốt 10 năm,Sức khỏe,Sức khỏe,Sức khỏe,True,1.671864023367612,>=0.50
134219,Người phụ nữ tử vong dưới bánh xe bồn ở trung tâm TP.HCM,Thời sự,Thời sự,Thời sự,True,0.4649982302331791,0.30–0.50
217711,Video binh sĩ Nga lái thử thiết giáp Đức viện trợ cho Ukraine,Thế giới,Thế giới,Thời sự,False,0.07593402474096422,<0.10
241136,Mở cơ sở kiểm định xe máy cần đáp ứng yêu cầu gì?,Thời sự,Thời sự,Pháp luật,False,0.025900794705675412,<0.10
171954,Nữ sinh 20 tuổi gây sốt Vietnam Idol kết hợp Emcee L nhóm Da LAB,Giải trí,Giải trí,Giải trí,True,0.926466662646933,>=0.50
136512,Quảng Trị: Tập huấn ứng dụng AI cho 800 doanh nghiệp và hợp tác xã,Thời sự,Thời sự,Kinh doanh,False,0.4806292647490148,0.30–0.50
179201,2 cách tra cứu điểm thi tuyển sinh vào lớp 10 TPHCM năm 2024,Giáo dục,Giáo dục,Giáo dục,True,0.8122512645253388,>=0.50
18998,Siêu thị ngập tràn khuyến mãi dịp 8-3,Kinh doanh,Kinh doanh,Kinh doanh,True,0.927886862813892,>=0.50
71185,Tử vi hằng ngày - Xem tử vi vui 12 con giáp ngày 17.9.2023,Đời sống,Đời sống,Đời sống,True,0.151958001633217,0.10–0.20
3466,"Trường đại học Khoa học xã hội và Nhân văn công bố điểm sàn, dự kiến điểm chuẩn giữ ổn định",Giáo dục,Giáo dục,Giáo dục,True,1.92721172818001,>=0.50
177581,Học viện Phụ nữ Việt Nam dự báo điểm chuẩn năm 2025 lên đến gần 27,Giáo dục,Giáo dục,Giáo dục,True,0.7779527975641578,>=0.50
144218,"Yamaha 125ZR Movista tại Malaysia giá gần 50 triệu đồng, về Việt Nam ngang giá ô tô",Xe,Xe,Xe,True,0.5115718952466544,>=0.50
117889,Thành phố Nhật Bản bị 'soi' vì dùng búp bê tình dục quảng bá du lịch,Thế giới,Thế giới,Khoa học,False,0.09378099125694239,<0.10
147112,"Phẫn nộ tài xế lái xe taxi vượt ẩu, leo lên vỉa hè khi tắc đường",Xe,Xe,Xe,True,0.1361388969753735,0.10–0.20
248082,Bentley Continental GT S bản đặc biệt ra mắt chỉ 2 chiếc,Xe,Xe,Xe,True,0.19912046478874035,0.10–0.20
188397,Phổ biến kỹ năng AI cho người dùng Việt qua bộ sách DeepSeek,Khoa học công nghệ,Khoa học,Giáo dục,False,0.4194277929691941,0.30–0.50
26762,"Ngân hàng không cho người vay trả nợ trước hạn, phải làm sao?",Pháp luật,Pháp luật,Kinh doanh,False,0.21735950539158128,0.20–0.30
26905,"Bị công an mời lên làm việc, tôi phải làm sao?",Pháp luật,Pháp luật,Pháp luật,True,1.4070174785294294,>=0.50
192942,"Giá vàng nhẫn tăng cao, đồng loạt vượt 77 triệu đồng",Kinh doanh,Kinh doanh,Kinh doanh,True,0.9697672475237584,>=0.50
100945,Quy hoạch mạng lưới để tăng cường năng lực các trường đại học,Giáo dục,Giáo dục,Giáo dục,True,0.8037093822250608,>=0.50
49206,Pin mới giúp xe hybrid cắm sạc đi 400km như xe điện,Xe,Xe,Xe,True,0.15104286392129151,0.10–0.20
44813,Ăn dày quá!,Thời sự,Thời sự,Pháp luật,False,0.17124503785030715,0.10–0.20
182478,Hiệu quả bước đầu triển khai một cửa liên thông,Khoa học công nghệ,Khoa học,Kinh doanh,False,0.47020390177939186,0.30–0.50
119735,"Meta sẽ lần đầu chia cổ tức, tỉ phú Mark Zuckerberg nhận 700 triệu USD mỗi năm",Thế giới,Thế giới,Kinh doanh,False,1.60036150286947,>=0.50
133549,Hàng quán 'xẻ thịt' vỉa hè Hà Nội suốt ngày đêm,Thời sự,Thời sự,Xã hội,False,0.06867704121764295,<0.10
99780,Thầy giáo viết thư gửi lớp 12: 'Thế giới không phải lúc nào cũng dịu dàng...',Giáo dục,Giáo dục,Giáo dục,True,0.7778381844785267,>=0.50
265686,Tâm sự tủi nhục của cô gái khi tin lời bạn trai có bầu trước khi cưới,Đời sống,Đời sống,Đời sống,True,0.25073815369592367,0.20–0.30
100673,"ĐH Quốc gia TP.HCM tuyển được 14 nhà khoa học, có người công bố 115 bài báo",Giáo dục,Giáo dục,Giáo dục,True,0.21248883237509592,0.20–0.30
223880,Kết quả bóng đá hôm nay 22/9,Thể thao,Thể thao,Thể thao,True,1.4886887483804894,>=0.50
216843,Không quân Ukraine công bố tiêm kích bắn hạ Su-35 Nga,Thế giới,Thế giới,Thế giới,True,0.19598091436108467,0.10–0.20
32057,Phân tíchUkraine tiến thoái lưỡng nan,Thế giới,Thế giới,Thế giới,True,0.553368902873237,>=0.50
251107,Lỗi đếm ngược khiến nhiều phương tiện vượt đèn đỏ ở Hà Nội,Xe,Xe,Đời sống,False,0.12041970697339843,0.10–0.20
117013,"Chấm dứt nỗi lo da bị thâm mụn trong 4 tuần, da trắng sáng đều màu",Sức khỏe,Sức khỏe,Sức khỏe,True,1.1096921532960706,>=0.50
135697,Tưởng nhớ công lao to lớn của các liệt sĩ,Thời sự,Thời sự,Đời sống,False,0.44647194549986147,0.30–0.50
120223,Hai người gốc Việt trúng số triệu USD,Thế giới,Thế giới,Đời sống,False,1.4262096711381589,>=0.50
102503,"Điểm chuẩn Trường ĐH Kinh tế-luật: Ngành cao nhất 27,48 điểm",Giáo dục,Giáo dục,Giáo dục,True,1.3465777903881766,>=0.50
5637,Sinh viên đóng học phí cao hơn được ưu tiên dự lễ khai giảng?,Giáo dục,Giáo dục,Giáo dục,True,1.7171076900882603,>=0.50
161945,Cách mạng cảm xúc từ thương hiệu và chiến lược truyền thông đình đám,Giải trí,Giải trí,Kinh doanh,False,0.23226000759880194,0.20–0.30
34950,"Tương lai nghề dịch: Người, máy hay người - máy?",Thế giới,Thế giới,Kinh doanh,False,0.1504077536838354,0.10–0.20
255739,Bạn muốn hẹn hò tập 1158: Người đàn ông miền Tây từ chối hẹn hò mẹ 3 con,Đời sống,Đời sống,Giải trí,False,0.5741999111264523,>=0.50
206406,Barack Obama gặp cụ bà 102 tuổi: Bí quyết ăn uống giản dị gây bão mạng,Sức khỏe,Sức khỏe,Đời sống,False,0.040355737641101674,<0.10
196496,"Giá vé máy bay đắt kỷ lục kéo dài, nỗi lo lan tới năm 2025",Kinh doanh,Kinh doanh,Kinh doanh,True,0.9880384137955752,>=0.50
68462,"Xe bán tải vượt đèn đỏ, nháy đèn pha bị người dân quay clip báo CSGT phạt",Đời sống,Đời sống,Pháp luật,False,0.07959608532639018,<0.10
246837,"Cháy nhà 2 tầng ở TPHCM, 1 người tử vong trong phòng ngủ",Thời sự,Thời sự,Thời sự,True,1.0736394628209442,>=0.50
264244,"Chăm 1.800 con heo ở Đan Mạch, nữ sinh Việt nhận lương hậu hĩnh",Đời sống,Đời sống,Pháp luật,False,0.031694136870043244,<0.10
9352,Đỗ Nhật Hoàng 'Mưa đỏ': Chàng thơ thanh xuân và ánh mắt 'thâm tình',Giải trí,Giải trí,Giải trí,True,1.7972434645584323,>=0.50
21765,"Ông Trump áp thuế 46% Việt Nam, những điểm cần hiểu đúng để tránh hoang mang",Kinh doanh,Kinh doanh,Kinh doanh,True,1.752260772121049,>=0.50
248025,Toyota Hilux 2023 sở hữu động cơ dầu tiêu chuẩn Euro 5,Xe,Xe,Khoa học,False,0.029433563739627633,<0.10
28659,Sáng kiến Angels đồng hành cùng Việt Nam trong nâng cao chất lượng điều trị đột quỵ,Sức khỏe,Sức khỏe,Sức khỏe,True,0.5915434781114133,>=0.50
111828,Giá USD hôm nay 15.12.2023: Đồng loạt sụt giảm mạnh,Kinh doanh,Kinh doanh,Kinh doanh,True,1.4933910201517815,>=0.50
19956,Nhà ga sân bay Long Thành: ACV đang đẩy nhanh tiến độ nhưng đảm bảo chuẩn quốc tế ra sao?,Kinh doanh,Kinh doanh,Kinh doanh,True,0.28782402742576446,0.20–0.30
30323,MSD tiếp tục được vinh danh bởi Quỹ Ngày mai tươi sáng,Sức khỏe,Sức khỏe,Kinh doanh,False,0.30414291928539405,0.30–0.50
221141,Tiết lộ giá vé ‘chợ đen’ trận bán kết lượt về tuyển Việt Nam đấu với Singapore,Thể thao,Thể thao,Giải trí,False,0.12470628534185091,0.10–0.20
43016,Chống khai thác hải sản trái phép,Thời sự,Thời sự,Thời sự,True,0.16827708873137454,0.10–0.20
27759,Tự kích thích huyệt tay chân để chữa đau loét dạ dày - tá tràng,Sức khỏe,Sức khỏe,Sức khỏe,True,1.254080864115473,>=0.50
233078,"MU mua Goncalo Inacio, hung thần Arsenal",Thể thao,Thể thao,Thể thao,True,1.1122295269474836,>=0.50
203460,Đề nghị truy tố nguyên Tổng biên tập Tạp chí Môi trường và Đô Thị Việt Nam,Pháp luật,Pháp luật,Pháp luật,True,0.0440330590626033,<0.10
200230,Chiến lược chinh phục khách hàng trẻ của socola Queenam,Kinh doanh,Kinh doanh,Kinh doanh,True,0.7137665720663915,>=0.50
17209,"vivo V60 5G: Nâng cấp hệ thống camera chính ZEISS, thiết kế độc đáo",Khoa học công nghệ,Khoa học,Khoa học,True,1.0313478411470505,>=0.50
240342,"3 ô tô đâm nhau liên hoàn, sập cổng chào làm hơn 20 người bị thương",Thời sự,Thời sự,Thời sự,True,0.08962950954829901,<0.10
221016,"Việt Nam đấu với Thái Lan, chung kết ASEAN Cup (AFF Cup): Thận trọng VAR",Thể thao,Thể thao,Thể thao,True,1.7077904823732617,>=0.50
50354,"Mitsubishi Destinator chốt ra mắt Việt Nam ngày 1-12, nhóm SUV cỡ C sắp 'dậy sóng'",Xe,Xe,Xe,True,0.4165585375261458,0.30–0.50
37370,"Món quà đặc biệt dành cho các đội của Giải bóng đá công nhân, viên chức Việt Nam",Thể thao,Thể thao,Thể thao,True,0.87581151164279,>=0.50
242889,"Bất chấp bị phạt nặng, nhiều người vẫn đi xe máy lên Vành đai 3 trên cao",Thời sự,Thời sự,Xe,False,0.3072671644030409,0.30–0.50
33218,Con gái chết tức tưởi vì người mẹ mê tín tin vào thuật trừ tà,Thế giới,Thế giới,Pháp luật,False,0.18281764697334807,0.10–0.20
261696,Cách làm gà chiên mắm đơn giản tại nhà,Đời sống,Đời sống,Đời sống,True,0.19638370468373206,0.10–0.20
102420,‘Học ngành kinh tế có người kiếm tiền tỉ nhưng…’,Giáo dục,Giáo dục,Giáo dục,True,0.9195244002947927,>=0.50
19017,"TP.HCM tính phương án miễn, giảm vé đi metro số 1 thời gian đầu",Kinh doanh,Kinh doanh,Kinh doanh,True,0.6863272305597713,>=0.50
30294,Vì sao thứ hai đầu tuần dễ gia tăng các cơn nhồi máu cơ tim?,Sức khỏe,Sức khỏe,Sức khỏe,True,1.545632852871069,>=0.50
11098,Đất rừng phương Nam ồn ào chuyện 'bác Ba Phi trong vai Trấn Thành'?,Giải trí,Giải trí,Giải trí,True,2.0069956809763294,>=0.50
3277,Ngành khoa học máy tính SIU đạt kiểm định ABET - Hoa Kỳ,Giáo dục,Giáo dục,Giáo dục,True,1.8547659590476155,>=0.50
195828,"Chứng khoán hôm nay 4/1: VN-Index tăng 36,81 điểm",Kinh doanh,Kinh doanh,Kinh doanh,True,2.548393658338262,>=0.50
65018,Klook: du khách quốc tế đến Việt Nam đang gia tăng,Khoa học công nghệ,Khoa học,Kinh doanh,False,0.5629038508454044,>=0.50
173157,"Piaggio Việt Nam, ĐH Kinh tế Quốc dân hợp tác khai phóng tiềm năng lãnh đạo trẻ",Giáo dục,Giáo dục,Giáo dục,True,0.1280766597374004,0.10–0.20
240961,"Sau 1 tuần áp dụng Nghị định 168, Hà Nội xử phạt 14 tỷ đồng vi phạm giao thông",Thời sự,Thời sự,Xe,False,0.11319218499006312,0.10–0.20
239262,Một phường ở TP.HCM có số người vi phạm nồng độ cồn cao nhất cả nước,Thời sự,Thời sự,Pháp luật,False,0.2774012906652049,0.20–0.30
244006,Chặn tình trạng 'cò' đăng kiểm ảo trên ứng dụng đặt chỗ,Thời sự,Thời sự,Pháp luật,False,0.6524184589285503,>=0.50
204813,"‘Ăn’ tiền của tội phạm ma túy, cựu Trưởng công an phường bị đề nghị 7-8 năm tù",Pháp luật,Pháp luật,Pháp luật,True,1.2551791868520976,>=0.50
187107,Bí quyết công nghệ áo tàng hình Ukraine che giấu binh sĩ khỏi drone nhiệt Nga,Khoa học công nghệ,Khoa học,Khoa học,True,0.6720204572571818,>=0.50
202787,"Cựu Chủ tịch VRG Lê Quang Thung bị bắt; 'đại gia' vàng lỗ, lãi ra sao?",Kinh doanh,Kinh doanh,Kinh doanh,True,1.6326656963626407,>=0.50
169665,Quách Ngọc Ngoan: Từ bị vợ cũ tố bạc bẽo tới xin lỗi vì vỡ nợ,Giải trí,Giải trí,Giải trí,True,0.8675919665397046,>=0.50
140476,Khánh thành hệ thống cấp nước sạch phân tán cho vùng núi Huế,Thời sự,Thời sự,Khoa học,False,0.06063392971532111,<0.10
251903,Khoảng từ 1.600-3.000 xe máy Yamaha Việt Nam bán ra bị mài sửa số động cơ,Xe,Xe,Xe,True,0.6795828434066848,>=0.50
182527,Lực lượng ‘4 trong 1’ không thể thiếu trong cải cách hành chính ở Đồng Nai,Khoa học công nghệ,Khoa học,Đời sống,False,0.38059478981296213,0.30–0.50
57817,FPT Techday 2024 hướng đến công nghệ tương lai,Khoa học công nghệ,Khoa học,Kinh doanh,False,0.020450351331569583,<0.10
199837,50 năm thống nhất đất nước: 500.000 hộp sữa Vinamilk tặng trẻ em khó khăn,Kinh doanh,Kinh doanh,Đời sống,False,0.14146906548970378,0.10–0.20
204937,"Diễn biến mới vụ hoa hậu Thùy Tiên bị khởi kiện đòi 2,4 tỷ đồng",Pháp luật,Pháp luật,Pháp luật,True,0.18444285083592094,0.10–0.20
110912,VIB tặng vé Anh Trai 'Say Hi' cho chủ tài khoản Siêu Lợi Suất,Kinh doanh,Kinh doanh,Kinh doanh,True,1.0267824341303737,>=0.50
74385,Thanh Niên và tôi: Sống đẹp cùng Báo Thanh Niên,Đời sống,Đời sống,Đời sống,True,0.35617751563157446,0.30–0.50
127561,"Lộ diện ngày đội tuyển Việt Nam và U.23 hội quân: HLV Kim Sang-sik chỉ được chọn 1, vì…",Thể thao,Thể thao,Thể thao,True,1.214527350719769,>=0.50
145283,Kia Sonet 2024 bổ sung hệ thống an toàn ADAS,Xe,Xe,Xe,True,0.1294815700160673,0.10–0.20
200401,"Giá xăng RON 95 tăng, dầu diesel giảm về 18.250 đồng/lít",Kinh doanh,Kinh doanh,Kinh doanh,True,1.661094563348081,>=0.50
138683,"Dự kiến sáp nhập, lập 5 phường có tên Buôn Ma Thuột",Thời sự,Thời sự,Pháp luật,False,0.28477699952790536,0.20–0.30
87486,Uyên Linh: Không thể cứ mãi hát theo bản năng,Giải trí,Giải trí,Giải trí,True,1.7010839685343184,>=0.50
259876,Chồng 93 tuổi cưới vợ 88 tuổi vì yêu từ cái nhìn đầu tiên,Đời sống,Đời sống,Đời sống,True,0.12363957996199515,0.10–0.20
224059,"Xem trực tiếp chung kết U23 Việt Nam vs U23 Indonesia ở đâu, kênh nào?",Thể thao,Thể thao,Thể thao,True,0.46015823281120816,0.30–0.50
105184,Ngành điều báo động vì chất lượng sản phẩm đi xuống,Kinh doanh,Kinh doanh,Kinh doanh,True,0.895732943792815,>=0.50
28520,Nhiều thảo dược có sẵn trong nhà cứu nguy tức thì cho bệnh lý răng miệng,Sức khỏe,Sức khỏe,Sức khỏe,True,1.2283770424561213,>=0.50
27581,"Ăn sáng cũng ba bảy đường, thế nào mới là tốt?",Sức khỏe,Sức khỏe,Sức khỏe,True,1.7843452210972863,>=0.50
103859,"Cẩn trọng 'trượt tốt nghiệp THPT' vì tra cứu, tính điểm trên website 'lậu'",Giáo dục,Giáo dục,Giáo dục,True,1.1601429495165474,>=0.50
27298,Bị khởi tố vì không cứu người gặp tai nạn,Pháp luật,Pháp luật,Pháp luật,True,0.6745861971085416,>=0.50
203559,Vỏ bọc của chủ tịch xã cầm đầu đường dây ma túy ở Nghệ An,Pháp luật,Pháp luật,Pháp luật,True,0.19350722751291294,0.10–0.20
99111,Để sinh viên ra trường hết 'lơ ngơ',Giáo dục,Giáo dục,Giáo dục,True,0.9737127450080222,>=0.50
106065,Chấp thuận đầu tư sân golf Đăk Đoa hơn 1.150 tỉ đồng,Kinh doanh,Kinh doanh,Kinh doanh,True,0.44522861510021605,0.30–0.50
183590,Đà Nẵng phát động giải báo chí tuyên truyền về chuyển đổi số,Khoa học công nghệ,Khoa học,Đời sống,False,0.014764109837457684,<0.10
188731,Nghiên cứu chính sách khuyến khích cơ quan nhà nước dùng 'xe xanh',Kinh doanh,Kinh doanh,Kinh doanh,True,0.6426127362882195,>=0.50
87190,"Sau tố cáo Brad Pitt bạo hành, Angelina Jolie tươi tắn xuống phố cùng con gái",Giải trí,Giải trí,Giải trí,True,0.511678536322852,>=0.50
93345,Nam rapper Việt vừa 'đón tin vui' ở tuổi 28 là ai?,Giải trí,Giải trí,Giải trí,True,0.7544827863474846,>=0.50
94977,Bí quyết ôn thi tốt nghiệp THPT đạt điểm cao: Luyện đề tham khảo môn văn,Giáo dục,Giáo dục,Giáo dục,True,1.249604323474356,>=0.50
118987,Níu kéo chứ chưa buông bỏ,Thế giới,Thế giới,Khoa học,False,0.231667182745862,0.20–0.30
227352,"Nhận định bóng đá Đức vs Bồ Đào Nha, Bán kết Nations League",Thể thao,Thể thao,Thể thao,True,1.4039847132669308,>=0.50
250336,Tài xế nhận kết đắng vì kéo phanh tay khi xe Maruti Swift đang di chuyển,Xe,Xe,Xe,True,0.5629337283685342,>=0.50
173080,Lịch nghỉ hè 2025 chính thức của học sinh Hà Nội,Giáo dục,Giáo dục,Giáo dục,True,2.00826094365888,>=0.50
47968,"Cận cảnh Mitsubishi Xpander 2025 dự kiến đến Việt Nam tháng 9: Màn 10 inch, 6 túi khí, chưa có ADAS",Xe,Xe,Xe,True,0.16476022914698213,0.10–0.20
59990,Microsoft đưa ứng dụng Bing tích hợp ChatGPT lên smartphone,Khoa học công nghệ,Khoa học,Khoa học,True,0.6505250222116815,>=0.50
211885,Uống nước cam vào buổi sáng nên hay không?,Sức khỏe,Sức khỏe,Sức khỏe,True,1.435953388857473,>=0.50
31501,"Một trẻ nghi mắc bệnh than hiếm gặp, không tiếp xúc thịt trâu, bò",Sức khỏe,Sức khỏe,Sức khỏe,True,1.3207044726171486,>=0.50
102285,"Tuyển sinh ĐH 2025: Điểm sàn giảm, điểm chuẩn có giảm?",Giáo dục,Giáo dục,Giáo dục,True,1.6442427930713883,>=0.50
232401,"Nóng chuyển nhượng Declan Rice, Man City quyết đấu Arsenal",Thể thao,Thể thao,Đời sống,False,0.04299500032286918,<0.10
242284,2 xe khách tông nhau làm 18 người thương vong: Tài xế âm tính với ma túy,Thời sự,Thời sự,Pháp luật,False,0.24361965109281436,0.20–0.30
52340,"Toyota Alphard thêm bản 'giá rẻ', dự kiến ra mắt ngay năm nay",Xe,Xe,Xe,True,0.24425448169184177,0.20–0.30
13694,Hoa hậu Brazil chia sẻ clip được cầu hôn trên du thuyền ở vịnh Hạ Long,Giải trí,Giải trí,Giải trí,True,0.7228553651240375,>=0.50
93886,Động thái của Duy Mạnh sau khi lên tiếng về vụ tiền từ thiện,Giải trí,Giải trí,Giải trí,True,1.2760730290176794,>=0.50
101948,Công bố đề khảo sát tuyển sinh lớp 6 vào 3 trường nóng tại TP.HCM,Giáo dục,Giáo dục,Giáo dục,True,2.001149163644456,>=0.50
210460,Nhiễm virus Norovirus khiến 110 khách trên du thuyền đồng loạt đổ bệnh,Sức khỏe,Sức khỏe,Sức khỏe,True,1.0273500022107223,>=0.50
203247,Rút tiền tiết kiệm trước kỳ hạn lãi suất bao nhiêu?,Kinh doanh,Kinh doanh,Kinh doanh,True,1.1499898417626606,>=0.50
48973,Hàng loạt xe BMW giảm giá mạnh tại Việt Nam: Cao nhất 300 triệu đồng,Xe,Xe,Thời sự,False,0.07855105926295963,<0.10
204759,Cựu Giám đốc Bệnh viện TP Thủ Đức lãnh 21 năm tù,Pháp luật,Pháp luật,Pháp luật,True,0.5358264050707959,>=0.50
244508,Ngành có người hưởng mức lương 950 triệu đồng/tháng ở Việt Nam,Thời sự,Thời sự,Kinh doanh,False,0.4925965170972793,0.30–0.50
95216,"Không muốn học tiếp văn hóa, học sinh tốt nghiệp THCS nên chọn hướng đi nào?",Giáo dục,Giáo dục,Giáo dục,True,2.1547696432046646,>=0.50
24610,Tăng tốc kinh doanh cùng gói tài chính thông minh từ VietinBank,Kinh doanh,Kinh doanh,Kinh doanh,True,2.2862626290723282,>=0.50
69961,"Cụ ông biệt tích khi chở chị đi khám bệnh, gia đình tìm khắp TP.HCM",Đời sống,Đời sống,Sức khỏe,False,0.043613049633394296,<0.10
111515,Giá USD hôm nay 14.2.2025: Đồng loạt giảm,Kinh doanh,Kinh doanh,Kinh doanh,True,1.166921316116278,>=0.50
93264,Niềm hạnh phúc của danh ca Họa Mi sau những thăng trầm,Giải trí,Giải trí,Giải trí,True,1.9714130568447352,>=0.50
143919,VinFast VF6 chạy thử nghiệm trên đường phố châu Âu,Xe,Xe,Xe,True,0.47942492166962836,0.30–0.50
234582,Clip điền kinh Việt Nam giành HCV chạy 4x400m nữ châu Á 2023,Thể thao,Thể thao,Thể thao,True,0.43670642541186816,0.30–0.50
26578,"Bỏ hộ khẩu giấy, có cần nhập khẩu cho con?",Pháp luật,Pháp luật,Pháp luật,True,0.48196300222641886,0.30–0.50
31515,Bé gái 8 tuổi đột quỵ may mắn được cứu sống,Sức khỏe,Sức khỏe,Sức khỏe,True,1.23022636790403,>=0.50
53949,Samsung sẵn sàng cho màn ra mắt lịch sử trong năm nay,Khoa học công nghệ,Khoa học,Khoa học,True,0.25646684859286395,0.20–0.30
196833,"Bộ GTVT nói gì về chuyện vé máy bay đi Côn Đảo khan hiếm, giá cao?",Kinh doanh,Kinh doanh,Kinh doanh,True,0.12098599405825472,0.10–0.20
250686,Hậu quả nặng nề cho Toyota Camry khi va chạm với bán tải điện Tesla Cybertruck,Xe,Xe,Xe,True,0.5528371278012629,>=0.50
146817,3 điều tài xế cần nhớ khi lái ô tô qua vùng ngập nước,Xe,Xe,Xe,True,0.021487746470843616,<0.10
6968,Con thuyền không bến 9 - đêm nhạc trữ tình hiếm hoi của năm ở Hà Nội,Giải trí,Giải trí,Giải trí,True,1.631483208728561,>=0.50
61658,Sony công bố doanh số 'khủng' của PS5,Khoa học công nghệ,Khoa học,Kinh doanh,False,0.5117202406120214,>=0.50
26360,Người gốc Việt có quốc tịch nước ngoài có thể nhập hộ khẩu về Việt Nam được không?,Pháp luật,Pháp luật,Pháp luật,True,0.2939557874037203,0.20–0.30
60956,Microsoft ngừng cung cấp dịch vụ Defender VPN,Khoa học công nghệ,Khoa học,Khoa học,True,0.6433866686046321,>=0.50
65711,Phố ẩm thực Hà Tôn Quyền TP.HCM ra mắt tối nay: Ùn ùn người đến ăn sủi cảo trứ danh,Đời sống,Đời sống,Đời sống,True,0.10033501930197108,0.10–0.20
229385,"Tin chuyển nhượng 22/8: MU ký Robinson, Juventus lấy Jadon Sancho",Thể thao,Thể thao,Thể thao,True,0.9189186869456308,>=0.50
109710,Quét mã QR cho... dừa,Kinh doanh,Kinh doanh,Kinh doanh,True,0.762822732770119,>=0.50
27004,Vụ nhận án tù vì 'làm chuyện ấy' khi vợ dưới 16 tuổi: Viện KSND tối cao thông báo rút kinh nghiệm,Pháp luật,Pháp luật,Pháp luật,True,0.8426003703104717,>=0.50
123946,"Messi tạo nên một đế chế cho Inter Miami và MLS, Ronaldo nhận hậu đãi không tưởng",Thể thao,Thể thao,Thể thao,True,0.7655277767225022,>=0.50
70588,Vợ chồng Việt đưa con trai 8 tháng tuổi trải nghiệm sống du mục,Đời sống,Đời sống,Đời sống,True,0.400044414877714,0.30–0.50
195590,Giá vàng trong nước lao dốc cùng giá vàng thế giới,Kinh doanh,Kinh doanh,Kinh doanh,True,0.9360258560567166,>=0.50
101149,"Lá cờ đỏ sao vàng được tạo hình từ hơn 1.000 học sinh, giáo viên",Giáo dục,Giáo dục,Giáo dục,True,1.6595349256687917,>=0.50
34630,Thủ tướng Phạm Minh Chính tham quan 'Ngôi nhà của nhân dân' Romania,Thế giới,Thế giới,Thế giới,True,0.003176976357815997,<0.10
31115,Tín đồ bánh trung thu ăn cách gì để không lo lên ký?,Sức khỏe,Sức khỏe,Sức khỏe,True,0.7596222032301402,>=0.50
108480,Xuất hiện áp thấp nhiệt đới trên Biển Đông,Kinh doanh,Kinh doanh,Khoa học,False,0.42241026949049454,0.30–0.50
139163,Phường Chánh Hưng ở TP.HCM phát triển kinh tế ven sông thế nào?,Thời sự,Thời sự,Thời sự,True,0.03596563085645421,<0.10
54032,Trải nghiệm Intel Core Ultra 5 245K: Đánh bại i5-14600K với kiến trúc Arrow Lake,Khoa học công nghệ,Khoa học,Khoa học,True,0.9753421659718615,>=0.50
205478,5 nhóm thức ăn dễ gây bệnh ung thư,Sức khỏe,Sức khỏe,Sức khỏe,True,1.8724997296868588,>=0.50
198554,"Đồng Nai: Nông dân ứng dụng ghi chép nhật ký điện tử, nâng cao giá trị nông sản",Kinh doanh,Kinh doanh,Kinh doanh,True,0.5800869076489523,>=0.50
251807,"Xe mới đồng loạt giảm giá, dân buôn xe cũ 'lao đao' vì ế ẩm",Xe,Xe,Kinh doanh,False,0.10939658289666787,0.10–0.20
167706,"Chị đẹp Trang Pháp: Bố là Giáo sư Đại học Quốc gia Hà Nội, mẹ làm ở Lãnh sự quán",Giải trí,Giải trí,Giải trí,True,0.6973984754794448,>=0.50
27267,Khai trừ Đảng chủ tịch và phó chủ tịch UBND quận Cẩm Lệ,Pháp luật,Pháp luật,Thời sự,False,0.13491199858765063,0.10–0.20
143699,"Toyota Vios 2025 có bản hybrid giá từ 503 triệu đồng, chờ ngày về Việt Nam",Xe,Xe,Xe,True,0.47103401049252,0.30–0.50
80819,"Quốc Huy, Hạ Anh nêu quan điểm về chuyện tình lệch tuổi",Giải trí,Giải trí,Giải trí,True,1.197581187964209,>=0.50
67514,"Clip nữ sinh bị cửa xe buýt kẹp ba lô, kéo ngã xuống đường",Đời sống,Đời sống,Xe,False,0.46830397499512655,0.30–0.50
9721,Nhiều tài năng điện ảnh mang 'ngọc thô' đến Liên hoan phim châu Á Đà Nẵng,Giải trí,Giải trí,Giải trí,True,1.1167067324347362,>=0.50
26026,"Anh trai mất không có giấy tờ chứng minh, làm giấy khai tử được không?",Pháp luật,Pháp luật,Pháp luật,True,0.8769928101424594,>=0.50
26394,"Tôi đang ở nước ngoài, có thể làm di chúc cho con ở đâu?",Pháp luật,Pháp luật,Pháp luật,True,0.8380445108278987,>=0.50
250066,"Không nhường đường cho xe ưu tiên, xe con tông ngang xe cứu thương giữa ngã tư",Xe,Xe,Thời sự,False,0.01599104104707416,<0.10
252984,"Vượt Tesla, Mercedes-Benz trở thành hãng đầu tiên đạt chuẩn xe tự lái cấp độ 3",Xe,Xe,Xe,True,0.60597406914557,>=0.50
204734,"Bị bạo hành, người phụ nữ dùng dao đâm tới tấp chồng ‘hờ’ kém 18 tuổi",Pháp luật,Pháp luật,Pháp luật,True,0.6109092606533859,>=0.50
99392,"Chủ tịch ĐH Quản lý Singapore: 'Để phát triển, các trường đừng cố trở nên giống nhau'",Giáo dục,Giáo dục,Giáo dục,True,1.339354841431614,>=0.50
42713,Khi sinh viên ngán làm... gia sư,Thời sự,Thời sự,Giáo dục,False,1.4422051033855077,>=0.50
205014,Lý do 'đặc biệt' khiến phiên xét xử trùm xăng giả Trịnh Sướng tiếp tục hoãn,Pháp luật,Pháp luật,Kinh doanh,False,0.14588238195083125,0.10–0.20
32744,Những toan tính quanh con bài ngũ cốc của Nga,Thế giới,Thế giới,Kinh doanh,False,0.03454000610826602,<0.10
213149,Nam giới thận yếu yếu ra sao?,Sức khỏe,Sức khỏe,Sức khỏe,True,1.3858299493612645,>=0.50
166153,"Diễn viên Khánh My lên tiếng khi bị chê bai ngoại hình, sự cố trang phục",Giải trí,Giải trí,Giải trí,True,0.8438891819884388,>=0.50
162933,Khai mạc Triển lãm Tranh Đồ họa các nước ASEAN 2024 tại Hải Phòng,Giải trí,Giải trí,Giải trí,True,0.24558079610063355,0.20–0.30
50801,"Vệ sinh siêu xe Aston Martin Valkyrie, chuyên viên được dặn không được bấm 2 nút này",Xe,Xe,Xe,True,0.6195751528521444,>=0.50
224358,Link xem trực tiếp bóng đá nữ U19 Việt Nam vs U19 Thái Lan: Chung kết Đông Nam Á,Thể thao,Thể thao,Thể thao,True,0.6312219522940838,>=0.50
204131,Nữ kế toán ròng rã 8 năm 'rút ruột' hơn 18 tỷ đồng của 2 trường học ở TPHCM,Pháp luật,Pháp luật,Pháp luật,True,0.17414188126455377,0.10–0.20
143682,"Tháng cuối giảm 50% lệ phí trước bạ, người Việt mua ô tô hãng nào nhiều nhất?",Xe,Xe,Kinh doanh,False,0.533483636365885,>=0.50
249316,"12 trang bị an toàn trên ô tô, bảo vệ tài xế và những người đi đường",Xe,Xe,Xe,True,0.3006050721876349,0.30–0.50
7170,"Mỹ Linh, Hà Anh Tuấn, Phương Mỹ Chi ra thế giới: Nhạc Việt đang hội nhập quá dữ?",Giải trí,Giải trí,Giải trí,True,1.4532518051476853,>=0.50
255790,Công đoàn Đại học Quốc gia Hà Nội tuyên dương nữ lao động tiêu biểu,Đời sống,Đời sống,Công đoàn,False,0.5096635995010718,>=0.50
26996,"Theo thông tư sửa đổi, mẫu hộ chiếu mới có chi tiết gì khác mẫu cũ?",Pháp luật,Pháp luật,Thời sự,False,0.08014862408865941,<0.10
257624,Chồng mỗi ngày vượt quãng đường 320km vì tình yêu dành cho vợ,Đời sống,Đời sống,Đời sống,True,0.19580323153357054,0.10–0.20
27020,Thượng tướng Trần Quốc Tỏ: Công an cấp xã không phải là một cấp điều tra,Pháp luật,Pháp luật,Pháp luật,True,1.078320184588006,>=0.50
174630,"Hàng loạt cán bộ, giảng viên ngừng việc tập thể vì trường nợ lương suốt nửa năm",Giáo dục,Giáo dục,Giáo dục,True,0.7108417229566542,>=0.50
211528,Để giảm cân bạn nên chọn loại sinh tố như thế nào?,Sức khỏe,Sức khỏe,Sức khỏe,True,1.2325249616881093,>=0.50
143956,Các hãng xe Trung Quốc chạy đua mở rộng mạng lưới phân phối tại Việt Nam,Xe,Xe,Kinh doanh,False,0.9078883163169033,>=0.50
223794,HLV Trung Quốc tuyên bố thắng tuyển Việt Nam,Thể thao,Thể thao,Thể thao,True,1.3119253788272451,>=0.50
164237,NSND Thu Quế tham gia vở kịch kinh điển 'Vua Lia',Giải trí,Giải trí,Giải trí,True,0.6398181691365613,>=0.50
29621,Trầy trật mua thuốc theo toa bác sĩ,Sức khỏe,Sức khỏe,Sức khỏe,True,1.2715833841586823,>=0.50
35334,'Điện Kremlin trên không' của Tổng thống Putin,Thế giới,Thế giới,Khoa học,False,0.24889049620285053,0.20–0.30
247698,McLaren Senna và MCL38 F1 có thêm bản kỷ niệm nhưng có tiền cũng không mua được,Xe,Xe,Xe,True,0.4854576622093473,0.30–0.50
211903,"SILK - Giải pháp điều trị tật cận, loạn thị dưới góc nhìn chuyên gia",Sức khỏe,Sức khỏe,Sức khỏe,True,0.8654958215572798,>=0.50
203511,Cựu Chủ tịch Tổng công ty Tín Nghĩa nhận 19 năm tù,Pháp luật,Pháp luật,Kinh doanh,False,0.5376721924395336,>=0.50
118271,3 bé sinh non người Việt được điều trị thành công tại Hàn Quốc,Thế giới,Thế giới,Sức khỏe,False,1.3800226312141701,>=0.50
108865,Có đến 21 trận động đất trong ngày 28.7,Kinh doanh,Kinh doanh,Khoa học,False,0.7610000531072154,>=0.50
157967,Brad Pitt chính thức công khai bạn gái kém 27 tuổi tại sự kiện có Angelina Jolie,Giải trí,Giải trí,Giải trí,True,0.7054385421800379,>=0.50
130009,"Nóng: Trần Quyết Chiến bất ngờ thất thủ, Thanh Tự đăng quang 'nghẹt thở' trước... em trai",Thể thao,Thể thao,Thể thao,True,0.6556547408188619,>=0.50
33838,Chính sách thu hút cư dân mới độc lạ: Cho ở miễn phí 2 tuần ở căn hộ đầy đủ tiện nghi,Thế giới,Thế giới,Kinh doanh,False,0.17741753883462863,0.10–0.20
103152,Trường đại học đầu tiên công bố phương hướng tuyển sinh từ năm 2025,Giáo dục,Giáo dục,Giáo dục,True,2.4331974051712257,>=0.50
139607,Gia Lai: Rùa biển nở ở bãi biển xã đảo Nhơn Châu,Thời sự,Thời sự,Khoa học,False,0.23698927599132003,0.20–0.30
162093,Hàng nghìn học sinh ở Thanh Hóa hào hứng với Ngày Sách và Văn hóa đọc Việt Nam,Giải trí,Giải trí,Giáo dục,False,0.35488027658457244,0.30–0.50
172149,"Ai sinh ra danh xưng Hoa hậu Bolero, Thánh nữ Bolero ở làng nhạc Việt?",Giải trí,Giải trí,Giải trí,True,1.3449218380311674,>=0.50
47528,"‘Xe mất giá thảm, nhưng quan trọng là trải nghiệm của người dùng’",Xe,Xe,Xe,True,0.4239325038974452,0.30–0.50
44900,Vui chơi đừng quên nhiệm vụ,Thời sự,Thời sự,Đời sống,False,0.10634663514933995,0.10–0.20
191044,Đại gia vàng PNJ bảo lãnh cho công ty liên quan con gái vay 300 tỷ đồng,Kinh doanh,Kinh doanh,Kinh doanh,True,2.0314786541400163,>=0.50
136520,Diễu binh 50 năm đất nước thống nhất đi qua nhiều tuyến đường trung tâm TP.HCM,Thời sự,Thời sự,Thời sự,True,0.06459954687673919,<0.10
181225,Bước tiến mới của Digiworld và H3C trong cuộc đua phân phối giải pháp hạ tầng số,Khoa học công nghệ,Khoa học,Kinh doanh,False,0.9282777820246294,>=0.50
26830,Buộc phải vượt đèn đỏ mới có thể nhường đường cho xe cứu thương thì có bị phạt lỗi vượt đèn đỏ?,Pháp luật,Pháp luật,Pháp luật,True,0.24501133204050052,0.20–0.30
31923,Nam bệnh nhân bị thủng tá tràng do nuốt tăm tre dài 5cm,Sức khỏe,Sức khỏe,Sức khỏe,True,1.535104103027295,>=0.50
233107,"MU vào tứ kết Europa League, lịch sử gọi tên Rashford",Thể thao,Thể thao,Thể thao,True,1.1433604627386549,>=0.50
35478,Nguy cơ vũ khí hóa trí tuệ nhân tạo,Thế giới,Thế giới,Thế giới,True,0.08008171894385224,<0.10
185822,CMC Telecom đưa kinh nghiệm thực chiến toàn cầu về bảo vệ doanh nghiệp Việt,Khoa học công nghệ,Khoa học,Kinh doanh,False,0.6423609620727552,>=0.50
83771,Cẩm Ly bất ngờ xuất hiện 'cứu' em gái Minh Tuyết ở show âm nhạc,Giải trí,Giải trí,Giải trí,True,1.1970007009365018,>=0.50
229674,"Mason Greenwood đồng ý chuyển nhượng, MU bỏ túi 30 triệu bảng",Thể thao,Thể thao,Thể thao,True,0.9234559390604404,>=0.50
180221,Tranh cãi bài thi lớp 10 môn Văn dài 21 trang của thủ khoa THPT Chuyên Hà Tĩnh,Giáo dục,Giáo dục,Giáo dục,True,1.2298669040927965,>=0.50
217045,Nhiều vũ khí hiện đại của châu Âu thành ‘phế liệu’ nếu Mỹ dừng hợp tác quân sự,Thế giới,Thế giới,Thế giới,True,0.13192887868957626,0.10–0.20
169493,Người mẫu Winnie Harlow khỏa thân khoe làn da bạch biến,Giải trí,Giải trí,Giải trí,True,0.5277648860949753,>=0.50
117055,Love + Rosa Skin Center: Hành trình kiến tạo vẻ đẹp tự nhiên cho phụ nữ Việt,Sức khỏe,Sức khỏe,Sức khỏe,True,1.0254696699496728,>=0.50
73130,Độc lạ menu quán cà phê gây sốt mạng: Chủ quán tiết lộ điều bất ngờ,Đời sống,Đời sống,Đời sống,True,0.4108661940165872,0.30–0.50
54941,Lý do nên cầm ngược iPhone khi chụp ảnh,Khoa học công nghệ,Khoa học,Khoa học,True,0.9912546588570113,>=0.50
146885,"Sai lầm phổ biến của tài xế khi bật, tắt điều hòa ô tô",Xe,Xe,Khoa học,False,0.3005423411333479,0.30–0.50
129920,"Lùm xùm ở giải karate trẻ TP.HCM: Nếu có gian lận, hình thức xử phạt ra sao?",Thể thao,Thể thao,Thể thao,True,0.7018832248142334,>=0.50
203985,Con chưa chào đời có được hưởng thừa kế từ cha?,Pháp luật,Pháp luật,Pháp luật,True,0.03995226788325956,<0.10
120324,Chiến sự Ukraine ngày 857: Nga tiếp tục kiểm soát thêm làng ở Donetsk,Thế giới,Thế giới,Thế giới,True,0.8765321470072073,>=0.50
50379,Honda City e:HEV RS sẽ không bán ở Việt Nam: 'Người mua xe tầm giá 600 triệu chưa quan tâm hybrid',Xe,Xe,Kinh doanh,False,0.014243001256325605,<0.10
120586,Máy bay ném bom B-1 của Mỹ rơi trong lúc diễn tập,Thế giới,Thế giới,Thế giới,True,0.18780700920602184,0.10–0.20
67181,"Trồng rau sạch trên sân thượng: Gia đình ăn không hết, phải... bán bớt",Đời sống,Đời sống,Đời sống,True,0.49240260204832,0.30–0.50
182459,6 nguyên tắc vàng trong quản trị dữ liệu số,Khoa học công nghệ,Khoa học,Kinh doanh,False,0.39619906772630054,0.30–0.50
34277,Thái Lan: Voi vượt lũ hỗ trợ người dân vùng ngập,Thế giới,Thế giới,Khoa học,False,0.40025840619960246,0.30–0.50
134011,"Đà Nẵng: Xóa cấp quận huyện, 15 phường xã mới đặt trụ sở làm việc ở đâu?",Thời sự,Thời sự,Khoa học,False,0.08393537925305727,<0.10
53388,Giá MacBook Air M2 giảm sâu,Khoa học công nghệ,Khoa học,Kinh doanh,False,0.7191179138385655,>=0.50
86045,Kiều Oanh nghẹn ngào nhắc về cố nghệ sĩ Anh Vũ,Giải trí,Giải trí,Giải trí,True,0.9638599542120744,>=0.50
200286,"Trồng lan trên đất cát, chủ vườn tiết lộ 'bí kíp' ra hoa kịp Tết",Kinh doanh,Kinh doanh,Khoa học,False,0.18552094711824174,0.10–0.20
209692,Đẩy mạnh chuyển đổi số ở Bình Định giúp bệnh nhân giảm thủ tục hành chính,Sức khỏe,Sức khỏe,Sức khỏe,True,0.6597194242437111,>=0.50
218439,Ba Lan tiết lộ sự cố suýt va chạm chiến cơ Nga ở Biển Đen,Thế giới,Thế giới,Thế giới,True,0.4576718001269764,0.30–0.50
3858,Tuyển sinh lớp 10 ở Hà Nội: Chọn thi môn ngoại ngữ thế nào?,Giáo dục,Giáo dục,Giáo dục,True,2.093339445929931,>=0.50
210803,27 người nhập viện Chợ Rẫy vì đánh nhau trong 5 ngày qua,Sức khỏe,Sức khỏe,Sức khỏe,True,0.8698879068951405,>=0.50
206204,Phòng chống dịch sốt xuất huyết: Cần sự chung tay của người dân và cộng đồng,Sức khỏe,Sức khỏe,Sức khỏe,True,0.7750906382907843,>=0.50
242660,Vụ 4 thanh thiếu niên tử vong: Sai từ việc chạy xe máy ngược chiều vào cao tốc?,Thời sự,Thời sự,Xe,False,0.13396277177132687,0.10–0.20
121729,Tên lửa bội siêu thanh Nga diệt mục tiêu trong cuộc tập trận với Belarus,Thế giới,Thế giới,Thế giới,True,0.452471924954708,0.30–0.50
169045,Nghệ sĩ Trọng Hiếu mất trộm tài sản trong đêm,Giải trí,Giải trí,Giải trí,True,0.7174724758772915,>=0.50
94705,"Ngành sức khỏe, sư phạm có tiếp tục 'nóng' trong năm 2025 ?",Giáo dục,Giáo dục,Giáo dục,True,3.088111856883669,>=0.50
49065,"Mitsubishi Destinator được 5 sao an toàn, đạt điểm cao cho cả mục bảo vệ người đi xe máy",Xe,Xe,Xe,True,0.41839316421853767,0.30–0.50
172518,"Mù Cang Chải: Tạo nền tảng dân trí vững chắc, phát triển nguồn nhân lực",Giáo dục,Giáo dục,Giáo dục,True,0.9091738221514889,>=0.50
82513,"Vai diễn trong phim mới bị cắt bớt, nghệ sĩ Quang Minh nói gì?",Giải trí,Giải trí,Giải trí,True,1.8811668873840954,>=0.50
210228,Bác sĩ thấy đống sỏi rơi ra ngoài khi phẫu thuật cho bệnh nhân,Sức khỏe,Sức khỏe,Sức khỏe,True,1.621556558555901,>=0.50
204307,Công ty Dược phẩm FPT Long Châu bị nhân viên trộm hơn 2.000 hộp thuốc,Pháp luật,Pháp luật,Pháp luật,True,0.23262248400405827,0.20–0.30
55545,Phong Vũ bị tố bán laptop đã qua sửa chữa cho người tiêu dùng,Khoa học công nghệ,Khoa học,Kinh doanh,False,0.606622644481419,>=0.50
73245,Một CSGT TP.HCM phải điều trị phơi nhiễm HIV sau khi truy đuổi tên trộm xe máy,Đời sống,Đời sống,Pháp luật,False,0.8734224277882392,>=0.50
99645,Học phí ĐH tăng cao: Chọn trường gần nhà hay thành phố lớn?,Giáo dục,Giáo dục,Giáo dục,True,2.260099556123642,>=0.50
169233,Elly Sugigi không hối hận vì bán con gái đầu lòng cho người bán rau,Giải trí,Giải trí,Giải trí,True,0.9516210189332434,>=0.50
176077,Bi kịch cuộc đời của nữ giáo sư đầu tiên của châu Âu,Giáo dục,Giáo dục,Giáo dục,True,0.80737738582407,>=0.50
17316,"Lỗ hổng zero-day nguy hiểm trên Google Chrome, người dùng chú ý",Khoa học công nghệ,Khoa học,Khoa học,True,0.6164877712234775,>=0.50
37312,Cựu HLV tuyển Ý Spalletti nhận 'ghế nóng' ở Juventus,Thể thao,Thể thao,Thể thao,True,0.7727288646502563,>=0.50
67472,Chim quý hiếm đổ về Sơn Trà: Bán đảo xanh Đà Nẵng thành 'hành lang quốc tế',Đời sống,Đời sống,Khoa học,False,1.116038849638916,>=0.50
123832,"FIFA điều tra đợt 2, triệu tập quan chức FAM: Việt Nam được xử thắng Malaysia trước trận tái đấu?",Thể thao,Thể thao,Thể thao,True,0.07658509009490733,<0.10
88039,Hoa hậu Thái Nhã Vân nói lý do kín tiếng chuyện đời tư,Giải trí,Giải trí,Giải trí,True,1.601213599111999,>=0.50
26194,"Mượn tiền ngân hàng cho bạn vay nhưng không làm hợp đồng, có thể khởi kiện không?",Pháp luật,Pháp luật,Pháp luật,True,0.18924805286070723,0.10–0.20
186041,Cung cấp miễn phí nền tảng hỗ trợ diễn tập thực chiến an toàn thông tin,Khoa học công nghệ,Khoa học,Sức khỏe,False,0.02666273147867637,<0.10
60442,Dell ra mắt dòng AI PC mới tại thị trường Việt Nam,Khoa học công nghệ,Khoa học,Khoa học,True,0.48308637191001697,0.30–0.50
68946,"Khách trúng 24 tỉ đồng xổ số miền Nam ngày 2 tháng 8: Đài TP.HCM, Hậu Giang có vé độc đắc",Đời sống,Đời sống,Đời sống,True,1.7735184116539875,>=0.50
73456,Bé trai sơ sinh bị bỏ rơi ở gầm cầu kèm lá thư 'nhờ nuôi giúp',Đời sống,Đời sống,Xã hội,False,0.30021969777610125,0.30–0.50
47492,"'Bỏ ô tô, đi làm bằng tàu điện trên cao, nhanh và rẻ hơn'",Xe,Xe,Xe,True,0.1991370869668121,0.10–0.20
58110,Intel đã 'cạn' hàng thay thế cho CPU thế hệ 13 và 14,Khoa học công nghệ,Khoa học,Khoa học,True,0.5183142811539652,>=0.50
115281,Bảo chứng về chất lượng sản phẩm ColosBaby Gold 2+ thông qua nghiên cứu khoa học,Sức khỏe,Sức khỏe,Sức khỏe,True,1.1671081088993709,>=0.50
101369,Trầm trồ những bài thi viết chữ đẹp của học sinh tiểu học,Giáo dục,Giáo dục,Giáo dục,True,0.9659609547198871,>=0.50
184289,Quảng Ninh ứng dụng công nghệ số để đổi mới toàn diện ngành giáo dục,Khoa học công nghệ,Khoa học,Giáo dục,False,2.570155022962977,>=0.50
187032,"Để lộ mật khẩu iPhone, bạn có thể mất sạch tiền",Khoa học công nghệ,Khoa học,Pháp luật,False,0.3790037562009547,0.30–0.50
124884,"Lễ tưởng niệm riêng tư Diogo Jota và em trai, Tổng thống và Thủ tướng Bồ Đào Nha đến chia buồn",Thể thao,Thể thao,Thể thao,True,0.4253318104422017,0.30–0.50
27266,"Khởi tố con gái tướng công an... dỏm lừa hơn 3,3 tỉ đồng",Pháp luật,Pháp luật,Pháp luật,True,0.808032310253389,>=0.50
214221,Hé lộ ‘bí quyết’ giúp ông Trump có thể thoát bị truy tố,Thế giới,Thế giới,Thế giới,True,0.25731420982516373,0.20–0.30
130815,Vì sao đội tuyển bóng chuyền nam Việt Nam sa sút ?,Thể thao,Thể thao,Thể thao,True,0.978946764040205,>=0.50
203991,Ký hợp đồng thử việc nhưng chưa đi làm đã bỏ: Có phải bồi thường không?,Pháp luật,Pháp luật,Công đoàn,False,0.15798567429546995,0.10–0.20
242630,"Sau tai nạn giao thông 3 người chết, khi nào mở rộng cao tốc Cam Lộ - La Sơn?",Thời sự,Thời sự,Kinh doanh,False,0.07072423040782327,<0.10
74327,Thanh Niên và tôi: Nhớ chặng đường đã qua lòng bồi hồi khôn tả xiết,Đời sống,Đời sống,Đời sống,True,0.3195871584731022,0.30–0.50
26687,"Chăm sóc bố mẹ bao năm, bố mẹ mất, các chị đòi chia di sản",Pháp luật,Pháp luật,Pháp luật,True,0.1928249378957128,0.10–0.20
144888,Những quy định mới có hiệu lực từ tháng 10.2023 người dùng ô tô cần biết,Xe,Xe,Kinh doanh,False,0.11845329236441204,0.10–0.20
241890,Xe tải bốc cháy ngùn ngụt trên cao tốc Nội Bài - Lào Cai,Thời sự,Thời sự,Thời sự,True,0.48874386554350135,0.30–0.50
195941,"Khu kinh tế Nghi Sơn - ‘đầu tàu’ tăng trưởng, đóng góp lớn cho ngân sách tỉnh",Kinh doanh,Kinh doanh,Kinh doanh,True,1.6699802842571616,>=0.50
208161,Hai anh em song sinh ở Hà Nội chào đời cách nhau 5 tuần,Sức khỏe,Sức khỏe,Sức khỏe,True,1.223554044282425,>=0.50
230521,"Man City đấu Real Madrid, Phil Foden trên con đường Messi",Thể thao,Thể thao,Thể thao,True,1.511818525509688,>=0.50
107595,"Cẩn trọng 'bẫy' lọc ngành, xanh hóa ngay lập tức",Kinh doanh,Kinh doanh,Kinh doanh,True,1.2339943507165065,>=0.50
68279,Biển số định danh đẹp có được thừa kế?,Đời sống,Đời sống,Đời sống,True,0.07620405590682744,<0.10
249520,10 chiếc ô tô cổ điển của Mỹ ngày càng tăng giá,Xe,Xe,Xe,True,0.27533531375903986,0.20–0.30
116950,Top những thành phần 'khắc tinh' hồng ban sau mụn,Sức khỏe,Sức khỏe,Sức khỏe,True,0.8481728755029746,>=0.50
260431,Gia đình ở Quảng Nam tá hỏa phát hiện ổ rắn 7 con trong máy điều hòa,Đời sống,Đời sống,Khoa học,False,0.5350853595882608,>=0.50
100312,Thưởng tết giáo viên thực hiện ra sao?,Giáo dục,Giáo dục,Giáo dục,True,0.7877520193980168,>=0.50
196223,"Quy mô kinh tế 34 địa phương mới: TPHCM số 1, Tây Ninh và Lâm Đồng lọt top đầu",Kinh doanh,Kinh doanh,Kinh doanh,True,1.0682293899866395,>=0.50
117396,"'Râu rồng' vẫn xuất hiện ở người trẻ khiến mặt bạn già nua, vì sao?",Sức khỏe,Sức khỏe,Sức khỏe,True,0.7572732567454016,>=0.50
194373,Nasdaq sẽ hỗ trợ doanh nghiệp Việt niêm yết trên sàn chứng khoán Mỹ,Kinh doanh,Kinh doanh,Kinh doanh,True,1.164280424089497,>=0.50
202352,Tiềm năng bùng nổ của mô hình one-stop shop LaGaia,Kinh doanh,Kinh doanh,Kinh doanh,True,1.256344505352767,>=0.50
213045,Quiz: Ung thư gan phổ biến ở nữ giới hay nam giới hơn?,Sức khỏe,Sức khỏe,Sức khỏe,True,1.3644044333856267,>=0.50
89083,Phan Thị Mơ giải thích về khoảnh khắc phải dùng thuốc khi đang chấm thi,Giải trí,Giải trí,Giải trí,True,0.208441240284152,0.20–0.30
147290,"Xe khách 16 chỗ phi lên cao tốc, nhập làn 'như tự sát'",Xe,Xe,Xe,True,0.11359224387809563,0.10–0.20
187259,Belkin thu hồi hàng loạt sạc dự phòng và đế sạc iPhone do nguy cơ cháy nổ,Khoa học công nghệ,Khoa học,Khoa học,True,0.5701307030596877,>=0.50
27080,Vụ chú chó ở Đà Lạt bị đánh đập: Vi phạm quy định về phúc lợi cho động vật,Pháp luật,Pháp luật,Khoa học,False,0.6856955596215762,>=0.50
220297,Tuyển Việt Nam: HLV Kim Sang Sik ‘khó thở’ vì Quang Hải,Thể thao,Thể thao,Thể thao,True,1.2589656255414068,>=0.50
26050,"Người mua không sang tên, làm mất giấy đăng ký xe, làm sao để được cấp lại?",Pháp luật,Pháp luật,Xe,False,0.2801846632248236,0.20–0.30
35050,Công ty an ninh mạng Anh cảnh báo nguy cơ lừa đảo liên quan ChatGPT,Thế giới,Thế giới,Khoa học,False,0.49685657399897537,0.30–0.50
27039,"Chém người thi hành công vụ, lãnh 15 năm tù",Pháp luật,Pháp luật,Pháp luật,True,1.0858349938805376,>=0.50
73518,Sự thật về tấm phông tập huấn 'Nuôi ông nội theo hướng sinh thái',Đời sống,Đời sống,Đời sống,True,0.026403117119484953,<0.10
262186,"Yêu cô hàng xóm bên kia bức tường rào, chú rể Đồng Nai chỉ mất 30 giây rước dâu",Đời sống,Đời sống,Đời sống,True,0.6458361954704814,>=0.50
89629,"Con gái nuôi hát 'Giấc mơ cánh cò', nghẹn ngào nhắc kỷ niệm với Phi Nhung",Giải trí,Giải trí,Giải trí,True,1.796140990251891,>=0.50
95546,"Chuyện gì xảy ra khi học sinh chọn nghề theo ý muốn, kinh nghiệm của cha mẹ?",Giáo dục,Giáo dục,Giáo dục,True,1.0469864169342435,>=0.50
203379,"Giám đốc công ty thuê 5 ô tô mang đi cầm cố, chiếm đoạt hơn 2,3 tỷ đồng",Pháp luật,Pháp luật,Pháp luật,True,0.4447692892695896,0.30–0.50
208157,Chuyên gia bàn giải pháp dinh dưỡng phù hợp cho trẻ sinh mổ,Sức khỏe,Sức khỏe,Sức khỏe,True,1.3548009888825274,>=0.50
22742,SASCO tăng trưởng vượt bậc 9 tháng đầu năm 2024,Kinh doanh,Kinh doanh,Kinh doanh,True,2.6353448590024735,>=0.50
71125,Tình thông gia đặc biệt của hai cụ bà,Đời sống,Đời sống,Đời sống,True,0.5492193512350454,>=0.50
256354,Triệu người xúc động xem cậu bé dầm mưa giữ cần cẩu cho bố mẹ biểu diễn nhào lộn,Đời sống,Đời sống,Đời sống,True,0.04920337966471244,<0.10
215754,"Dắt chó đi dạo, người phụ nữ bị cá sấu cắn tử vong",Thế giới,Thế giới,Thời sự,False,0.14468096349475257,0.10–0.20
88967,Cuộc sống của Hoa hậu Đặng Thu Thảo sau biến cố hôn nhân,Giải trí,Giải trí,Giải trí,True,0.5531120074932632,>=0.50
208653,Bộ Y tế đề xuất bệnh nhân nặng được 'vượt tuyến' không cần giấy chuyển viện,Sức khỏe,Sức khỏe,Sức khỏe,True,1.5600804108245034,>=0.50
69992,Tử vi hằng ngày - Xem tử vi vui 12 con giáp ngày 18.4.2024,Đời sống,Đời sống,Giải trí,False,0.13583810194453755,0.10–0.20
243204,Gần 5 nghìn tài xế vi phạm tốc độ bị xử lý trong 2 tháng tổng kiểm tra,Thời sự,Thời sự,Pháp luật,False,0.0603699652817703,<0.10
226816,Kết quả bóng đá PSG 2-2 Tottenham (pen 4-3) - Siêu cúp châu Âu 2025,Thể thao,Thể thao,Thể thao,True,1.4722445631079948,>=0.50
209151,Hành động nhỏ cứu sống người đàn ông khi 5 trường hợp đi cùng ô tô tử vong,Sức khỏe,Sức khỏe,Sức khỏe,True,0.30548977080833584,0.30–0.50
68235,Chiêm ngưỡng siêu trăng lớn nhất 2024 đẹp ngỡ ngàng trên bầu trời Việt Nam,Đời sống,Đời sống,Khoa học,False,0.6168953037872379,>=0.50
201434,Tập đoàn bảo hiểm Generali tăng trưởng tốt trong quý I/2024,Kinh doanh,Kinh doanh,Kinh doanh,True,1.4160869007200754,>=0.50
261238,"Thần đồng hơn 3 tuổi cất tiếng trong đêm, bố mẹ hoảng hốt chuyển nhà",Đời sống,Đời sống,Đời sống,True,0.4794658858987134,0.30–0.50
96196,Học bổng Fulbright lần đầu tiên mở rộng nhiều lĩnh vực sau hơn 30 năm,Giáo dục,Giáo dục,Giáo dục,True,2.295268973154775,>=0.50
120374,"Chiến sự Ukraine ngày 1.065: Châu Âu tính toán viện trợ Kyiv, Nga phản ứng ông Trump",Thế giới,Thế giới,Thế giới,True,1.1663874940991503,>=0.50
264431,"Gặp lại người yêu cũ, tôi đau thắt lòng khi biết những điều anh đã trải qua",Đời sống,Đời sống,Đời sống,True,0.21194191794826028,0.20–0.30
189101,Bộ Nông nghiệp muốn vay 9.000 tỷ đồng để làm 1 triệu ha lúa phát thải thấp,Kinh doanh,Kinh doanh,Kinh doanh,True,0.8689567749087588,>=0.50
26792,"Cha 'di chúc miệng' cho tôi căn nhà, anh chị tôi đòi chia theo thừa kế",Pháp luật,Pháp luật,Pháp luật,True,0.3289405294719593,0.30–0.50
262165,"Thanh niên Đồng Nai tận dụng công nghệ, đón cơ hội việc làm trong kỷ nguyên số",Đời sống,Đời sống,Đời sống,True,0.1397289950890731,0.10–0.20
92682,Nhật Thủy tiết lộ về cuộc sống với chồng doanh nhân hơn 14 tuổi,Giải trí,Giải trí,Giải trí,True,0.9907333142891843,>=0.50
204216,Gần 500 người đầu tư dự án Nam An chơi vơi khi chủ đầu tư ‘lặn mất tăm’,Pháp luật,Pháp luật,Kinh doanh,False,0.6809852880265267,>=0.50
120890,Chiến sự Ukraine tối 14.8: Giao tranh dữ dội ‘trên toàn chiến tuyến',Thế giới,Thế giới,Thế giới,True,0.2170638978670466,0.20–0.30
174461,Lời nhắn của hiệu trưởng trong buổi học cuối cùng gây sốt mạng,Giáo dục,Giáo dục,Giáo dục,True,0.26353785152705667,0.20–0.30
63694,Lỗ hổng bảo mật LastPass tiếp tục khiến ví tiền mã hóa bị xâm nhập,Khoa học công nghệ,Khoa học,Khoa học,True,0.3616877464205786,0.30–0.50
100587,"'Cô giáo tặng chùm nho, em giữ mãi cuống tới tận bây giờ'",Giáo dục,Giáo dục,Giáo dục,True,1.9934275810273843,>=0.50
68217,Cà kê chuyện cúng tất niên,Đời sống,Đời sống,Đời sống,True,0.6208299509580505,>=0.50
23287,Thanh toán Metro chỉ cần chạm điện thoại với tài khoản VPBank,Kinh doanh,Kinh doanh,Kinh doanh,True,0.9130247166100357,>=0.50
195989,Quảng Ninh phát triển du lịch thích ứng với việc sắp xếp địa giới hành chính,Kinh doanh,Kinh doanh,Kinh doanh,True,0.13154310399529429,0.10–0.20
119357,Nhà Trắng 'thu phế' các 'đại gia' chip Mỹ như thế nào?,Thế giới,Thế giới,Kinh doanh,False,1.3135186023964789,>=0.50
177616,Điểm chuẩn hai trường Luật lớn nhất phía Nam sẽ như thế nào?,Giáo dục,Giáo dục,Giáo dục,True,1.40706953593426,>=0.50
23091,49 năm ngành Dầu khí: Từ người làm thuê đến làm chủ công nghệ dầu khí,Kinh doanh,Kinh doanh,Kinh doanh,True,1.329506523138371,>=0.50
70453,Tử vi hằng ngày - Xem tử vi vui 12 con giáp ngày 17.4.2023,Đời sống,Đời sống,Đời sống,True,0.12516342416103754,0.10–0.20
242106,Cầu đi bộ qua kênh nội đô đẹp nhất TPHCM làm xong cả tháng vẫn rào chắn,Thời sự,Thời sự,Kinh doanh,False,0.13881698736491888,0.10–0.20
118237,Nhà Trắng treo bảng giới thiệu châm biếm nhiều tổng thống tiền nhiệm,Thế giới,Thế giới,Khoa học,False,0.018369992890916065,<0.10
205747,"Đột ngột giảm cân, người đàn ông tử vong vì căn bệnh tệ hơn ung thư",Sức khỏe,Sức khỏe,Sức khỏe,True,1.7130907295935924,>=0.50
132209,Khu liên hợp xử lý chất thải Đa Phước khẳng định hiệu quả trước đối tác ngoại,Thời sự,Thời sự,Kinh doanh,False,0.5470104566049304,>=0.50
168627,"Bành Đan gây tiếc nuối khi lui về ở ẩn, nay trở thành Viện trưởng",Giải trí,Giải trí,Giải trí,True,1.838601627733531,>=0.50
145553,Nhiều mẫu mô tô xe máy Suzuki tại Việt Nam giảm giá hàng chục triệu đồng,Xe,Xe,Xe,True,0.6202359846756029,>=0.50
213285,Thói quen ‘thích gì ăn nấy’ của cụ ông 109 tuổi vẫn lái xe mỗi ngày,Sức khỏe,Sức khỏe,Sức khỏe,True,0.3492261098444599,0.30–0.50
189883,"Giới trẻ từ bỏ văn hóa làm việc quá sức, tính đường ‘nghỉ hưu tạm'",Kinh doanh,Kinh doanh,Kinh doanh,True,0.1213355537049775,0.10–0.20
66691,"Rạng sáng 7.6 mưa sao băng ban ngày mạnh nhất, có thể nhìn thấy bằng mắt thường?",Đời sống,Đời sống,Khoa học,False,0.3992510574570766,0.30–0.50
199545,Mô hình tiếp hàng hiện đại giúp cửa hàng bán lẻ tăng tốc,Kinh doanh,Kinh doanh,Kinh doanh,True,0.39960855184205646,0.30–0.50
26165,"Mẹ tôi 100 tuổi, lúc tỉnh lúc mê, có thể ủy quyền cho em gái xử lý căn nhà được không?",Pháp luật,Pháp luật,Pháp luật,True,0.6748014318201054,>=0.50
96493,PGS-TS Trần Trung Tính phụ trách Trường ĐH Cần Thơ,Giáo dục,Giáo dục,Giáo dục,True,0.666485302741627,>=0.50
60037,Các tạp chí khoa học cấm liệt kê ChatGPT là đồng tác giả,Khoa học công nghệ,Khoa học,Khoa học,True,0.4187032805489864,0.30–0.50
119958,Sáng kiến đánh thuế tỉ phú toàn cầu,Thế giới,Thế giới,Kinh doanh,False,1.3872097332424107,>=0.50
27176,Tại sao cựu phó bí thư Tỉnh Đoàn Yên Bái Đinh Tiến Hùng được tuyên vô tội?,Pháp luật,Pháp luật,Pháp luật,True,1.0500811529743836,>=0.50
248720,"Chỉ có 2 túi khí, xe SUV Citroen Aircross 'rớt thảm' trong bài kiểm tra va chạm",Xe,Xe,Xe,True,0.24085136451229971,0.20–0.30
140651,Câu chuyện xúc động của vị bác sĩ trong Đại hội Thi đua yêu nước TP.HCM,Thời sự,Thời sự,Sức khỏe,False,0.5406393473800147,>=0.50
28871,Sóng điện thoại có gây ung thư không?,Sức khỏe,Sức khỏe,Khoa học,False,0.34364484423430336,0.30–0.50
119172,Tự thân vận động,Thế giới,Thế giới,Thế giới,True,0.7166391748749169,>=0.50
204778,"Làm thiệt hại 22 tỷ đồng, cựu Giám đốc Sở Khoa học & Công nghệ thừa nhận sai sót",Pháp luật,Pháp luật,Khoa học,False,0.1141048730399622,0.10–0.20
254845,Xe mới mua sẽ mất giá nhanh và khó bán lại nếu có 7 dấu hiệu này,Xe,Xe,Xe,True,0.7832746651104574,>=0.50
204499,Bị cáo Trương Mỹ Lan lĩnh thêm án chung thân,Pháp luật,Pháp luật,Pháp luật,True,0.20201357344673987,0.20–0.30
203657,Bắt người cho vay lãi nặng từ tin tố giác gọi 'đường dây nóng' Giám đốc Công an,Pháp luật,Pháp luật,Pháp luật,True,1.1648053698617298,>=0.50
217399,Video pháo tự hành Pháp bị bắn nổ ở Ukraine,Thế giới,Thế giới,Thời sự,False,0.09047123423217657,<0.10
92219,‘Nữ hoàng dao kéo’ Lee Da Hae kết hôn với nam ca sĩ Se7en,Giải trí,Giải trí,Giải trí,True,1.3567775620074336,>=0.50
122689,"Chiến sự ngày 523: Ukraine phản công dồn dập, Nga bổ sung biện pháp đối phó?",Thế giới,Thế giới,Thế giới,True,0.7075091106245142,>=0.50
26416,"Ly hôn ở nước ngoài, làm thế nào để xác nhận độc thân?",Pháp luật,Pháp luật,Pháp luật,True,0.5090059660135756,>=0.50
109198,Doanh nghiệp đang 'ngợp' trước 'rừng' thông tin chuyển đổi xanh,Kinh doanh,Kinh doanh,Kinh doanh,True,2.5479809252046204,>=0.50
204974,Các bị cáo trong đường dây mua bán thận xuyên quốc gia lãnh án nặng,Pháp luật,Pháp luật,Pháp luật,True,0.6386756061850793,>=0.50
31564,Cặp vợ chồng quân nhân hạnh phúc sau 9 năm mòn mỏi vì hiếm muộn,Sức khỏe,Sức khỏe,Đời sống,False,0.054747975366355284,<0.10
248913,Sức mạnh phía sau thương hiệu ô tô Omoda & Jaecoo sắp ra mắt thị trường Việt Nam,Xe,Xe,Kinh doanh,False,0.6224262577790834,>=0.50
166615,"NSƯT Kim Xuyến luôn mỉm cười trước nghịch cảnh, U80 vẫn đam mê diễn xuất",Giải trí,Giải trí,Giải trí,True,1.934907340895097,>=0.50
221818,HLV Nam Định tuyên bố thắng Bangkok United ở giải châu Á,Thể thao,Thể thao,Thể thao,True,1.5663777265281245,>=0.50
250752,Tài xế buông vô-lăng để chơi Rubik dù ô tô đang chạy quá tốc độ trên 120km/h,Xe,Xe,Xe,True,0.4271801648690112,0.30–0.50
60114,Liên minh châu Âu xem xét lệnh cấm TikTok,Khoa học công nghệ,Khoa học,Kinh doanh,False,0.0019306870211902583,<0.10
114261,4 dấu hiệu ung thư quan trọng nam giới không nên bỏ qua,Sức khỏe,Sức khỏe,Sức khỏe,True,1.227804834994214,>=0.50
237337,"Chủ tiệm muốn ngất vì mất bạc tỷ, tan hoang sau lũ: Tôi sẽ làm lại từ con số âm",Thời sự,Thời sự,Kinh doanh,False,0.13037542618783937,0.10–0.20
218542,Bộ trưởng Quốc phòng Ukraine lái thử xe tăng Anh mới viện trợ,Thế giới,Thế giới,Xe,False,0.11652652560624133,0.10–0.20
56325,Những giá trị ưu việt của hóa đơn điện tử khởi tạo từ máy tính tiền SInvoice,Khoa học công nghệ,Khoa học,Kinh doanh,False,0.6054804923765137,>=0.50
69746,Người đàn ông vào TP.HCM khám bệnh biệt tích: Người lấm lem lạc xuống tận Đồng Nai,Đời sống,Đời sống,Sức khỏe,False,0.07505490155217598,<0.10
225282,U20 Việt Nam tập sân xấu trước trận gặp Australia,Thể thao,Thể thao,Thể thao,True,0.6484733699752531,>=0.50
241711,Cấm xe 20 tuyến đường trung tâm TPHCM để tổ chức bắn pháo hoa dịp lễ 2/9,Thời sự,Thời sự,Xe,False,0.1090732128275117,0.10–0.20
265513,Chiếc nhẫn kim cương và bài học đắt giá vợ tâm sự nhận từ người chồng ngoại tình,Đời sống,Đời sống,Đời sống,True,0.3088154695351062,0.30–0.50
264970,"Hạnh phúc ngày về quê: Cháu ào ra đòi quà, mẹ nhốt sẵn gà chờ con gái",Đời sống,Đời sống,Đời sống,True,0.7790296558323562,>=0.50
182663,"Hai cách thay khung avatar Facebook, Zalo kỷ niệm Quốc khánh 2/9",Khoa học công nghệ,Khoa học,Đời sống,False,0.15089739896004434,0.10–0.20
141197,U.40 chật vật vì nhà tuyển dụng đòi hỏi nhiều kỹ năng mới,Thời sự,Thời sự,Công đoàn,False,0.4283217578774706,0.30–0.50
247810,"Toyota ra mắt 2 mẫu xe điện nhắm tới châu Âu, cạnh tranh xe giá rẻ Trung Quốc",Xe,Xe,Xe,True,0.27122334927963543,0.20–0.30
259923,Người trúng số độc đắc Powerball hơn 2 tỷ USD đang ở đâu?,Đời sống,Đời sống,Đời sống,True,1.2747829157339945,>=0.50
261960,"Nhớ thời thơ ấu, sung sướng tìm lại món chả Hà Nội nuột thơm",Đời sống,Đời sống,Đời sống,True,0.20994946791254043,0.20–0.30
52321,"Lamborghini Aventador như thật, bên dưới lại là... Honda Accord",Xe,Xe,Xe,True,0.4975768672771165,0.30–0.50
118374,Hậu Covid-19 khiến ‘tửu lượng’ dân nhậu giảm mạnh?,Thế giới,Thế giới,Sức khỏe,False,0.692979792651053,>=0.50
261368,Cụ ông 83 tuổi gây kinh ngạc khi vẽ tranh tuyệt đẹp bằng phần mềm Excel,Đời sống,Đời sống,Khoa học,False,0.33612010059722813,0.30–0.50
22553,BSR về đích trước hơn 40 ngày chỉ tiêu sản lượng sản xuất của năm,Kinh doanh,Kinh doanh,Kinh doanh,True,1.0379067351042144,>=0.50
258264,"Xui xẻo lùi xa: 3 con giáp đầu tháng 3 công danh thăng tiến, bứt phá không ngừng",Đời sống,Đời sống,Đời sống,True,0.05462248739689679,<0.10
35427,Lịch sử đầy trục trặc giữa UNRWA và Israel,Thế giới,Thế giới,Thế giới,True,0.03214028829494886,<0.10
167194,'Cò' Phùng Ngọc xúc động trong lễ cưới với vợ kém 10 tuổi,Giải trí,Giải trí,Đời sống,False,0.1286355454239999,0.10–0.20
51630,Đám cưới gây sốt với xe rước dâu trang trí bằng… rau quả,Xe,Xe,Đời sống,False,0.627411246231647,>=0.50
60982,Khai mạc Giải thể thao điện tử và vũ đạo thể thao giải trí Tech Beat 2,Khoa học công nghệ,Khoa học,Thể thao,False,0.6274648640938643,>=0.50
205356,E ngại kết hôn vì bạn gái có vòng một nhỏ,Sức khỏe,Sức khỏe,Sức khỏe,True,0.1885244113865242,0.10–0.20
247990,Lexus TX 2024: Mẫu xe hoàn toàn mới cho thị trường Bắc Mỹ,Xe,Xe,Xe,True,0.28029227632462483,0.20–0.30
57451,Những thiết bị cần rút phích cắm để an toàn trước bão số 3 (Wipha),Khoa học công nghệ,Khoa học,Khoa học,True,0.47143655758316666,0.30–0.50
190234,Thuế Thu nhập cá nhân: Ngưỡng khởi điểm cần nâng lên 12-15 triệu/tháng,Kinh doanh,Kinh doanh,Kinh doanh,True,0.9932510701895624,>=0.50
244517,"Khởi tố tài xế 65 tuổi trốn đo nồng độ cồn, bỏ chạy hơn 2km",Thời sự,Thời sự,Pháp luật,False,0.2708650080099557,0.20–0.30
108430,Công nghiệp Quảng Ngãi ‘bay cao’ từ đôi cánh lọc hóa dầu và luyện kim,Kinh doanh,Kinh doanh,Kinh doanh,True,1.2411601540963253,>=0.50
258266,"Vận động nhân dân hiến đất, hiến cây, cả trăm người nhìn đường to lấp ló mà vui",Đời sống,Đời sống,Thời sự,False,0.006324053082674808,<0.10
26755,Đang chấp hành án tù có được nhận lương hưu?,Pháp luật,Pháp luật,Công đoàn,False,0.20066829932138064,0.20–0.30
98591,"Thị trường đồng phục học sinh 58,61 tỉ USD: Nước nào sử dụng, nơi nào không?",Giáo dục,Giáo dục,Giáo dục,True,1.1500576150896435,>=0.50
26291,Ghi họ cha là tên nước ngoài rồi chú thích thêm bằng tiếng Việt được không?,Pháp luật,Pháp luật,Pháp luật,True,0.22557523292560683,0.20–0.30
100751,TP.HCM: Kết luận thanh tra thu chi của trường quốc tế Việt Úc và Bùi Thị Xuân,Giáo dục,Giáo dục,Giáo dục,True,1.45429728741283,>=0.50
164585,Ca sĩ Đàm Vĩnh Hưng lên tiếng về bình luận kém duyên với Cục trưởng Xuân Bắc,Giải trí,Giải trí,Giải trí,True,0.3979295910103401,0.30–0.50
98765,Vì sao ngày 30 tết luôn đặc biệt với người Việt?,Giáo dục,Giáo dục,Đời sống,False,0.37242994966550524,0.30–0.50
93416,Hồng Ánh từ chối 4 dự án phim để chinh phục vai Thúy Kiều,Giải trí,Giải trí,Giải trí,True,1.9959245504639118,>=0.50
111825,Giá vàng hôm nay 17.3.2024: Người mua vàng nhẫn sau một tuần lỗ 3 triệu đồng,Kinh doanh,Kinh doanh,Kinh doanh,True,1.4456623587452513,>=0.50
70367,Tử vi hằng ngày - Xem tử vi vui 12 con giáp ngày 3.12.2023,Đời sống,Đời sống,Đời sống,True,0.0822608152796197,<0.10
122628,Israel bất ngờ yêu cầu sơ tán nhiều khu vực phía nam Gaza,Thế giới,Thế giới,Thế giới,True,0.12827063108947023,0.10–0.20
204159,Chủ cơ sở massage cùng nhân viên bị phạt tù vì ‘giam lỏng’ 7 nữ tiếp viên,Pháp luật,Pháp luật,Pháp luật,True,0.630264325784155,>=0.50
68688,Đài Kiểm soát không lưu Long Thành cao 123 m chính thức soán ngôi cao nhất Việt Nam,Đời sống,Đời sống,Kinh doanh,False,0.317571504347833,0.30–0.50
117289,"Sở hữu ánh mắt nàng thơ tại La Ratio, công nghệ cắt mí ILID an toàn",Sức khỏe,Sức khỏe,Sức khỏe,True,0.5577461823300323,>=0.50
4501,Trường đại học Luật Hà Nội công bố điểm chuẩn học bạ hơn 30 điểm,Giáo dục,Giáo dục,Giáo dục,True,1.8731468214925715,>=0.50
141080,Công ty PouYuen Việt Nam hỗ trợ mức cao nhất 379 triệu cho công nhân mất việc,Thời sự,Thời sự,Công đoàn,False,1.3252344900541684,>=0.50
195127,"Ông lớn siêu giàu, nghìn tỷ gửi ngân hàng lấy lãi",Kinh doanh,Kinh doanh,Kinh doanh,True,2.4764416054324765,>=0.50
26540,Con trai là lao động chính có được hoãn nghĩa vụ quân sự?,Pháp luật,Pháp luật,Pháp luật,True,0.0734760368281292,<0.10
184796,Chính thức đưa vào hoạt động trang Zalo của Bộ Nội vụ,Khoa học công nghệ,Khoa học,Pháp luật,False,0.009242536560402748,<0.10
13918,"Orange tặng nón lá, dạy Ariana Grande đu trend 'Em chào sếp'",Giải trí,Giải trí,Giải trí,True,0.9364825235120633,>=0.50
209975,"Cây lạc tiên là vị thuốc mọc dại khắp nơi, trị chứng mất ngủ",Sức khỏe,Sức khỏe,Sức khỏe,True,1.5458166645114986,>=0.50
143239,"Người Việt mua ô tô máy xăng chuộng xe Toyota, Yaris Cross hút khách hơn Vios",Xe,Xe,Kinh doanh,False,0.030917083478457452,<0.10
53765,Lý do iPad vẫn bỏ xa máy tính bảng Android,Khoa học công nghệ,Khoa học,Khoa học,True,0.9648652803704674,>=0.50
102633,Thi tốt nghiệp THPT: Nhiều thí sinh ở Quảng Nam phấn khởi vì 'trúng tủ' môn văn,Giáo dục,Giáo dục,Giáo dục,True,0.8991326228966123,>=0.50
203322,"Thủ đoạn người đàn ông Ninh Bình dùng để chiếm đoạt 2,2 tỷ đồng",Pháp luật,Pháp luật,Pháp luật,True,0.9766353001350778,>=0.50
119554,Mỹ tìm cách ngăn Trung Quốc tiếp cận điện toán đám mây,Thế giới,Thế giới,Kinh doanh,False,0.15830482683471503,0.10–0.20
262438,"Kiếm 700 triệu đồng mỗi năm, cô gái vẫn không có người yêu vì làm nghề lạ",Đời sống,Đời sống,Đời sống,True,0.1464905129909817,0.10–0.20
186105,Đào tạo chuyên gia bảo vệ dữ liệu cá nhân theo mô hình thực chiến,Khoa học công nghệ,Khoa học,Giáo dục,False,0.17004683785443936,0.10–0.20
59469,YouTube nói gì khi bị tố tải chậm trên trình duyệt đối thủ của Chrome?,Khoa học công nghệ,Khoa học,Khoa học,True,0.7093986700966739,>=0.50
136673,"Tai nạn xe buýt ở Bình Thạnh, 2 người bị thương",Thời sự,Thời sự,Xe,False,0.1093432448918672,0.10–0.20
136101,Sau vụ chìm phà chở 14 người: Chủ tịch UBND tỉnh Quảng Nam chỉ đạo 'nóng',Thời sự,Thời sự,Thời sự,True,0.002267703163131851,<0.10
58501,Redmi 12 lập kỷ lục doanh số sau 2 tuần mở bán,Khoa học công nghệ,Khoa học,Khoa học,True,0.4151961371674059,0.30–0.50
174207,"Giáo viên TPHCM thêm thu nhập, thầy giáo ở quận 3 nhận cao nhất 48 triệu đồng",Giáo dục,Giáo dục,Giáo dục,True,0.4690051999819772,0.30–0.50
100845,Trường Phổ thông Năng khiếu thông báo được tổ chức thi chứng chỉ AP,Giáo dục,Giáo dục,Giáo dục,True,0.8432851611219301,>=0.50
201866,Yếu tố giúp PNJ trở thành ‘Nhà tuyển dụng được yêu thích nhất 2023’,Kinh doanh,Kinh doanh,Kinh doanh,True,0.9301353690177414,>=0.50
68387,Tối nay người Việt nhìn lên trời ngắm trăng Dâu Tây: Đừng bỏ lỡ 'ảo ảnh mặt trăng'!,Đời sống,Đời sống,Khoa học,False,0.6428355710705845,>=0.50
37694,"Giải bóng đá công nhân, viên chức Việt Nam 2025: Kịch tính vé vào tứ kết vòng loại phía Nam",Thể thao,Thể thao,Thể thao,True,0.9730927680500878,>=0.50
64205,MoMo là ứng dụng fintech phổ biến nhất tại Việt Nam,Khoa học công nghệ,Khoa học,Khoa học,True,0.2665157623663881,0.20–0.30
4986,"Hà Nội: Trường học phải niêm yết thực đơn, minh bạch tiền ăn bán trú mỗi ngày",Giáo dục,Giáo dục,Giáo dục,True,1.0615250020695657,>=0.50
15070,Xuân Hinh đóng phim Tết Mùi phở; Minh Dự nói không hề đánh con gái của Quốc Nam,Giải trí,Giải trí,Giải trí,True,2.107037218294609,>=0.50
105930,Tránh thu tiền sử dụng đất 1 lần sẽ gây áp lực cho doanh nghiệp,Kinh doanh,Kinh doanh,Kinh doanh,True,1.094391262065883,>=0.50
128131,"Báo chí Trung Quốc khen ngợi U.23 Việt Nam, truyền thông Hàn Quốc lại thở phào vì…",Thể thao,Thể thao,Thể thao,True,1.3923204301981906,>=0.50
82668,Lộ diện cặp đôi mới hứa hẹn ‘gây bão’ màn ảnh nhỏ,Giải trí,Giải trí,Giải trí,True,1.4578804118467223,>=0.50
5516,"Bất ngờ 'tiết học' liên môn đặc biệt, học sinh làm ra 500 sản phẩm",Giáo dục,Giáo dục,Giáo dục,True,1.477118671867387,>=0.50
235983,Tuyển bóng chuyền nữ Việt Nam toàn thắng vòng bảng ở giải châu Á,Thể thao,Thể thao,Thể thao,True,0.7981740796829928,>=0.50
63735,‘Ghostrunner 2’ chốt ngày phát hành vào cuối tháng 10,Khoa học công nghệ,Khoa học,Kinh doanh,False,0.21344686430110638,0.20–0.30
203986,"Người Việt ra nước ngoài công tác mới biết đang nợ thuế, có bị cấm nhập cảnh?",Pháp luật,Pháp luật,Kinh doanh,False,0.42690125342708596,0.30–0.50
133971,'Mất liên lạc' với chủ quán ăn bị tố 'chặt chém' ở Nha Trang,Thời sự,Thời sự,Pháp luật,False,0.04084359811778415,<0.10
262316,Thể thao học đường - Nơi trẻ lớn lên và trưởng thành qua từng trải nghiệm,Đời sống,Đời sống,Thể thao,False,0.24991365677474442,0.20–0.30
30984,"Vân Hugo, BTV Quang Minh từng ‘nổ’ thế nào về sữa Hiup?",Sức khỏe,Sức khỏe,Sức khỏe,True,0.006656159944251727,<0.10
174781,Vinschool nhận giải thưởng ESG Busines Awards về phát triển bền vững,Giáo dục,Giáo dục,Giáo dục,True,1.4141192550934538,>=0.50
255183,"Nhai kẹo cao su có thể dương tính giả với nồng độ cồn, tài xế cần làm gì?",Xe,Xe,Khoa học,False,0.2621134645999738,0.20–0.30
44658,Ông kỹ sư xin xác nhận là 'nông dân'!,Thời sự,Thời sự,Kinh doanh,False,0.03177184036481062,<0.10
211869,Điều gì xảy ra với cơ thể khi bạn ăn 3 quả trứng mỗi ngày?,Sức khỏe,Sức khỏe,Sức khỏe,True,1.374482610802442,>=0.50
66864,Chàng trai Việt 'bắt được' sao chổi thiên niên kỷ: 'Cơ hội duy nhất trong đời!',Đời sống,Đời sống,Khoa học,False,0.33746295161616646,0.30–0.50
225046,"Nhận định CAHN vs Hải Phòng, 19h15 ngày 8/4",Thể thao,Thể thao,Thể thao,True,1.486456019745991,>=0.50
172634,Chuyến xe yêu thương từ trường Newton: Gửi trọn tình yêu đến học sinh vùng bão,Giáo dục,Giáo dục,Giáo dục,True,0.8303440885451129,>=0.50
54895,Các thay đổi cài đặt Android giúp tránh bị theo dõi,Khoa học công nghệ,Khoa học,Khoa học,True,0.9112236175869991,>=0.50
189606,DN do đại gia Đặng Thành Tâm làm chủ tịch công bố dự án AI tới 2 tỷ USD,Kinh doanh,Kinh doanh,Kinh doanh,True,0.6001759678330877,>=0.50
5364,TP.HCM tinh giản các cuộc thi dành cho giáo viên và học sinh,Giáo dục,Giáo dục,Giáo dục,True,2.1898650491746574,>=0.50
145514,Mua ô tô điện lần đầu: Nên mua pin hay thuê pin?,Xe,Xe,Xe,True,0.3190888156698306,0.30–0.50
248093,"TP.HCM: Tài xế xe ôm mua xe máy điện VinFast trả góp, lãi suất 0%",Xe,Xe,Kinh doanh,False,0.09944734291534352,<0.10
38930,Liên đoàn Quần vợt - Pickleball TP.HCM có tân tổng thư ký,Thể thao,Thể thao,Thể thao,True,0.3509884825840176,0.30–0.50
133150,"Chủ tịch nước: 'Trên dưới cùng làm' để chính quyền 2 cấp gần dân, hiệu quả",Thời sự,Thời sự,Kinh doanh,False,0.3907132267354869,0.30–0.50
174129,"Giáo viên giảng viên được tăng lương, cao nhất gần 19 triệu đồng/tháng",Giáo dục,Giáo dục,Giáo dục,True,1.0871030733905787,>=0.50
100031,Vì sao ĐH Quốc gia TP.HCM chưa giải ngân đầu tư công từ nguồn vốn nước ngoài?,Giáo dục,Giáo dục,Kinh doanh,False,0.5865549948462035,>=0.50
98837,Hàng ngàn giáo viên mầm non lớp độc lập sắp được bồi dưỡng đạo đức nhà giáo,Giáo dục,Giáo dục,Giáo dục,True,1.0080889535151831,>=0.50
125904,Khai mạc vòng loại TNSV THACO cup 2025 khu vực Duyên hải miền Trung,Thể thao,Thể thao,Thể thao,True,0.6941350141600054,>=0.50
204631,Xét xử trực tuyến đại án đăng kiểm trong 3 tháng,Pháp luật,Pháp luật,Pháp luật,True,0.9795416196143834,>=0.50
115649,Điểm mặt các hoạt chất trị nám hiệu quả được chuyên gia khuyên dùng,Sức khỏe,Sức khỏe,Sức khỏe,True,0.7864278900853995,>=0.50
55662,Diablo IV lập kỷ lục trò chơi bán chạy nhất mọi thời đại của Blizzard,Khoa học công nghệ,Khoa học,Kinh doanh,False,0.07823394429462449,<0.10
157080,Nhân vật cứ xuất hiện là khán giả Cha tôi người ở lại ức chế,Giải trí,Giải trí,Giải trí,True,1.6301787494656281,>=0.50
56149,Tính năng từng bị Samsung 'bỏ rơi' sắp trở lại trên One UI 8.5,Khoa học công nghệ,Khoa học,Khoa học,True,1.0158441171318247,>=0.50
39200,Thể thao TP.HCM tăng chế độ đãi ngộ sau sáp nhập,Thể thao,Thể thao,Thể thao,True,0.12913671705053226,0.10–0.20
218480,Video lính Ukraine học cách dùng xe bọc thép lội nước của Hà Lan,Thế giới,Thế giới,Thời sự,False,0.10176274064342206,0.10–0.20
18678,"Sức mua tăng trong dịp nghỉ lễ 2-9, chủ yếu hàng Việt có khuyến mãi",Kinh doanh,Kinh doanh,Kinh doanh,True,1.0497642986843503,>=0.50
146027,"Mercedes lại xả hàng, bộ đôi ‘xe chơi’ giảm giá hơn 1 tỉ đồng",Xe,Xe,Xe,True,0.3278843461399817,0.30–0.50
204089,"Ô tô, xe máy chạy quá tốc độ bị phạt bao nhiêu tiền?",Pháp luật,Pháp luật,Khoa học,False,0.10972341121072438,0.10–0.20
61639,CEO OpenAI hé lộ cải tiến đột phá của ChatGPT năm 2025,Khoa học công nghệ,Khoa học,Khoa học,True,0.7370719283412577,>=0.50
71130,Tử vi hằng ngày - Xem tử vi vui 12 con giáp ngày 10.5.2024,Đời sống,Đời sống,Sức khỏe,False,0.07548440678997315,<0.10
182425,Thanh toán không dùng tiền mặt - thói quen tiêu dùng hiện đại,Khoa học công nghệ,Khoa học,Kinh doanh,False,0.8562693773055974,>=0.50
27159,Mang hàng triệu USD đi hối lộ: Có thể bị xử lý hành vi rửa tiền,Pháp luật,Pháp luật,Pháp luật,True,0.28160812084336584,0.20–0.30
185826,Ảnh AI tràn ngập Facebook: Tưởng vô hại nhưng cực nguy hiểm,Khoa học công nghệ,Khoa học,Khoa học,True,0.5527775395501926,>=0.50
255169,Tẩy sạch vết bẩn trên ghế ô tô chỉ với thứ bột đơn giản,Xe,Xe,Đời sống,False,0.1907733229840845,0.10–0.20
11430,A Tourist's Guide to Love - phim đưa cảnh đẹp Việt đến thế giới - vào top 3 Netflix toàn cầu,Giải trí,Giải trí,Giải trí,True,1.3948521979794941,>=0.50
239981,"Bộ Công an đề xuất thêm loại xe phải lắp giám sát hành trình, ghi hình tài xế",Thời sự,Thời sự,Xe,False,0.24881207563914354,0.20–0.30
207607,Cần Giờ sắp có bệnh viện theo tiêu chuẩn y tế hàn lâm hàng đầu Hoa Kỳ,Sức khỏe,Sức khỏe,Sức khỏe,True,0.5370421304240398,>=0.50
216460,"Tàu sân bay mới, hiện đại nhất của Trung Quốc đi vào hoạt động",Thế giới,Thế giới,Khoa học,False,0.5222515862218884,>=0.50
121524,Israel có hệ thống phòng không nào để đối phó Iran?,Thế giới,Thế giới,Thế giới,True,0.7412093489733845,>=0.50
115943,Phục hồi làn da chuẩn y khoa cho cả gia đình,Sức khỏe,Sức khỏe,Sức khỏe,True,1.049212910787908,>=0.50
239893,Tài xế ô tô khách giường nằm phóng 127km/h trên cao tốc,Thời sự,Thời sự,Khoa học,False,0.06512877554092966,<0.10
227605,"Kết quả bóng đá Arsenal 1-2 Bournemouth, vòng 35 Ngoại hạng Anh",Thể thao,Thể thao,Thể thao,True,1.0473588707067578,>=0.50
144339,"Xe tay ga 'nhái' thiết kế Honda ADV 150 có phiên bản hybrid, giá 73,5 triệu đồng",Xe,Xe,Xe,True,0.519302504137247,>=0.50
259528,Xếp hạng tỷ lệ ly hôn trên thế giới: Bất ngờ vị trí của Việt Nam,Đời sống,Đời sống,Giải trí,False,0.08641913524770006,<0.10
26973,Mua bảo hiểm nhân thọ được 10 năm nhưng có nguy cơ mất trắng?,Pháp luật,Pháp luật,Pháp luật,True,0.21015528183944793,0.20–0.30
53960,Apple phạm sai lầm gì với iPhone Air?,Khoa học công nghệ,Khoa học,Khoa học,True,1.1738273310846101,>=0.50
137998,"Cháy ở Khu công nghiệp Hòa Nhơn giữa mưa lớn, cảnh sát điều động robot tham gia chữa cháy",Thời sự,Thời sự,Thời sự,True,0.9872882688147115,>=0.50
204981,"Giúp thắng kiện, luật sư bị thân chủ đòi ngược hơn 7 tỷ đồng",Pháp luật,Pháp luật,Pháp luật,True,1.117628107201292,>=0.50
35289,Thế giới làm đường sắt tốc độ cao ra sao - Kỳ 7: Vì sao Ấn Độ chọn tàu cao tốc Shinkansen Nhật?,Thế giới,Thế giới,Khoa học,False,0.9295570891259944,>=0.50
100984,"Phú Yên: Cây phượng mục gốc ngã đổ, 4 học sinh bị thương",Giáo dục,Giáo dục,Giáo dục,True,1.1939144290232233,>=0.50
38772,Điền kinh và các môn võ 'tỏa sáng' giúp Việt Nam chạm mốc 30 HCV ở SEA Games 33,Thể thao,Thể thao,Thể thao,True,0.6445541971798772,>=0.50
9839,Vì sao Jack Black trong A Minecraft Movie khiến thế hệ trẻ em nào cũng phát cuồng?,Giải trí,Giải trí,Giải trí,True,2.132773093116482,>=0.50
238169,"Từ 1/7/2025, osin có phải đóng BHXH bắt buộc?",Thời sự,Thời sự,Công đoàn,False,0.37687272054237975,0.30–0.50
146975,Dán phim cách nhiệt ô tô: Chất lượng phim thôi đã đủ?,Xe,Xe,Giải trí,False,0.3125825066583897,0.30–0.50
95150,Điều kiện để tham gia thi tuyển bằng bài thi đánh giá năng lực ngành sư phạm,Giáo dục,Giáo dục,Giáo dục,True,2.611197456984544,>=0.50
99704,Giúp học sinh không bỏ học sau tết,Giáo dục,Giáo dục,Giáo dục,True,1.970655344538553,>=0.50
138550,"TP.HCM sáp nhập xã, phường mở ra không gian phát triển mới",Thời sự,Thời sự,Kinh doanh,False,0.21613467182347912,0.20–0.30
83854,Quốc Đại nói về việc người nổi tiếng phát ngôn lệch chuẩn,Giải trí,Giải trí,Giải trí,True,1.5024866142149154,>=0.50
217739,Chùm ảnh ông Kim Jong Un chỉ đạo tập trận với pháo phản lực siêu lớn,Thế giới,Thế giới,Thế giới,True,0.2466240950534473,0.20–0.30
95720,Chọn đúng ngành đam mê có chắc chắn thành công?,Giáo dục,Giáo dục,Giáo dục,True,1.525021018957906,>=0.50
109305,Xuất khẩu dệt may sụt giảm vì thiếu tái chế,Kinh doanh,Kinh doanh,Kinh doanh,True,1.3542290610505583,>=0.50
255503,"Chuyển hướng không bật đèn xi-nhan, lái xe bị phạt nặng thế nào?",Xe,Xe,Xe,True,0.1343988758521395,0.10–0.20
177898,Loạt trường THPT ở Hà Nội có điểm chuẩn lớp 10 năm 2025 giảm ‘sốc’,Giáo dục,Giáo dục,Giáo dục,True,1.5100697059954857,>=0.50
28536,Bình nước tái sử dụng là 'ổ chứa' vi khuẩn,Sức khỏe,Sức khỏe,Khoa học,False,0.8482715461473711,>=0.50
135556,Bệnh viện xả nước thải có vi khuẩn Coliforms vượt 480 lần: Bệnh viện phản hồi gì?,Thời sự,Thời sự,Sức khỏe,False,0.3720320499704888,0.30–0.50
135512,"Khơi dòng, thoát lũ trên cao tốc La Sơn - Túy Loan",Thời sự,Thời sự,Kinh doanh,False,0.08673138723120588,<0.10
42718,Lũ quét Làng Nủ: 'Sự sống nảy sinh từ cái chết... không để ai bị bỏ lại phía sau',Thời sự,Thời sự,Xã hội,False,0.0887308246621542,<0.10
213375,"Sắp cưới, cô gái lo lắng 'chỗ ấy' nhỏ vì thân hình gầy gò",Sức khỏe,Sức khỏe,Sức khỏe,True,0.45184847214382207,0.30–0.50
35290,Sức mạnh của quân đội Triều Tiên,Thế giới,Thế giới,Thế giới,True,0.4497012244263084,0.30–0.50
32566,Thế khó của Ukraine,Thế giới,Thế giới,Thế giới,True,1.0528773800202522,>=0.50
209873,"Q&A: Bắp cải, loại rau được mệnh danh là thuốc của người nghèo",Sức khỏe,Sức khỏe,Sức khỏe,True,1.172376081307691,>=0.50
214787,Lừa tình và tiền trên mạng đến luật sư cũng không thoát kiếp nạn nhân,Thế giới,Thế giới,Pháp luật,False,1.0329280488916228,>=0.50
167452,NSND Việt Anh lên tiếng về nghi vấn đang yêu cô gái trẻ,Giải trí,Giải trí,Giải trí,True,1.2513061976796434,>=0.50
202656,Con trai Chủ tịch Đào Hữu Huyền thôi chức Tổng giám đốc Hóa chất Đức Giang,Kinh doanh,Kinh doanh,Kinh doanh,True,1.922909442951221,>=0.50
122604,"Chiến sự tối 27.8: Máy bay Nga phóng tên lửa, tướng Ukraine bí mật gặp tướng NATO?",Thế giới,Thế giới,Thế giới,True,0.8334347786001579,>=0.50
36899,Lịch thi đấu của U17 Việt Nam tại vòng loại U17 châu Á 2026,Thể thao,Thể thao,Thể thao,True,1.4220612674139108,>=0.50
52723,Hiệp hội Blockchain Việt Nam được vinh danh trong hội thảo về FDI,Khoa học công nghệ,Khoa học,Kinh doanh,False,1.1743533818675387,>=0.50
200556,Tập đoàn DOJI đưa thương hiệu đẳng cấp quốc tế Sofitel đến Hải Phòng,Kinh doanh,Kinh doanh,Kinh doanh,True,1.272236616259698,>=0.50
206258,Lá gan của cô gái bị virus 'gặm nhấm' thành ung thư,Sức khỏe,Sức khỏe,Sức khỏe,True,1.8286505664710502,>=0.50
181280,"CellphoneS mở bán OPPO Find X9 series, ưu đãi bộ quà tặng đến 10 triệu đồng",Khoa học công nghệ,Khoa học,Kinh doanh,False,0.9413634643051695,>=0.50
58794,iOS 17.4 có thể phát hành sớm hơn dự định,Khoa học công nghệ,Khoa học,Khoa học,True,0.48411101585515554,0.30–0.50
9924,Dư âm Oscar và niềm vui điện ảnh ban sơ,Giải trí,Giải trí,Giải trí,True,1.3238848087990374,>=0.50
18984,Trung Quốc 'sốt' hạt đậu vàng vì gen Z đổ xô mua,Kinh doanh,Kinh doanh,Kinh doanh,True,0.9014748520871798,>=0.50
83051,Có gì trong phim Hàn 'Trò chơi tử thần' đang gây sốt?,Giải trí,Giải trí,Giải trí,True,1.0310971386883017,>=0.50
212623,"Râu ngô là thuốc quý tốt sức khỏe, giúp chữa bệnh gan, thận",Sức khỏe,Sức khỏe,Sức khỏe,True,1.3137332310749414,>=0.50
15486,"Miss Grand International thi áo tắm, dạ hội; Quế Anh biến hình trên sân khấu",Giải trí,Giải trí,Giải trí,True,0.46402113075617507,0.30–0.50
168400,Rộ tin Triệu Lệ Dĩnh hẹn hò 'đàn em' Vương Nhất Bác kém 10 tuổi,Giải trí,Giải trí,Giải trí,True,0.6671422074236758,>=0.50
23395,'Chubb Life - Vì tương lai em' mang yêu thương đến học sinh Thái Nguyên,Kinh doanh,Kinh doanh,Giáo dục,False,1.0450900910666268,>=0.50
183748,"Bảo đảm tiến độ số hóa để kết nối, chia sẻ dữ liệu về dân cư",Khoa học công nghệ,Khoa học,Xã hội,False,0.07021722530231567,<0.10
29415,Hơn 20.000 bệnh nhân ung thư đã được miễn giấy chuyển tuyến theo quy định mới,Sức khỏe,Sức khỏe,Sức khỏe,True,1.555522759285351,>=0.50
127613,Lịch thi đấu U.23 Việt Nam mới nhất hôm nay: 'Hạ đẹp' U.23 Campuchia để vào bán kết,Thể thao,Thể thao,Thể thao,True,1.4120812040728519,>=0.50
64458,CEO Grab Việt Nam: Giá dịch vụ phải ngày càng phù hợp hơn với người dùng,Khoa học công nghệ,Khoa học,Kinh doanh,False,0.18009708483957687,0.10–0.20
84605,Á hậu Thủy Tiên hé lộ cú sốc đầu đời khi mới vào showbiz,Giải trí,Giải trí,Giải trí,True,0.41008500114916574,0.30–0.50
232556,Bảng xếp hạng Serie A 2022-23 vòng 38 mới nhất,Thể thao,Thể thao,Thể thao,True,0.9669713972839864,>=0.50
187495,"Tên lửa RS-24 Yars tầm bắn 12.000km, tốc độ Mach20, tấn công 6 mục tiêu cùng lúc",Khoa học công nghệ,Khoa học,Thế giới,False,0.03362909588659613,<0.10
145754,"Sedan hạng B tại Việt Nam đua ưu đãi lệ phí trước bạ, Hyundai Accent giảm giá",Xe,Xe,Kinh doanh,False,0.5652462649006126,>=0.50
3774,Các ưu tiên xét tuyển thẳng của Đại học Quốc gia TP.HCM,Giáo dục,Giáo dục,Giáo dục,True,2.440451353622964,>=0.50
48201,Thị trường ô tô đình trệ khiến các nhà sản xuất châu Âu thua thiệt trên sân nhà,Xe,Xe,Kinh doanh,False,1.2153105327487226,>=0.50
264414,"Cô gái làm nghề đặc biệt về ra mắt, ngỡ ngàng trước phản ứng của bố mẹ bạn trai",Đời sống,Đời sống,Đời sống,True,0.3805277582354571,0.30–0.50
57762,Sự kiện trò chơi E3 chính thức bị khai tử,Khoa học công nghệ,Khoa học,Khoa học,True,0.051202321676786844,<0.10
237960,Clip người tàn tật bất lực nhìn nam thanh niên giật xấp vé số trên tay,Thời sự,Thời sự,Đời sống,False,0.4731360081084133,0.30–0.50
27285,Từ vụ bắt bà Hàn Ni: Vừa là bị cáo vừa là bị hại được không?,Pháp luật,Pháp luật,Pháp luật,True,1.018385292256769,>=0.50
96914,Có nên chuyển con sang trường chuyên?,Giáo dục,Giáo dục,Giáo dục,True,1.6523201332012667,>=0.50
57996,Xuất hiện hình ảnh iPhone 17 màu xanh lá tuyệt đẹp,Khoa học công nghệ,Khoa học,Khoa học,True,0.5640882706855678,>=0.50
119129,Nga và Syria: Thức thời và thực tế,Thế giới,Thế giới,Thế giới,True,0.7206287140941755,>=0.50
38555,"Trương Đình Hoàng, Nguyễn Ngọc Hải giành đai vô địch WBA",Thể thao,Thể thao,Thể thao,True,1.4419104942830483,>=0.50
71097,Tử vi hằng ngày - Xem tử vi vui 12 con giáp ngày 8.12.2023,Đời sống,Đời sống,Khoa học,False,0.11260577764391655,0.10–0.20
250347,"Tài xế ô tô ngông nghênh đi tắt ngược chiều, liên tục nháy đèn đòi nhường đường",Xe,Xe,Xe,True,0.1511130117448798,0.10–0.20
204980,"Chém chết đối thủ sau tiếng “cứu anh với”, bị tuyên phạt 18 năm tù",Pháp luật,Pháp luật,Pháp luật,True,0.8913394409361736,>=0.50
174505,Loạt cuộc thi bủa vây trường: Giáo viên nhờ họ hàng... thi hộ để đạt chỉ tiêu,Giáo dục,Giáo dục,Giáo dục,True,1.2696825137086956,>=0.50
241289,Tài xế xe ôm đi mô tô vào cao tốc trình bày lí do phải 'mưu sinh',Thời sự,Thời sự,Xe,False,0.08195160692104603,<0.10
51671,"Audi A3 2025 có bản hybrid mới, chạy được 150km không cần nhiên liệu",Xe,Xe,Xe,True,0.02083085311680022,<0.10
46736,"Địa chỉ trụ sở trung tâm hành chính công tỉnh Phú Thọ và 148 xã, phường",Thời sự,Thời sự,Pháp luật,False,0.2790390161893187,0.20–0.30
187926,"Tên lửa siêu vượt âm Mỹ không thể bị đánh chặn, thách thức S-400 của Nga",Khoa học công nghệ,Khoa học,Khoa học,True,0.9342543178201732,>=0.50
203442,"Hơn 7 tỷ đồng 'chi ngoài' của DN, cán bộ hải quan ăn chia cụ thể ra sao?",Pháp luật,Pháp luật,Kinh doanh,False,0.43168516780554367,0.30–0.50
172567,Buộc thôi việc giáo viên dạy toán bóp cổ bí thư đoàn trường THPT Võ Nguyên Giáp,Giáo dục,Giáo dục,Giáo dục,True,0.19366906860871502,0.10–0.20
209292,Bộ Y tế chỉ đạo khẩn vụ 'người nhà tố bệnh viện tắc trách khiến sản phụ tử vong',Sức khỏe,Sức khỏe,Sức khỏe,True,1.0237650214993947,>=0.50
221076,Tuyển Việt Nam rộn ràng tập luyện chuẩn bị đấu với Thái Lan,Thể thao,Thể thao,Thể thao,True,1.0850869051373706,>=0.50
29852,Bệnh viện Bạch Mai sẽ khám bệnh đến 21h đêm từ 1-8,Sức khỏe,Sức khỏe,Sức khỏe,True,1.4173551834643856,>=0.50
180333,Đề thi thử tốt nghiệp THPT môn Toán trường THPT Kim Liên 2023,Giáo dục,Giáo dục,Giáo dục,True,0.9913452441377042,>=0.50
226372,Cristiano Ronaldo: Người truyền lửa không có khái niệm dừng lại,Thể thao,Thể thao,Thể thao,True,0.5353591238435909,>=0.50
35730,Công ty sản xuất thức ăn thú cưng tăng trưởng mạnh giữa chiến sự Ukraine,Thế giới,Thế giới,Kinh doanh,False,1.791484530726832,>=0.50
161028,'Mắt rỗng' - Tiếng thở dài của Hà Nội trong cơn lốc đô thị hóa,Giải trí,Giải trí,Giải trí,True,0.3849101714245772,0.30–0.50
6830,"Nghệ sĩ lệch chuẩn văn hóa: Hạn chế biểu diễn, không cho xuất hiện trên truyền hình?",Giải trí,Giải trí,Giải trí,True,1.1114705400645821,>=0.50
133248,Bình Định: Phát hiện thi thể đang phân hủy bên bờ suối,Thời sự,Thời sự,Pháp luật,False,0.036328073968918906,<0.10
71981,Nghị lực của ông chủ ngồi xe lăn khởi nghiệp từ… 'khúc củi',Đời sống,Đời sống,Đời sống,True,0.03657225329982339,<0.10
247443,"Ô tô mới được 'bơm' mạnh ra thị trường, giá xe còn giảm sâu dịp cuối năm",Xe,Xe,Kinh doanh,False,0.9816736379064919,>=0.50
32212,Vì sao Fed cần độc lập?,Thế giới,Thế giới,Kinh doanh,False,1.4069229060931727,>=0.50
156573,MC Thụy Vân VTV gây bất ngờ khi tái xuất sau sinh con gái thứ 2,Giải trí,Giải trí,Giải trí,True,0.7507069083214132,>=0.50
231133,"Erik ten Hag nói gì khiến MU bừng tỉnh, thắng ngược Aston Villa?",Thể thao,Thể thao,Thể thao,True,0.6162122600260345,>=0.50
238524,Thay đổi trong quy định chi trả lương hưu từ 1/7/2025 người lao động cần biết,Thời sự,Thời sự,Công đoàn,False,0.769928730894911,>=0.50
35512,Hamas kiếm tiền từ đâu?,Thế giới,Thế giới,Kinh doanh,False,0.10382193150090524,0.10–0.20
32599,Tầm nhìn toàn cầu của Việt Nam tại Davos,Thế giới,Thế giới,Kinh doanh,False,0.876242308624383,>=0.50
97960,Việt Nam liên tiếp tụt bậc trên bảng xếp hạng ĐH trẻ tuổi tốt nhất thế giới,Giáo dục,Giáo dục,Giáo dục,True,0.3338370325692257,0.30–0.50
36077,Ông Biden bị kêu gọi từ chức ‘ngay lập tức’,Thế giới,Thế giới,Thế giới,True,0.92051455241166,>=0.50
70621,Tử vi hằng ngày - Xem tử vi vui 12 con giáp ngày 10.3.2024,Đời sống,Đời sống,Đời sống,True,0.05549828773554788,<0.10
26330,"Không có giấy chứng sinh, làm khai sinh cho trẻ được không?",Pháp luật,Pháp luật,Pháp luật,True,0.3746616438209426,0.30–0.50
66260,Cách thiết kế phòng ngủ giúp phục hồi năng lượng: Gợi ý từ kiến trúc sư,Đời sống,Đời sống,Sức khỏe,False,0.2831416925324502,0.20–0.30
120865,Ấn Độ sắp đóng tàu sân bay nội địa thứ 2,Thế giới,Thế giới,Khoa học,False,0.2929678288123172,0.20–0.30
181393,Mạng viễn thông số SkyX của Leeon Group ra mắt nền tảng X-Phone,Khoa học công nghệ,Khoa học,Kinh doanh,False,0.7386507266986828,>=0.50
24075,'Thời vàng' của du lịch tàu biển,Kinh doanh,Kinh doanh,Kinh doanh,True,0.21121690121127434,0.20–0.30
142784,Cận cảnh 2 xe tăng T54 quân đội đưa vào sân Mỹ Đình phục vụ biểu diễn,Thời sự,Thời sự,Giải trí,False,0.03933986331607564,<0.10
32298,Tổng thống Trump sẽ phải tính toán lợi ích đan xen ở châu Á,Thế giới,Thế giới,Thế giới,True,0.3244693820515255,0.30–0.50
84888,Cuộc sống của diễn viên Sam sau khi sinh đôi,Giải trí,Giải trí,Giải trí,True,0.9630480658774098,>=0.50
260047,"Khu chợ đặc biệt ở miền Tây, hàng chục ghe cập bến chỉ bán 1 mặt hàng",Đời sống,Đời sống,Đời sống,True,0.03376641711445871,<0.10
180034,Phổ điểm môn Hoá học thi tốt nghiệp THPT năm 2023,Giáo dục,Giáo dục,Giáo dục,True,1.5886165730232402,>=0.50
117185,Giải mã Retinoid thực vật: Bí mật trẻ hóa cho làn da không tuổi,Sức khỏe,Sức khỏe,Sức khỏe,True,0.6965489989298109,>=0.50
218277,Hai tàu chiến Nga cập cảng Trung Quốc,Thế giới,Thế giới,Thế giới,True,0.5758650205920273,>=0.50
200014,"Đồng loạt tăng phí, hàng Shopee, TikTok Shop hết thời giá rẻ?",Kinh doanh,Kinh doanh,Kinh doanh,True,1.544370860709897,>=0.50
88563,Soobin sang Hàn Quốc dự sự kiện cùng Song Hye Kyo,Giải trí,Giải trí,Giải trí,True,0.9876355887074945,>=0.50
200869,NAPAS ký kết hợp tác thúc đẩy chi tiêu thẻ NAPAS tại Hàn Quốc,Kinh doanh,Kinh doanh,Kinh doanh,True,0.3610552004574306,0.30–0.50
163131,Hoa hậu Thanh Hà rơi nước mắt khi đón Trung thu sớm cùng trẻ em khó khăn,Giải trí,Giải trí,Đời sống,False,0.060004846567143166,<0.10
56146,Làm thế nào để mang rạp chiếu phim về ngôi nhà của bạn?,Khoa học công nghệ,Khoa học,Khoa học,True,0.3497540810328353,0.30–0.50
230810,Barcelona rao bán loạt ngôi sao vì lo phá sản,Thể thao,Thể thao,Thể thao,True,0.5616910591748913,>=0.50
218398,Chuyên gia quân sự ở Ukraine tiết lộ người điều khiển UAV giỏi nhất,Thế giới,Thế giới,Khoa học,False,0.2097731898977867,0.20–0.30
2800,Công bố đáp án khảo sát lớp 6 vào 3 trường 'hot' ở Thủ Đức,Giáo dục,Giáo dục,Giáo dục,True,1.7506282004227876,>=0.50
209305,Nhà nghiên cứu trăm tuổi Nguyễn Đình Tư và thú tiêu khiển vui như lượm được vàng,Sức khỏe,Sức khỏe,Đời sống,False,0.37516503020334036,0.30–0.50
248127,"‘Gõ cửa’ 165 garage, Caltex Delo chọn cách tri ân đặc biệt",Xe,Xe,Kinh doanh,False,0.43338033718937086,0.30–0.50
27920,Dùng trà thảo dược thế nào là tốt?,Sức khỏe,Sức khỏe,Sức khỏe,True,1.5391623593635764,>=0.50
55809,Apple giới thiệu mô hình AI sẽ đến với iPhone tương lai,Khoa học công nghệ,Khoa học,Khoa học,True,0.614351564862313,>=0.50
208254,Ca bệnh nặng nhất trong 20 năm do bôi dầu nóng khi bị Zona,Sức khỏe,Sức khỏe,Sức khỏe,True,2.2584205846528107,>=0.50
180933,"Do truyền thống ăn thịt chó của quê, nhóm học sinh không được sang Mỹ trao đổi",Giáo dục,Giáo dục,Đời sống,False,0.020192190420637912,<0.10
174744,Hơn 250 giáo viên công lập một quận đồng loạt 'tháo chạy' sang trường tư,Giáo dục,Giáo dục,Giáo dục,True,1.3838279217812293,>=0.50
97455,Nữ sinh ngôi trường 107 tuổi rạng ngời trong ngày khai giảng,Giáo dục,Giáo dục,Giáo dục,True,1.686008444365077,>=0.50
143000,"Bộ Quốc phòng hướng dẫn chế độ sĩ quan, quân nhân chuyên nghiệp nghỉ hưu sớm",Thời sự,Thời sự,Công đoàn,False,0.41346683815468566,0.30–0.50
44542,"Tranh giành ngư trường tạm lắng, rồi sau đó?",Thời sự,Thời sự,Thời sự,True,0.4046260880017838,0.30–0.50
217633,Video drone cảm tử Ukraine vô hiệu hóa UGV quân đội Nga,Thế giới,Thế giới,Thế giới,True,0.01120152335916591,<0.10
257724,Thông tin mới vụ bà giáo ở Bắc Ninh thông báo vỡ hụi hàng chục tỷ đồng,Đời sống,Đời sống,Thời sự,False,0.6332596157758827,>=0.50
98928,"Mở cổng tuyển sinh lớp 10, học sinh TP.HCM đăng ký nguyện vọng từ hôm nay",Giáo dục,Giáo dục,Giáo dục,True,1.4176442262113276,>=0.50
110958,"Giá vàng hôm nay 3.3.2024: Lập đỉnh mới, người mua vàng ngày Thần tài lãi hay lỗ?",Kinh doanh,Kinh doanh,Kinh doanh,True,1.2125397970775773,>=0.50
248891,Trạng thái của lốp xe có thể ảnh hưởng tới phạm vi hoạt động của xe điện,Xe,Xe,Xe,True,0.49248710972877574,0.30–0.50
213833,Thế giới chờ động thái của ông Trump khi hạn chót dành cho Nga sắp hết,Thế giới,Thế giới,Kinh doanh,False,0.49819583148055724,0.30–0.50
70120,Quy định 'khối nghỉ hè' của ông nội gây sốt mạng: Các cháu ký tên cam kết,Đời sống,Đời sống,Đời sống,True,0.13372741925350584,0.10–0.20
212120,Điều gì xảy ra khi bạn uống nước ấm mỗi sáng?,Sức khỏe,Sức khỏe,Sức khỏe,True,1.1699518506981228,>=0.50
135370,Lên phương án phối hợp nổ mìn thông đèo Khánh Lê,Thời sự,Thời sự,Thời sự,True,0.30388242705778057,0.30–0.50
191100,"Giá vàng hôm nay 10/3/2025 bất ngờ giảm, SJC rơi khỏi mốc 93 triệu đồng",Kinh doanh,Kinh doanh,Kinh doanh,True,1.6858431367650613,>=0.50
30514,Chuyên gia Việt lưu ý về biến thể mới của SARS-CoV-2,Sức khỏe,Sức khỏe,Sức khỏe,True,0.8885084846095368,>=0.50
104464,'Hình hài' đường vành đai ngàn tỉ phía tây Đà Nẵng sau vài năm chậm tiến độ,Kinh doanh,Kinh doanh,Kinh doanh,True,0.5324382258676621,>=0.50
214529,Giải mã bí ẩn về 'Vua cướp biển' biến mất cùng kho báu khổng lồ,Thế giới,Thế giới,Khoa học,False,0.4613227412907768,0.30–0.50
142168,Sinh tồn hậu chấn thương tủy sống: Đi ra từ bóng tối tuyệt vọng,Thời sự,Thời sự,Sức khỏe,False,0.9762424410446494,>=0.50
258655,9X đem món ngon lên núi nấu tặng hàng trăm trẻ em nghèo,Đời sống,Đời sống,Đời sống,True,0.02321019934959645,<0.10
14979,"Lisa BlackPink, Ariana Grande, Timothée Chalamet và dàn sao lộng lẫy trên thảm đỏ Oscar 2025",Giải trí,Giải trí,Giải trí,True,0.6726124722492868,>=0.50
239828,9 chặng cao tốc nối thẳng từ Hà Nội tới Hà Tĩnh,Thời sự,Thời sự,Xe,False,0.22970494800958907,0.20–0.30
186996,FBI khuyến cáo không dùng trạm sạc điện thoại công cộng,Khoa học công nghệ,Khoa học,Khoa học,True,0.7734263477584656,>=0.50
207999,Cô giáo trẻ vượt 300km ra Hà Nội 'xẻ' một phần gan cứu em trai '9 phần tử vong',Sức khỏe,Sức khỏe,Sức khỏe,True,1.7038870308838514,>=0.50
196224,Bình Định thu hút hơn 17.000 tỷ vốn đầu tư chỉ sau 6 tháng,Kinh doanh,Kinh doanh,Kinh doanh,True,1.8464968083134525,>=0.50
204018,Mua nhà 2 năm chỉ thấy bãi đất trống: Làm gì để lấy lại tiền?,Pháp luật,Pháp luật,Kinh doanh,False,0.6646171991032632,>=0.50
192278,"Sao kê ủng hộ vùng bị bão lũ, vì sao có giao dịch chỉ 1 đồng?",Kinh doanh,Kinh doanh,Kinh doanh,True,1.230196053578707,>=0.50
45521,"Giao thông công cộng TP.HCM có biểu trưng mới 'hiện đại, gắn kết cộng đồng'",Thời sự,Thời sự,Xe,False,0.12424407250459346,0.10–0.20
30630,"Tìm tới yoga để sống chậm, sống an",Sức khỏe,Sức khỏe,Giáo dục,False,0.023328473969257635,<0.10
143761,"Mazda CX-5 ưu đãi lớn, giá thực tế chưa tới 700 triệu đồng",Xe,Xe,Kinh doanh,False,0.22415210932660756,0.20–0.30
31696,"12 năm hiếm muộn, cặp vợ chồng không dám đến nhà ai chơi",Sức khỏe,Sức khỏe,Đời sống,False,0.16764231510261718,0.10–0.20
146739,"'Sửng sốt' vì ô tô mới mua không có lốp dự phòng, lý do là gì?",Xe,Xe,Xe,True,0.4549155468102629,0.30–0.50
211953,Trứng luộc hay chiên rán bổ dưỡng hơn?,Sức khỏe,Sức khỏe,Sức khỏe,True,0.8920767811906749,>=0.50
63926,Apple vừa bị thổi bay 174 tỉ USD giá trị,Khoa học công nghệ,Khoa học,Kinh doanh,False,1.6056920324106483,>=0.50
114464,Cần làm gì để phòng bệnh truyền nhiễm ngày hè?,Sức khỏe,Sức khỏe,Sức khỏe,True,0.6683265350052155,>=0.50
264924,"Sang nhà hàng xóm mượn gạo, thấy đôi dép cũ của chồng, tôi phát hiện bí mật sốc",Đời sống,Đời sống,Đời sống,True,0.06880177428410472,<0.10
247826,"Vinfast ra mắt VF 7, giá từ 850 triệu đồng",Xe,Xe,Xe,True,0.3227259542638813,0.30–0.50
62092,Tính năng điều hướng Google Maps nhận bản cập nhật lớn,Khoa học công nghệ,Khoa học,Khoa học,True,0.9542814023510091,>=0.50
66072,Phi dưa món bất thành tết,Đời sống,Đời sống,Đời sống,True,0.8613107807638625,>=0.50
158073,‘Những nẻo đường gần xa’ tập 53: Bảo lại bị tố là ‘biến thái’,Giải trí,Giải trí,Đời sống,False,0.020997917526631604,<0.10
3082,"Cổng thi đánh giá năng lực vừa mở đã nghẽn mạng, sau 3 tiếng đã gần hết suất thi",Giáo dục,Giáo dục,Giáo dục,True,0.777823558518046,>=0.50
176414,"Nữ sinh miền núi đạt giải Olympic, dành học bổng du học Nga",Giáo dục,Giáo dục,Giáo dục,True,2.050812915037156,>=0.50
265002,"Chuẩn bị cầu hôn, đọc được tin nhắn của mẹ bạn gái, chàng trai lập tức bỏ về",Đời sống,Đời sống,Đời sống,True,0.08415742600812781,<0.10
33471,Công ty biến laptop thành thiết bị ghi âm bí mật giám sát nhân viên làm việc từ xa?,Thế giới,Thế giới,Pháp luật,False,0.14248634484208283,0.10–0.20
216287,"Kết quả điều tra sơ bộ vụ 6 khách Việt chết ở Bangkok, truy lùng người thứ 7",Thế giới,Thế giới,Pháp luật,False,0.4036641638633184,0.30–0.50
211286,Tìm người thân cho bệnh nhân đột quỵ giữa đêm 23 Tết Quý Mão,Sức khỏe,Sức khỏe,Sức khỏe,True,1.217399717266268,>=0.50
27531,Lợi ích bất ngờ của nồi chiên không dầu,Sức khỏe,Sức khỏe,Khoa học,False,0.105071761627139,0.10–0.20
218965,"Nhận định U22 Việt Nam vs U22 Malaysia, 16h ngày 11/12",Thể thao,Thể thao,Thể thao,True,1.3155705380136649,>=0.50
99029,"Đến hết năm 2025, các trường ĐH sẽ đồng loạt tự chủ tài chính",Giáo dục,Giáo dục,Giáo dục,True,0.3991576631681113,0.30–0.50
120807,Mỹ cần chi tiền khủng để đại tu tiêm kích F-35 đắt nhất lịch sử?,Thế giới,Thế giới,Thế giới,True,0.04682222281910847,<0.10
180164,"Điểm chuẩn học bạ Trường ĐH Nông lâm TP.HCM năm 2023 cao nhất 27,5",Giáo dục,Giáo dục,Giáo dục,True,0.9460182629914047,>=0.50
40395,Cúp Truyền hình TP.HCM 2025: Lộ diện các ngoại binh,Thể thao,Thể thao,Thể thao,True,0.25693853694323165,0.20–0.30
223007,Tuyển Việt Nam và thống kê đáng lo ngại trước trận gặp Indonesia,Thể thao,Thể thao,Thể thao,True,1.522164065542859,>=0.50
177435,"Chính phủ yêu cầu xây đề án thi tốt nghiệp THPT, thi đại học trên máy tính",Giáo dục,Giáo dục,Giáo dục,True,1.4293008843627497,>=0.50
33728,Ông Trump thay chân dung bà Hillary Clinton bằng ảnh của mình ở Nhà Trắng?,Thế giới,Thế giới,Thế giới,True,0.22040212401327441,0.20–0.30
174206,Bố mẹ đau đầu vì con học lớp 1 phải tham gia viết bài luận về sách,Giáo dục,Giáo dục,Giáo dục,True,1.2600925077502803,>=0.50
118947,Phe cực hữu lên ngôi ở Áo,Thế giới,Thế giới,Thế giới,True,0.23537119654179572,0.20–0.30
251210,"Chuyển làn thiếu quan sát, container gây tai nạn liên hoàn",Xe,Xe,Thời sự,False,0.08261599987878487,<0.10
129484,"Cơ thủ Đài Loan nhận 1,8 tỉ đồng khi vô địch thế giới trên đất Việt Nam",Thể thao,Thể thao,Thể thao,True,1.0145036095294726,>=0.50
259471,"Cầu thủ Vũ Thị Hoa: Bố mất sớm, chắt chiu từng đồng lương phụ mẹ nuôi 3 em",Đời sống,Đời sống,Thể thao,False,0.8988436619629527,>=0.50
255860,20/10 là ngày gì? Nguồn gốc và ý nghĩa ngày 20/10,Đời sống,Đời sống,Giải trí,False,0.3288377684399107,0.30–0.50
62193,Samsung lên kế hoạch ra mắt Galaxy Z FE,Khoa học công nghệ,Khoa học,Khoa học,True,0.29968290175680834,0.20–0.30
35362,Tổng thống Zelensky được bảo vệ thế nào để tránh bị ám sát?,Thế giới,Thế giới,Thế giới,True,0.3592564120611008,0.30–0.50
244572,Cách để hạn chế tai nạn đường sắt tại lối đi tự mở,Thời sự,Thời sự,Thời sự,True,0.22344410430792266,0.20–0.30
258596,Bảo vệ trẻ em trước các chiêu lừa tinh vi của kẻ bắt cóc,Đời sống,Đời sống,Pháp luật,False,0.4592181820789428,0.30–0.50
82622,Phim 'Biệt dược đen' tập 4: Long giết Vương hay một kẻ khác?,Giải trí,Giải trí,Pháp luật,False,0.34384320574611005,0.30–0.50
85084,Mono thay đổi ra sao sau 'Chiến sĩ quả cảm'?,Giải trí,Giải trí,Giải trí,True,0.5895838147286978,>=0.50
226986,"Tin tức về chuyển nhượng 23/7: MU mua Hjulmand, Man City ký Kounde",Thể thao,Thể thao,Thể thao,True,0.7086402986025171,>=0.50
133074,"Tổng duyệt diễu binh, diễu hành diễn ra 2 ngày trên đường Lê Duẩn ở TP.HCM",Thời sự,Thời sự,Thời sự,True,0.3511063575803711,0.30–0.50
29208,Lối sống 'Tây hóa' làm gia tăng ung thư đại trực tràng,Sức khỏe,Sức khỏe,Sức khỏe,True,1.4281981417906011,>=0.50
255335,"Dùng giẻ ướt tự lau xe trước mỗi chuyến đi, nên hay không?",Xe,Xe,Xe,True,0.5260039215471718,>=0.50
198948,TPBank chạm tới trái tim khách hàng trẻ bằng sự thấu hiểu,Kinh doanh,Kinh doanh,Giải trí,False,0.08720771861794718,<0.10
2585,"Mốc thời gian cần nhớ, những việc cần làm sau khi biết điểm thi tốt nghiệp THPT 2025",Giáo dục,Giáo dục,Giáo dục,True,2.203071447079923,>=0.50
117983,Cảnh báo ‘siêu lợn’ Canada tràn sang xâm lấn nhiều tiểu bang Mỹ,Thế giới,Thế giới,Khoa học,False,0.9965291405261437,>=0.50
21270,WinEco nâng chất lượng giá đỗ Việt nhờ công nghệ và kiểm soát quy trình,Kinh doanh,Kinh doanh,Kinh doanh,True,0.012565413271375114,<0.10
15150,Danh cầm Yiruma sáng tác nhạc cho Hà Anh Tuấn; Tài tử Nhật xin lỗi sau ồn ào tấn công tình dục,Giải trí,Giải trí,Giải trí,True,0.9360439880579304,>=0.50
238075,"Bịa chuyện để lừa tiền 'chạy án', khi bị nghi ngờ quay ra đe dọa ngược",Thời sự,Thời sự,Pháp luật,False,1.2588709907233713,>=0.50
259995,"Giúp đỡ cụ ông xa lạ, 9 năm sau người đàn ông nhận kết ngọt",Đời sống,Đời sống,Đời sống,True,0.33161953265418764,0.30–0.50
95371,Bí quyết ôn thi tốt nghiệp THPT đạt điểm cao: Nhôm và hợp chất của nhôm,Giáo dục,Giáo dục,Giáo dục,True,1.0834649959047449,>=0.50
47115,Cảnh sát giao thông Tiền Giang lần đầu tiên tổ chức thi sát hạch lái ô tô,Thời sự,Thời sự,Pháp luật,False,0.6263432370321543,>=0.50
26557,"Đất không được tách thửa, có thể bán một phần không?",Pháp luật,Pháp luật,Pháp luật,True,0.3154986402302846,0.30–0.50
35036,Đóng góp bất ngờ của 'ông trùm' chụp ảnh chim thiên đường,Thế giới,Thế giới,Khoa học,False,1.39391469311619,>=0.50
23142,Sản phẩm từ vật liệu phế phẩm sinh học xơ dừa polymer hóa đoạt giải nhất Start-up Wheel 2024,Kinh doanh,Kinh doanh,Khoa học,False,0.03647853727035877,<0.10
118098,Tín hiệu bí ẩn truyền về từ vũ trụ xa xôi,Thế giới,Thế giới,Khoa học,False,1.1055388564466813,>=0.50
26481,Người Việt Nam ra nước ngoài định cư có bị thu hồi căn cước công dân không?,Pháp luật,Pháp luật,Pháp luật,True,0.24467589946180623,0.20–0.30
96744,Trường mầm non ở TP.HCM bất lực dùng tôn che chắn mùi hôi thối xông vào lớp,Giáo dục,Giáo dục,Đời sống,False,0.09998782361286229,<0.10
206710,"3 cách dùng mỡ lợn hiệu quả, ai được ăn nhiều nhất",Sức khỏe,Sức khỏe,Sức khỏe,True,1.6308470042982859,>=0.50
36154,"Bất ngờ: Sau khi bị kết tội hình sự, ông Trump được ủng hộ tiền nhiều kỷ lục",Thế giới,Thế giới,Thế giới,True,0.49983447942394144,0.30–0.50
57390,Chặn điện thoại 2G lậu hòa mạng mới từ tháng 3,Khoa học công nghệ,Khoa học,Khoa học,True,0.3249126287241035,0.30–0.50
203583,Vụ chặn đường cho đoàn xe đám cưới: Một đối tượng của công ty vệ sĩ ra đầu thú,Pháp luật,Pháp luật,Pháp luật,True,0.9166025682782442,>=0.50
129561,Nơi chắp cánh cho những những võ sĩ MMA chuyên nghiệp,Thể thao,Thể thao,Thể thao,True,0.4019011168432789,0.30–0.50
140528,Bịt kín quán karaoke An Phú sau vụ phát hiện thi thể trong bể nước,Thời sự,Thời sự,Pháp luật,False,0.39653111094831617,0.30–0.50
54509,Xuất hiện siêu phẩm Android của năm 2025 đến từ Xiaomi,Khoa học công nghệ,Khoa học,Khoa học,True,1.2377899798894223,>=0.50
102588,"Sau khi nhận điểm thi, thí sinh cần lưu ý những điều này để trúng tuyển ĐH",Giáo dục,Giáo dục,Giáo dục,True,1.2803327827559285,>=0.50
213867,Lý do Không quân Israel chiếm ưu thế vượt trội so với Iran,Thế giới,Thế giới,Thế giới,True,0.5268807704974053,>=0.50
120432,Trung Quốc phát hiện được chiến đấu cơ tàng hình F-35 từ xa 2.000 km?,Thế giới,Thế giới,Khoa học,False,0.8788545500402594,>=0.50
87274,Madonna hẹn hò cầu thủ kém 38 tuổi,Giải trí,Giải trí,Giải trí,True,0.9651952889954202,>=0.50
162573,"Ai đọc được chữ đi cổng Vinh quang, ai chưa biết đi cổng Mù",Giải trí,Giải trí,Giáo dục,False,0.17662679509214213,0.10–0.20
119579,"Sau Trung Quốc, đến lượt EU tung đòn đáp trả thuế quan Mỹ",Thế giới,Thế giới,Kinh doanh,False,1.3846628375713865,>=0.50
4016,"Du học 2024, Úc siết chặt liệu có khó khăn cho du học sinh?",Giáo dục,Giáo dục,Giáo dục,True,2.570177955672121,>=0.50
238926,"Bộ Công an tiếp tục đưa 2,5 triệu biển ô tô, xe máy ra đấu giá",Thời sự,Thời sự,Kinh doanh,False,0.03435449264150159,<0.10
27440,Vụ Vạn Thịnh Phát: Bị cáo Chu Lập Cơ đề nghị được đòi lại tài sản,Pháp luật,Pháp luật,Pháp luật,True,0.5968505020507126,>=0.50
121253,"Nga, Trung Quốc tập trận chung trên biển",Thế giới,Thế giới,Thế giới,True,0.5862302059372423,>=0.50
253100,Top xe đa dụng cỡ trung tháng 4/2025: Những bức tranh đối lập,Xe,Xe,Xe,True,0.32550299779393055,0.30–0.50
28610,"Món ngon cháo, trà hoa cúc trắng hỗ trợ người bệnh huyết áp, đau đầu",Sức khỏe,Sức khỏe,Sức khỏe,True,0.8033833471603303,>=0.50
94430,Doãn Hải My đăng ảnh diện bikini khoe vòng eo 56cm,Giải trí,Giải trí,Giải trí,True,0.5186296227915806,>=0.50
101462,Suất ăn bán trú 25.000 đồng quá sơ sài: Hiệu trưởng viết ‘tâm thư’ xin lỗi,Giáo dục,Giáo dục,Giáo dục,True,0.8407604470306944,>=0.50
264041,Vì sao chúng ta ghét tình cũ của người yêu,Đời sống,Đời sống,Đời sống,True,0.19589181624538443,0.10–0.20
28662,Những ai cần nội soi dạ dày sớm để tầm soát sàng lọc các bệnh nguy hiểm?,Sức khỏe,Sức khỏe,Sức khỏe,True,1.8574634658754512,>=0.50
136788,"Tàu cá bị chìm ở vùng biển Lý Sơn, 11 ngư dân may mắn được cứu sống",Thời sự,Thời sự,Thời sự,True,0.30770542367779374,0.30–0.50
203295,Đường dây huy động vốn đa cấp trái phép liên tỉnh lôi kéo hàng nghìn người,Pháp luật,Pháp luật,Pháp luật,True,1.0607323452676312,>=0.50
104422,"Choáng với vé tàu tết, nhiều chặng đắt hơn vé máy bay",Kinh doanh,Kinh doanh,Kinh doanh,True,0.1043774330415127,0.10–0.20
186649,"Thiếu nhân sự bảo mật, nhiều web .gov.vn bị cài lại quảng cáo không phù hợp",Khoa học công nghệ,Khoa học,Pháp luật,False,0.11038166537847094,0.10–0.20
86810,Việt Hương được chồng tặng biệt thự hoành tráng,Giải trí,Giải trí,Giải trí,True,1.5591703081235404,>=0.50
136658,"Bệnh lây qua đường tình dục gia tăng, TP.HCM ứng phó ra sao?",Thời sự,Thời sự,Sức khỏe,False,1.3105318909357804,>=0.50
245291,Danh tính đối tượng sản xuất hàng nghìn lít nước mắm giả,Thời sự,Thời sự,Pháp luật,False,0.08078501612372779,<0.10
214750,Chuyện thoát chết của hành khách vụ rơi máy bay làm 98 người thiệt mạng,Thế giới,Thế giới,Khoa học,False,0.15568715167428404,0.10–0.20
87091,Con gái 12 tuổi của Huỳnh Dịch sang Hàn làm idol,Giải trí,Giải trí,Giải trí,True,0.6302456294541479,>=0.50
31461,"Sản phụ tự cắt rốn bằng kéo sau khi sinh, hai trẻ sơ sinh bị uốn ván",Sức khỏe,Sức khỏe,Sức khỏe,True,0.7076519110307466,>=0.50
121829,Chiến sự Ukraine ngày 1.102: Nga nêu mục tiêu sau cuộc tranh cãi Trump-Zelensky,Thế giới,Thế giới,Thế giới,True,0.7292107358246995,>=0.50
242027,"Bộ GTVT duyệt mức lương lãnh đạo Tổng công ty bay hơn 1,3 tỷ/năm",Thời sự,Thời sự,Kinh doanh,False,1.1530601110352614,>=0.50
52999,Cần sớm luật hóa khái niệm về tài sản ảo theo cam kết quốc tế,Khoa học công nghệ,Khoa học,Kinh doanh,False,0.7359788141431672,>=0.50
193877,Lãi suất ngân hàng 8/12/2023: Đà giảm vẫn chưa dừng,Kinh doanh,Kinh doanh,Kinh doanh,True,1.1351514863789502,>=0.50
120578,Chiến sự Ukraine ngày 775: Ai tấn công nhà máy điện hạt nhân?,Thế giới,Thế giới,Thế giới,True,0.22277491844992986,0.20–0.30
56271,iOS 26 biến việc đổi iPhone 17 thành ác mộng,Khoa học công nghệ,Khoa học,Khoa học,True,0.5611058775781869,>=0.50
47478,"'Căng thẳng, chi phí ban đầu cao, tôi không bao giờ mua xe mới nữa'",Xe,Xe,Xe,True,0.5450728792460953,>=0.50
33384,'Vua của siêu bão Ragasa' ngồi bất động trước sóng dữ,Thế giới,Thế giới,Đời sống,False,0.04091753216123428,<0.10
209602,"Mỗi năm, Việt Nam có ít nhất 40.000 ca tử vong liên quan đến thuốc lá",Sức khỏe,Sức khỏe,Sức khỏe,True,1.1045690419780674,>=0.50
58067,Liệu Street Fighter 6 sẽ cập bến Nintendo Switch?,Khoa học công nghệ,Khoa học,Khoa học,True,0.14750519891528868,0.10–0.20
193814,Lãi suất ngân hàng 20/12/2023: Nhà băng giảm lần 2 nhưng vẫn cao nhất thị trường,Kinh doanh,Kinh doanh,Kinh doanh,True,1.1353995593612738,>=0.50
57023,Google trình làng nhiều tính năng AI thú vị cho dòng Pixel 9,Khoa học công nghệ,Khoa học,Khoa học,True,1.2198674492493051,>=0.50
213854,"Đổ số tiền lớn nâng cấp phòng không, liệu NATO có được sức mạnh như ý?",Thế giới,Thế giới,Thế giới,True,0.7996628008113132,>=0.50
203336,Lộ diện nghi phạm giật vé số khiến người đàn ông hốt hoảng chạy bộ đuổi theo xe,Pháp luật,Pháp luật,Pháp luật,True,0.6020847963421017,>=0.50
41562,Lịch trực tiếp bóng đá châu Âu ngày 3-11: Man United đấu Chelsea,Thể thao,Thể thao,Thể thao,True,1.8493246139317299,>=0.50
211187,Hút gần 3 lít máu cấp cứu người đàn ông bị đâm thấu ngực,Sức khỏe,Sức khỏe,Sức khỏe,True,1.4947152286338996,>=0.50
195042,Techcombank được vinh danh ‘Ngân hàng số tốt nhất năm 2023’,Kinh doanh,Kinh doanh,Kinh doanh,True,2.1130508079360153,>=0.50
258017,"Mẹ chồng nàng dâu tập 378: Mẹ chồng con dâu đều mê vàng, gặp là đưa nhau đi mua",Đời sống,Đời sống,Đời sống,True,0.6316239049929206,>=0.50
162863,"Hai Thủ tướng Việt Nam và Nga nghe nhạc Cung đình Huế, nhạc cổ điển Nga",Giải trí,Giải trí,Giải trí,True,0.11047681725246211,0.10–0.20
187686,iPhone 17 sử dụng AI mạnh nhất lịch sử của OpenAI,Khoa học công nghệ,Khoa học,Khoa học,True,1.2117639647309533,>=0.50
188118,Hướng dẫn cách tạo ảnh Tết bằng AI cực đẹp năm 2026,Khoa học công nghệ,Khoa học,Giáo dục,False,0.028578064281228666,<0.10
222786,"HLV Troussier: Tuyển Việt Nam biết rõ trọng trách, sẽ thắng Indonesia",Thể thao,Thể thao,Thể thao,True,1.6626441526085671,>=0.50
12062,RHYDER được khen vì giải mã thành công trong Đấu trường gia tốc,Giải trí,Giải trí,Khoa học,False,0.0013643515071913859,<0.10
185949,Mở miễn phí khóa học online về an toàn Internet cho học sinh phổ thông,Khoa học công nghệ,Khoa học,Giáo dục,False,1.6108276879599686,>=0.50
261446,Độc đáo bộ ảnh mưu sinh trên biển lúc bình minh ở Thái Bình,Đời sống,Đời sống,Đời sống,True,0.009191232142699457,<0.10
143590,Hơn 4.400 xe Mercedes tại Việt Nam 'lãnh án' triệu hồi do lỗi bơm nhiên liệu,Xe,Xe,Xe,True,0.40598039481436965,0.30–0.50
228623,Tân binh đầu tiên MU chiêu mộ làm quà cho Ruben Amorim,Thể thao,Thể thao,Thể thao,True,0.8922310806320992,>=0.50
251196,"Đi vào đường một chiều, xe ô tô bỗng nhiên lật ngửa giữa đường",Xe,Xe,Xe,True,0.06242155375549052,<0.10
34720,Máy bay chạy bằng mỡ và đường thực vật vượt Đại Tây Dương,Thế giới,Thế giới,Khoa học,False,0.13634093711343664,0.10–0.20
68751,"Nhiều người ở chung cư TP.HCM dù thích vẫn không nuôi chó mèo, vì sao?",Đời sống,Đời sống,Xã hội,False,0.06654908967451845,<0.10
233007,Video sốc trọng tài biên đánh cùi chỏ cầu thủ Liverpool,Thể thao,Thể thao,Thể thao,True,0.7017515001290544,>=0.50
253235,"Giá dưới 600 triệu đồng, chọn mua xe Hyundai Stargazer X hay Suzuki XL7 hybrid?",Xe,Xe,Xe,True,0.8436658733557807,>=0.50
38501,Thái Lan có HCV đầu tiên tại Asiad 19 sau 50 giây cuối nghẹt thở,Thể thao,Thể thao,Thể thao,True,0.5886399089500347,>=0.50
26956,"Đơn phương ly hôn nhưng không có giấy tờ từ chồng, phải làm sao?",Pháp luật,Pháp luật,Pháp luật,True,0.5881740294020122,>=0.50
207180,"55 ca cấp cứu, 11 bệnh nhân xuất viện nhưng không đóng bất kỳ chi phí nào",Sức khỏe,Sức khỏe,Sức khỏe,True,1.8775481997361059,>=0.50
70741,Tử vi hằng ngày - Xem tử vi vui 12 con giáp ngày 16.6.2024,Đời sống,Đời sống,Khoa học,False,0.044046366912400825,<0.10
58653,Thời kỳ bão hòa của CPU đã đến?,Khoa học công nghệ,Khoa học,Khoa học,True,0.2777425573552459,0.20–0.30
115916,Top 10 kem chống lão hóa cho tuổi 50 bị thời gian 'lãng quên' luôn tươi trẻ,Sức khỏe,Sức khỏe,Sức khỏe,True,0.8354221403283535,>=0.50
134597,"Người dân TP.HCM đổ về phố đi bộ Nguyễn Huệ xem trình diễn drone, bắn pháo hoa",Thời sự,Thời sự,Đời sống,False,0.02868413851900864,<0.10
26910,"Đang nợ tiền sử dụng đất, có được tặng đất cho con trai?",Pháp luật,Pháp luật,Pháp luật,True,0.22397125650348682,0.20–0.30
26111,"Mua đất trước khi kết hôn, giờ chia tay, làm sao để bán?",Pháp luật,Pháp luật,Pháp luật,True,0.5990373498603518,>=0.50
172886,Lịch tựu trường của học sinh TPHCM năm 2025 sớm nhất từ 20/8,Giáo dục,Giáo dục,Giáo dục,True,2.1609678861474775,>=0.50
82243,Phim ‘Dưới bóng cây hạnh phúc’ tập 21: Vợ chồng Tuyết có ly hôn?,Giải trí,Giải trí,Giải trí,True,0.16408572825530338,0.10–0.20
109759,"Cho vịt nằm điều hòa, nghe nhạc, thu tiền tỉ mỗi năm",Kinh doanh,Kinh doanh,Kinh doanh,True,0.012158108241262622,<0.10
192109,Bóng dáng đại gia đứng sau doanh nghiệp chi nghìn tỷ đồng mua cổ phần VIB,Kinh doanh,Kinh doanh,Kinh doanh,True,2.4200059272339387,>=0.50
204500,Vụ Vạn Thịnh Phát: Tòa nhận được gần 6.000 đơn yêu cầu bồi thường của bị hại,Pháp luật,Pháp luật,Kinh doanh,False,0.49475278765897157,0.30–0.50
134195,Vĩnh Long bố trí hơn 237 tỉ đồng hỗ trợ cán bộ đi làm xa nhà,Thời sự,Thời sự,Công đoàn,False,0.05390710145006916,<0.10
124929,"2 cựu HLV M.U Solskjaer và Mourinho đồng loạt bị sa thải, Amorim nín thở",Thể thao,Thể thao,Thể thao,True,0.8601585060667897,>=0.50
191817,Tỷ giá USD hôm nay 12/11/2024: Giá USD ngân hàng đảo chiều đi lên,Kinh doanh,Kinh doanh,Kinh doanh,True,1.6467576406264577,>=0.50
116880,Những sự thật thú vị về thương hiệu dược mỹ phẩm Trioderma,Sức khỏe,Sức khỏe,Sức khỏe,True,0.8227680156729018,>=0.50
42312,Theo chân đội xử lý heo bị dịch tả châu Phi,Thời sự,Thời sự,Sức khỏe,False,0.11185954555868882,0.10–0.20
69721,Ngôi chùa gần 300 năm tuổi ở TP.HCM với kiến trúc cổ Nam bộ độc đáo,Đời sống,Đời sống,Thế giới,False,0.13354585982891087,0.10–0.20
245934,Bắt giam 12 thanh thiếu niên mang hung khí đuổi đánh nhau trên phố,Thời sự,Thời sự,Pháp luật,False,0.8639905563367326,>=0.50
233422,Man City tống khứ cầu thủ gây hấn Pep Guardiola,Thể thao,Thể thao,Thể thao,True,1.4666661797212783,>=0.50
25144,"Giá vàng miếng SJC tăng vọt, lên 85 triệu đồng/lượng",Kinh doanh,Kinh doanh,Kinh doanh,True,1.1220868166934284,>=0.50
92676,'Hiện tượng nhí' Tin Tin giờ ra sao?,Giải trí,Giải trí,Giải trí,True,1.3274730588865018,>=0.50
204112,Xét xử trùm giang hồ Vi 'ngộ' đưa hối lộ chạy án cho phạm nhân giết bạn tù,Pháp luật,Pháp luật,Pháp luật,True,0.7982138353385811,>=0.50
144662,"Qua thời đội giá, 'xe chơi' Suzuki Jimny giảm 120 triệu đồng",Xe,Xe,Kinh doanh,False,0.0041762175431623305,<0.10
203478,"Bắt giữ thanh niên lừa đảo 3,7 tỷ đồng bằng thủ đoạn vay tiền đáo hạn ngân hàng",Pháp luật,Pháp luật,Pháp luật,True,0.4799784251377187,0.30–0.50
121145,"Chiến sự ngày 510: Nga trả đũa dữ dội, nói Biển Đen không còn an toàn",Thế giới,Thế giới,Thế giới,True,0.557061464382402,>=0.50
122118,"Chiến sự Ukraine ngày 777: Nga gây áp lực hạ tầng, Ukraine có kế hoạch phản công",Thế giới,Thế giới,Thế giới,True,0.5310553344874325,>=0.50
29159,Công viên có thể làm lây bệnh nhiễm ký sinh trùng,Sức khỏe,Sức khỏe,Sức khỏe,True,0.057789557096620425,<0.10
146833,"Vì sao ống xả ô tô thải ra mùi lạ, âm thanh lớn bất thường",Xe,Xe,Khoa học,False,0.2518176527846737,0.20–0.30
207324,Người đàn ông chồm qua bàn tấn công nữ nhân viên y tế ở Nghệ An,Sức khỏe,Sức khỏe,Sức khỏe,True,0.15338378276415232,0.10–0.20
254564,Cắm sạc USB trên ô tô có làm hao ắc quy?,Xe,Xe,Khoa học,False,0.11313575476534271,0.10–0.20
105116,"Vỉa hè lại bị tái chiếm, TP.HCM đề xuất lắp camera phạt nguội",Kinh doanh,Kinh doanh,Xã hội,False,0.005271927446888369,<0.10
210317,Lý do người bệnh đái tháo đường cần quản lý cân nặng,Sức khỏe,Sức khỏe,Sức khỏe,True,2.4410674596040565,>=0.50
176446,Tiến sĩ công nghệ nhận lương 23 tỷ/năm,Giáo dục,Giáo dục,Giáo dục,True,0.6545097206019155,>=0.50
60441,Chrome sắp ngừng hoạt động trên hàng triệu iPhone,Khoa học công nghệ,Khoa học,Khoa học,True,0.6069715753556684,>=0.50
245957,"Kiểm tra nhà kho, nhân viên ngân hàng phát hiện đồng nghiệp tử vong bất thường",Thời sự,Thời sự,Kinh doanh,False,0.10069538350517643,0.10–0.20
72305,Ngôi nhà ở TP.HCM 'vỡ trận': Tập kết hơn 100.000 cuốn tập gửi tặng học sinh vùng lũ,Đời sống,Đời sống,Giáo dục,False,0.35127069456273374,0.30–0.50
73543,Sống ở TP.HCM 'hơn nhau' bởi hàng xóm: Chung cư cứ ngỡ cửa nhà ai cũng đóng kín,Đời sống,Đời sống,Đời sống,True,0.4907459377376302,0.30–0.50
245360,Nam sinh lớp 9 ở Hà Nội bị bạn học đâm tử vong,Thời sự,Thời sự,Giáo dục,False,0.09113837492413068,<0.10
123236,Bruno Fernandes có 48 giờ quyết định thương vụ 7.000 tỉ đồng đến Al Hilal,Thể thao,Thể thao,Thể thao,True,0.6201326284164753,>=0.50
228794,Cầu thủ MU hưởng lợi nhất khi Ruben Amorim nắm quyền,Thể thao,Thể thao,Thể thao,True,0.7072836853505937,>=0.50
31786,"Nhiều người trẻ nghiện tình dục ảo, phải làm sao?",Sức khỏe,Sức khỏe,Sức khỏe,True,1.3502526995617532,>=0.50
106496,Thêm nhiệt vào 'cơn sốt' giá gạo,Kinh doanh,Kinh doanh,Kinh doanh,True,1.3360623900350048,>=0.50
240394,Tài xế xe tải cầm hung khí đánh người sau khi đỗ xe chắn hết lối đi,Thời sự,Thời sự,Xe,False,0.31848274514882763,0.30–0.50
91708,Mối quan hệ giữa Đoàn Thiên Ân và chủ tịch Miss Grand International sau ồn ào,Giải trí,Giải trí,Giải trí,True,0.3550788595326846,0.30–0.50
214062,Ẩn ý đằng sau quyết định thay Bộ trưởng Quốc phòng Nga của ông Putin,Thế giới,Thế giới,Thế giới,True,0.21429651253957954,0.20–0.30
246919,Đối tượng ở Thái Bình dùng dao đâm người nhà sau bữa nhậu,Thời sự,Thời sự,Pháp luật,False,0.519685214919749,>=0.50
125917,HLV Vũ Văn Trung: 'Đội Trường ĐH Thủy lợi không tính toán chọn đối thủ',Thể thao,Thể thao,Thể thao,True,1.183423552329249,>=0.50
146503,5 mẫu xe sedan giảm giá gần cả trăm triệu tại Việt Nam,Xe,Xe,Kinh doanh,False,0.2878560855751131,0.20–0.30
178770,Điểm chuẩn Trường đại học Giao thông Vận tải TPHCM 2024,Giáo dục,Giáo dục,Giáo dục,True,0.4781194879393147,0.30–0.50
260967,Quan tài cổ nghìn năm chứa điều huyền bí trong hang đá ở Sơn La,Đời sống,Đời sống,Khoa học,False,0.24242342637852943,0.20–0.30
133200,"Báo động tình trạng hút thuốc lá thụ động nơi làm việc, quán cà phê",Thời sự,Thời sự,Sức khỏe,False,1.3199129615303358,>=0.50
226462,"MU không khí tệ hại đáng báo động, Ruben Amorim tự cô lập",Thể thao,Thể thao,Thể thao,True,0.4230453908676601,0.30–0.50
186203,Microsoft đưa ra thay đổi quan trọng sau sự cố ‘màn hình xanh chết chóc’,Khoa học công nghệ,Khoa học,Khoa học,True,0.05486031276469733,<0.10
63959,Microsoft bổ sung GPT-4 Turbo và GPT-3.5 Turbo vào dịch vụ Azure OpenAI,Khoa học công nghệ,Khoa học,Khoa học,True,0.571659798206805,>=0.50
38247,Muay Thái và Kun Khmer: 700 năm 'so găng' không ngừng,Thể thao,Thể thao,Thể thao,True,0.7046114629219166,>=0.50
134606,"Quảng Trị sắp xếp lại xã, phường: TP.Đông Hà còn 2 phường, Cồn Cỏ thành đặc khu",Thời sự,Thời sự,Pháp luật,False,0.1070713804138585,0.10–0.20
72136,"Chiếc xe máy 'chở cả thế giới' của bác tài công nghệ phố núi: 'Sơ cứu, dập lửa, vá xăm... gì tui cũng làm'",Đời sống,Đời sống,Đời sống,True,0.28497454204214767,0.20–0.30
261743,Cách làm món chân giò nấu giả cầy chuẩn vị miền Bắc,Đời sống,Đời sống,Đời sống,True,0.18229335437701055,0.10–0.20
62480,Meta đang kết thúc hỗ trợ cho kính thực tế ảo Quest đời đầu,Khoa học công nghệ,Khoa học,Khoa học,True,0.43329200753091734,0.30–0.50
22954,UIP cứu trợ đồng bào miền Bắc sau bão lũ,Kinh doanh,Kinh doanh,Kinh doanh,True,0.49001404373041546,0.30–0.50
117595,Đầu độc người giống hệt mình nhằm lấy hộ chiếu mạo danh,Thế giới,Thế giới,Pháp luật,False,0.5543553168440067,>=0.50
210992,"Nhân viên y tế ở Anh đình công đòi tăng lương, giảm áp lực",Sức khỏe,Sức khỏe,Sức khỏe,True,1.4742154444623368,>=0.50
24850,"Thủ tướng: Người sản xuất thấy cần gì thì đề xuất, đừng hỏi một chiều Chính phủ phải làm gì",Kinh doanh,Kinh doanh,Kinh doanh,True,1.3816491428191853,>=0.50
218840,"FIFA nói đúng 4 từ về U22 Việt Nam, khen Đình Bắc",Thể thao,Thể thao,Thể thao,True,0.792584865968367,>=0.50
204155,Đề nghị án tù cho ông Hồ Đại Dũng và các đại gia trong vụ đánh bạc,Pháp luật,Pháp luật,Pháp luật,True,0.6768320707868211,>=0.50
259572,"Khách ăn chỉ vội lấy phần, nàng dâu trẻ tức giận nhìn mâm cỗ",Đời sống,Đời sống,Đời sống,True,0.4207133146815757,0.30–0.50
188126,Cú lộn nhào của robot hình người Trung Quốc khiến Elon Musk ngỡ ngàng,Khoa học công nghệ,Khoa học,Khoa học,True,0.3049068655818457,0.30–0.50
98120,Trường tiểu học dừng thu tiền ‘câu lạc bộ’ dạy thêm các môn học,Giáo dục,Giáo dục,Giáo dục,True,1.9280277317683998,>=0.50
40334,Ê kíp Đồng Nai thắng lớn ở chặng 13 Cúp Truyền hình TP.HCM 2025,Thể thao,Thể thao,Thể thao,True,0.3819780847876249,0.30–0.50
185694,Đường đi dòng tiền bẩn 14 tỷ USD Bitcoin của 'trùm lừa đảo' Campuchia Chen Zhi,Khoa học công nghệ,Khoa học,Kinh doanh,False,0.6324461351912724,>=0.50
125945,Đội bóng Trường ĐH Lào có gì đặc biệt?,Thể thao,Thể thao,Thể thao,True,1.1216657680819488,>=0.50
259533,Người phụ nữ Hà thành biến quả đu đủ xanh thành những đóa hoa rực rỡ,Đời sống,Đời sống,Khoa học,False,0.0932165012649504,<0.10
48409,"Tin tức giá xe: Xe hạng C rẻ nhất Việt Nam nay càng rẻ, giá MG5 MT nay thấp hơn cả Hyundai i10",Xe,Xe,Xe,True,0.08886822105316189,<0.10
59771,Cộng đồng mạng trước thông tin chặn Telegram,Khoa học công nghệ,Khoa học,Khoa học,True,0.8742922335411768,>=0.50
206289,Bộ Y tế kêu gọi phụ nữ nhớ 5 bước kiểm tra phát hiện sớm ung thư vú,Sức khỏe,Sức khỏe,Sức khỏe,True,0.6299619854955877,>=0.50
261888,"Bần che bóng mát, cá thác lác quẫy đục ngầu, anh hỏi em đã có nơi nào hay chưa",Đời sống,Đời sống,Đời sống,True,0.17194940386786023,0.10–0.20
120530,Nga bác tin thả UAV sang Đức theo dõi tuyến vận chuyển vũ khí Mỹ,Thế giới,Thế giới,Thế giới,True,0.056105554775442434,<0.10
15532,Nhan sắc top 2 đầu tiên trong lịch sử Miss Cosmo,Giải trí,Giải trí,Giải trí,True,0.3697661150287509,0.30–0.50
247888,"Mercedes Benz Việt Nam tung 3 mẫu SUV điện mới, giá cao nhất 5 tỷ đồng",Xe,Xe,Xe,True,0.8908123712885383,>=0.50
215574,Hàng xóm sát hại cặp vợ chồng trước mặt con nhỏ,Thế giới,Thế giới,Pháp luật,False,0.6591305777672282,>=0.50
63327,Lừa đảo trực tuyến tại Việt Nam năm 2024 gây thiệt hại 18.900 tỉ đồng,Khoa học công nghệ,Khoa học,Pháp luật,False,0.21814817362731337,0.20–0.30
22004,MobiFone kinh doanh ra sao trước khi về Bộ Công an?,Kinh doanh,Kinh doanh,Kinh doanh,True,1.7670981836175332,>=0.50
138281,Làm rõ vụ tài xế taxi 'tố' bị chủ điểm du lịch trên đèo Măng Đen hành hung,Thời sự,Thời sự,Thời sự,True,0.10514616445046504,0.10–0.20
187300,"Tên lửa MBT tầm bắn 2.000km, tốc độ Mach 5, đầu đạn MIRV 'thay đổi cuộc chơi'",Khoa học công nghệ,Khoa học,Khoa học,True,0.4069826979734643,0.30–0.50
213066,Nghệ là bài thuốc tốt cho sức khỏe nhưng ai không nên dùng?,Sức khỏe,Sức khỏe,Sức khỏe,True,1.5733053630364235,>=0.50
211765,Cảnh báo với người thích mì ăn liền từ nghiên cứu quy mô lớn,Sức khỏe,Sức khỏe,Sức khỏe,True,0.6344057032607401,>=0.50
162219,Ra mắt cuốn sách của Tổng Bí thư Nguyễn Phú Trọng bằng 7 ngoại ngữ,Giải trí,Giải trí,Thời sự,False,0.07061178474659346,<0.10
203474,Bắt đối tượng đưa người xuất cảnh trái phép sang Campuchia,Pháp luật,Pháp luật,Pháp luật,True,1.3968666657152304,>=0.50
207614,Ca mổ 4 tiếng cứu bàn tay của nữ sinh vụ lật xe khiến 21 người cấp cứu,Sức khỏe,Sức khỏe,Sức khỏe,True,1.1119364326858752,>=0.50
229045,Real Madrid 'đánh cắp' ngôi sao hàng đầu của Arsenal,Thể thao,Thể thao,Thể thao,True,0.8965471541157757,>=0.50
204574,"Người giúp việc ngụy trang, trộm 3 bịch tiền, vàng của gia chủ",Pháp luật,Pháp luật,Pháp luật,True,0.8201582399318932,>=0.50
23416,BIDV hợp tác WMI phát triển đội ngũ Private Banker tiêu chuẩn quốc tế,Kinh doanh,Kinh doanh,Kinh doanh,True,1.2445806923787535,>=0.50
52305,"Từ 1-6, đào tạo lái xe thêm môn mới, được dạy lý thuyết trực tuyến",Xe,Xe,Giáo dục,False,0.17920309872352824,0.10–0.20
122558,Chiến sự ngày 593: Ukraine bất ngờ thay chỉ huy lực lượng phòng vệ,Thế giới,Thế giới,Thế giới,True,0.6855733017978984,>=0.50
53070,Mỗi giao dịch Bitcoin tiêu thụ lượng nước của bể bơi,Khoa học công nghệ,Khoa học,Khoa học,True,0.06383158069275563,<0.10
98022,Trường hợp nào văn bằng liên kết đào tạo không được công nhận?,Giáo dục,Giáo dục,Giáo dục,True,0.9816992545365737,>=0.50
51644,"Những xe 'nhất' tại Vietnam Motor Show 2024: Đắt nhất, mạnh nhất, lạ nhất...",Xe,Xe,Xe,True,0.697895120942298,>=0.50
69491,Người Việt có thể ngắm những trận mưa sao băng lớn nhất năm 2023 khi nào?,Đời sống,Đời sống,Khoa học,False,0.8722278696486911,>=0.50
252908,Ford F-150 Raptor R 2023 bị hiện tượng rò rỉ dầu dù vừa mới mua,Xe,Xe,Xe,True,0.4806775449094489,0.30–0.50
31993,Phẫu thuật chữa ngủ ngáy có hết ngáy không?,Sức khỏe,Sức khỏe,Sức khỏe,True,1.1430135608396021,>=0.50
203632,Vạn Thịnh Phát giai đoạn 2: Xử vắng mặt hơn 35.000 bị hại,Pháp luật,Pháp luật,Pháp luật,True,0.5070526543850093,>=0.50
174989,"Vụ quỹ lớp chi 260 triệu, phòng GD-ĐT chỉ đạo hoàn trả 250 triệu cho phụ huynh",Giáo dục,Giáo dục,Giáo dục,True,1.4080801179243263,>=0.50
43381,Giám thị - Những thầy cô không đứng bục giảng - Kỳ 4: Khi thầy giám thị đi tìm nữ sinh mất tích,Thời sự,Thời sự,Giáo dục,False,0.43877379882334494,0.30–0.50
31277,"Bệnh cúm vào mùa, phòng bệnh thế nào?",Sức khỏe,Sức khỏe,Sức khỏe,True,1.9402553955215367,>=0.50
37949,"Loại Nguyễn Filip, HLV Kim Sang Sik gọi Đặng Văn Lâm lên tuyển Việt Nam",Thể thao,Thể thao,Thể thao,True,1.5175115714126934,>=0.50
53097,Tuần lễ Blockchain GM Vietnam thu hút sự quan tâm của giới công nghệ,Khoa học công nghệ,Khoa học,Kinh doanh,False,0.11718398832063848,0.10–0.20
17262,"Có AI, tin tặc như hổ mọc thêm cánh",Khoa học công nghệ,Khoa học,Pháp luật,False,0.1259129899129648,0.10–0.20
181265,Thụy Sỹ hỗ trợ doanh nghiệp Việt sản xuất UAV đạt chuẩn Quốc tế,Khoa học công nghệ,Khoa học,Kinh doanh,False,0.22437738728580042,0.20–0.30
71871,"Giám đốc, nhân viên dùng 'máy bay' không người lái mini mang thức ăn tận tay bà con bị kẹt trong lũ",Đời sống,Đời sống,Khoa học,False,0.1574352174180118,0.10–0.20
198461,Thúc đẩy xây dựng văn hóa an toàn lao động tại nơi làm việc,Kinh doanh,Kinh doanh,Công đoàn,False,0.34559818119936014,0.30–0.50
59289,Apple sắp 'hồi sinh' công nghệ nút bấm 'vô hình' trên iPhone?,Khoa học công nghệ,Khoa học,Khoa học,True,0.7630813401639486,>=0.50
73136,CSGT truy tìm người phụ nữ phóng xe đạp ngược chiều quệt ô tô ở TP.HCM,Đời sống,Đời sống,Pháp luật,False,0.1091102129274018,0.10–0.20
107624,Có nên miễn xử phạt khi hộ kinh doanh vi phạm hóa đơn?,Kinh doanh,Kinh doanh,Kinh doanh,True,0.6521366164815042,>=0.50
88926,Đoàn Di Băng bị dân mạng 'tấn công' sau vụ chồng doanh nhân bị bắt,Giải trí,Giải trí,Giải trí,True,0.4542377645454147,0.30–0.50
70592,Chồng làm hết việc nhà và chăm con cho vợ ở cữ,Đời sống,Đời sống,Đời sống,True,0.21429032801032077,0.20–0.30
140013,Cần Thơ: Cháy lớn tại siêu thị chứa nguyên liệu làm bánh,Thời sự,Thời sự,Thời sự,True,0.9060788543936423,>=0.50
111352,"Giá USD hôm nay 29.4.2023: Giao dịch giảm, giá đô la Mỹ đi xuống",Kinh doanh,Kinh doanh,Kinh doanh,True,1.4921648678526696,>=0.50
74238,Người Hà Nội ùn ùn đi lễ chùa cầu may ngày mùng 1 tết,Đời sống,Đời sống,Đời sống,True,0.24800045314572727,0.20–0.30
51827,Trộm xe bóc kính chống đạn của Tesla Cybertruck dễ như xé một tờ giấy,Xe,Xe,Xe,True,0.006128814678193484,<0.10
106149,'Vua tàu cá' bất an vì quy định đánh bắt cá ngừ vằn trên nửa mét,Kinh doanh,Kinh doanh,Kinh doanh,True,0.32601124146978283,0.30–0.50
83560,Phan Hiển xúc động trước hành động của con gái khi Khánh Thi vắng nhà,Giải trí,Giải trí,Giải trí,True,0.584663280592732,>=0.50
165307,Lương Thu Trang lần đầu lên tiếng về chuyện phẫu thuật thẩm mỹ,Giải trí,Giải trí,Giải trí,True,1.7754294806358966,>=0.50
262849,"Người đàn ông học thạc sĩ ở Hàn Quốc, kể chuyện ăn vội bát mì cạnh chuồng lợn",Đời sống,Đời sống,Giáo dục,False,0.1054812088324531,0.10–0.20
134409,Vì sao TP.Nha Trang 'xin' cơ chế đặc thù cho phường Nha Trang mới sau sắp xếp?,Thời sự,Thời sự,Pháp luật,False,0.21186716182145815,0.20–0.30
204774,Mâu thuẫn tranh chấp đất đai ở Hà Nội và nhát dao chí mạng,Pháp luật,Pháp luật,Pháp luật,True,0.42095047278631215,0.30–0.50
116824,"Top 6 Retinol cứ thoa là da căng trẻ, bất chấp tuổi nào cũng ngược về 20+",Sức khỏe,Sức khỏe,Sức khỏe,True,0.8156463009081667,>=0.50
59071,Ngành pin Hàn Quốc lạc quan sau chiến thắng của ông Donald Trump,Khoa học công nghệ,Khoa học,Kinh doanh,False,0.4176668947620547,0.30–0.50
204720,Xông vào tận nhà giết người xa lạ chỉ vì nghi bị khinh thường,Pháp luật,Pháp luật,Pháp luật,True,0.7801349699046752,>=0.50
176247,Nước mắt ông bố nghèo có con đỗ đại học: ‘Bán nhà hay vay nợ vẫn cho con đi học’,Giáo dục,Giáo dục,Giáo dục,True,1.3518573381245234,>=0.50
108426,"SHB đồng loạt giảm lãi suất cho vay chỉ còn từ 5,79%/năm",Kinh doanh,Kinh doanh,Kinh doanh,True,2.0587835012909643,>=0.50
60842,"Pin xe điện thế hệ mới đột phá với sạc siêu tốc, giá siêu rẻ",Khoa học công nghệ,Khoa học,Khoa học,True,0.5134380667562294,>=0.50
47525,Có vài tỉ đặt cọc Lexus GX đời mới hay Land Rover Defender?,Xe,Xe,Khoa học,False,0.1026880343236215,0.10–0.20
70641,"Lấy chồng Ấn Độ, nàng dâu Việt vượt sóng gió gia đình và khác biệt phong tục",Đời sống,Đời sống,Đời sống,True,0.24720637099543652,0.20–0.30
116116,"Bí quyết ngăn ngừa, làm mờ đốm sắc tố cho làn da tươi sáng, căng trẻ",Sức khỏe,Sức khỏe,Sức khỏe,True,1.1391795905694755,>=0.50
103081,Điểm chuẩn Trường ĐH Khoa học xã hội và nhân văn TP.HCM: Dự kiến từ 20-28 điểm,Giáo dục,Giáo dục,Giáo dục,True,1.144596734853562,>=0.50
29683,Có nên uống nước chanh mật ong mỗi ngày?,Sức khỏe,Sức khỏe,Sức khỏe,True,0.5039483567028026,>=0.50
230773,"Bốc thăm vòng 1/8 Europa League: Liverpool dễ thở, AS Roma đụng Brighton",Thể thao,Thể thao,Thể thao,True,0.9688840708627835,>=0.50
147088,5 lý do không nên để xe máy phun xăng điện tử thường xuyên cạn nhiên liệu,Xe,Xe,Khoa học,False,0.07042039667908917,<0.10
259574,"Đi 600 km đến đám cưới bạn thân, cô gái bẽ bàng",Đời sống,Đời sống,Đời sống,True,0.6373685286958566,>=0.50
181241,MGID và Google giới thiệu giải pháp tăng doanh thu cho nhà xuất bản số,Khoa học công nghệ,Khoa học,Kinh doanh,False,1.0388887260530524,>=0.50
117203,Rejuvaskin Việt Nam hợp tác với Phòng khám chuyên khoa thẩm mỹ Lam Giang,Sức khỏe,Sức khỏe,Sức khỏe,True,0.3089625197824791,0.30–0.50
135938,"CSGT xử lý phạt nguội giúp xã hội văn minh, hiện đại",Thời sự,Thời sự,Xe,False,0.061774943574000485,<0.10
100545,Những học sinh sắp thi lớp 10 'sợ mai trời sáng',Giáo dục,Giáo dục,Giáo dục,True,1.1769400342545704,>=0.50
49998,Đại gia Dubai xông thẳng siêu xe 64 tỉ qua đường ngập nặng,Xe,Xe,Xe,True,0.309145793600627,0.30–0.50
26132,"Đất chia theo thỏa thuận không có giấy cam kết, thủ tục làm sổ đỏ thế nào?",Pháp luật,Pháp luật,Pháp luật,True,0.5815891828978215,>=0.50
138873,TP.HCM bàn giao 8 cơ sở cai nghiện ma túy cho công an 5 tỉnh,Thời sự,Thời sự,Pháp luật,False,0.3284470553426283,0.30–0.50
105652,"Sau gạo, Philippines muốn nhập khẩu phân bón từ Việt Nam",Kinh doanh,Kinh doanh,Kinh doanh,True,1.0039561572077491,>=0.50
48810,"Mazda CX-60 ra mắt Đông Nam Á, để ngỏ khả năng về Việt Nam",Xe,Xe,Xe,True,0.2235893150554581,0.20–0.30
110688,"Hôm nay 7.6, Vietcombank mở thêm nhiều điểm bán vàng miếng",Kinh doanh,Kinh doanh,Kinh doanh,True,0.9638350212415919,>=0.50
122825,Hai tàu chiến Nga thăm Trung Quốc 7 ngày,Thế giới,Thế giới,Thế giới,True,0.1438346040642804,0.10–0.20
172125,Nữ sinh 20 tuổi gây sốt ở Vietnam Idol,Giải trí,Giải trí,Giải trí,True,0.9155640773302243,>=0.50
54448,Trải nghiệm Dreame L10s Ultra Gen 3: Robot hút bụi cho không gian sống hiện đại,Khoa học công nghệ,Khoa học,Khoa học,True,0.7875919906839923,>=0.50
263429,Bạn muốn hẹn hò tập 966: Chàng trai vừa gặp đã mê cô gái hơn 2 tuổi,Đời sống,Đời sống,Giải trí,False,0.4224777086918585,0.30–0.50
33672,Bên trong nhà máy xe điện Trung Quốc: Đẹp 'lạnh lùng' và vắng bóng con người,Thế giới,Thế giới,Kinh doanh,False,0.48953780535407326,0.30–0.50
233654,Man City công bố tân binh cực chất,Thể thao,Thể thao,Thể thao,True,0.8039954483685608,>=0.50
236087,Dàn sao Việt hội tụ tại giải TaylorMade Tournament 2024,Thể thao,Thể thao,Thể thao,True,0.12845293312029993,0.10–0.20
54899,3 cài đặt ít người biết của BIOS giúp chơi game mượt hơn,Khoa học công nghệ,Khoa học,Khoa học,True,1.2434660994282014,>=0.50
241816,Gặp 'người hùng' ứng cứu tài xế xe Volvo vụ 8 ô tô tông liên hoàn ở cầu Phú Mỹ,Thời sự,Thời sự,Thời sự,True,0.04172903983120313,<0.10
97704,Yêu cầu phụ huynh không đưa xe máy cho học sinh sử dụng khi chưa đủ tuổi,Giáo dục,Giáo dục,Giáo dục,True,0.7222662635200905,>=0.50
255347,"Ba lý do nên trả thẳng tay lái khi đỗ xe, tài mới nên biết",Xe,Xe,Xe,True,0.6408079850409448,>=0.50
263491,"Quà Tết 7,4 tỷ đồng tặng công nhân, ngư dân, bộ đội 25 tỉnh thành",Đời sống,Đời sống,Công đoàn,False,0.08947472812141205,<0.10
203515,"Từng cướp ngân hàng, sau 18 năm tỷ phú địa ốc mới nhận án tử hình",Pháp luật,Pháp luật,Kinh doanh,False,0.03196303732765793,<0.10
97253,Trường Quốc tế TIS và hành trình bứt tốc cùng AI,Giáo dục,Giáo dục,Giáo dục,True,1.8467407586430111,>=0.50
116216,"Top 10 kem chống nắng chống lão hóa giúp da sáng mịn, tươi trẻ",Sức khỏe,Sức khỏe,Sức khỏe,True,0.6057313740242797,>=0.50
203692,Bắt cựu Phó giám đốc ngân hàng nhận hối lộ và vi phạm hoạt động cho vay,Pháp luật,Pháp luật,Pháp luật,True,0.05474607060011949,<0.10
240902,"Ngày mai metro Bến Thành - Suối Tiên thu phí, ưu đãi thanh toán không tiền mặt",Thời sự,Thời sự,Kinh doanh,False,0.1166290057626157,0.10–0.20
34806,Cô bé 7 tuổi nhặt được kim cương khi đi công viên,Thế giới,Thế giới,Khoa học,False,0.1430627903067495,0.10–0.20
103484,Sáng nay gần 12.000 học sinh Đà Nẵng bước vào kỳ thi tuyển sinh lớp 10,Giáo dục,Giáo dục,Giáo dục,True,1.220985023075262,>=0.50
2516,"Điểm sàn Trường đại học Y Dược TP.HCM giảm 2 điểm với 3 mức 17, 19, 22",Giáo dục,Giáo dục,Giáo dục,True,1.6704917006031934,>=0.50
183133,Doanh nghiệp Việt loay hoay tăng thu giảm chi bằng chuyển đổi số,Khoa học công nghệ,Khoa học,Kinh doanh,False,0.6098350735913695,>=0.50
203701,Sắp xét xử vụ bé gái bị người tình của mẹ bạo hành 4 năm trước,Pháp luật,Pháp luật,Pháp luật,True,0.4121471761669401,0.30–0.50
66792,Xuất khẩu gỗ và lâm sản dự kiến về đích trên 17 tỉ USD,Đời sống,Đời sống,Kinh doanh,False,0.6920702259747743,>=0.50
27383,"Viện kiểm sát đối đáp 8 vấn đề, khẳng định truy tố bà Trương Mỹ Lan tham ô là có cơ sở",Pháp luật,Pháp luật,Pháp luật,True,1.0001892355812168,>=0.50
103636,Những người lo cho hơn 35 'người con' trước kỳ thi tốt nghiệp,Giáo dục,Giáo dục,Giáo dục,True,1.0471142462878038,>=0.50
74165,Linh vật mèo bị thay thế vì nhiều người 'bàn tán xôn xao quá',Đời sống,Đời sống,Khoa học,False,0.16606822842847796,0.10–0.20
26396,"Mua bán đất phi nông nghiệp, ai phải nộp thuế?",Pháp luật,Pháp luật,Kinh doanh,False,0.3242578811225254,0.30–0.50
210436,Đoạn gỗ cắm sâu vào vùng nhạy cảm của bé trai,Sức khỏe,Sức khỏe,Sức khỏe,True,0.6148090658744295,>=0.50
257915,"Bất ngờ bị 'đẩy ngã' khỏi đỉnh cao giàu có, tỷ phú Sài Gòn xưa trôi dạt xứ người",Đời sống,Đời sống,Kinh doanh,False,1.149639740655335,>=0.50
59958,Samsung trì hoãn sản xuất kính thực tế hỗn hợp vì Apple,Khoa học công nghệ,Khoa học,Khoa học,True,0.5002284735944897,>=0.50
148328,"Ưu, nhược điểm MG RX5: Xuất xứ, giá bán khó cạnh tranh tại Việt Nam",Xe,Xe,Xe,True,0.67904383210081,>=0.50
132654,Đỡ đẻ 1 phút 'thần tốc' cho sản phụ ngay trên vỉa hè,Thời sự,Thời sự,Sức khỏe,False,0.1771862864963638,0.10–0.20
212275,Công nghệ Lipofer - Thêm giải pháp bổ sung sắt ưu việt cho mẹ bầu,Sức khỏe,Sức khỏe,Sức khỏe,True,0.21550772359098147,0.20–0.30
261352,Người phụ nữ gây bức xúc vì hành động chẳng giống ai khi đi ăn buffet,Đời sống,Đời sống,Đời sống,True,0.008610340802266081,<0.10
180624,Thí sinh sẽ đăng ký xét tuyển đại học năm 2023 từ 10/7,Giáo dục,Giáo dục,Giáo dục,True,1.849545536069357,>=0.50
197993,"ABBank 5 năm tới không chia cổ tức tiền mặt, đầu tư tìm người tài",Kinh doanh,Kinh doanh,Kinh doanh,True,1.8427053619616265,>=0.50
226858,"Tin tức về chuyển nhượng 9/8: MU ký Nico Paz, Real Madrid lấy Vitinha",Thể thao,Thể thao,Thể thao,True,0.5856157126266862,>=0.50
216107,"Vụ án mẹ đơn thân bị giết hại, phân xác ở Nhật Bản",Thế giới,Thế giới,Pháp luật,False,0.4347994751689722,0.30–0.50
27751,"Khối u xơ tử cung 'khủng', người phụ nữ tưởng bị béo phì",Sức khỏe,Sức khỏe,Sức khỏe,True,1.4460174575641336,>=0.50
68263,TP.HCM: Ông Nguyễn Phước Lộc thăm nông dân làng mai Bình Lợi ảnh hưởng vì ngập nước,Đời sống,Đời sống,Thời sự,False,0.1998235261060029,0.10–0.20
217737,Video UAV Ukraine bắn cháy 2 pháo tự hành 'Hoa cẩm chướng' của Nga,Thế giới,Thế giới,Thời sự,False,0.04503907206060431,<0.10
216272,Xe buýt chở du khách Việt gặp nạn ở Malaysia,Thế giới,Thế giới,Xe,False,0.04127188695510969,<0.10
49935,Hết mệt với tắc đường trên cao tốc bằng... dịch vụ hát karaoke,Xe,Xe,Xe,True,0.16660150951497077,0.10–0.20
110071,Giá USD hôm nay 19.9.2025: Ngân hàng tăng giá mua,Kinh doanh,Kinh doanh,Kinh doanh,True,1.280966296473595,>=0.50
61466,Công ty Trung Quốc thưởng keycap bằng vàng khối cho nhân viên,Khoa học công nghệ,Khoa học,Kinh doanh,False,0.6569045738208865,>=0.50
191385,"Gần 1,3 tỷ đồng/phút quảng cáo, Táo quân 2025 vẫn hút khách",Kinh doanh,Kinh doanh,Kinh doanh,True,0.3592541559555898,0.30–0.50
35403,Lực lượng vừa tràn qua biên giới Nga bằng xe tăng là ai?,Thế giới,Thế giới,Thời sự,False,0.14562993896315501,0.10–0.20
220560,Lịch thi đấu của U22 Việt Nam tại giải CFA Team China 2025 mới nhất,Thể thao,Thể thao,Thể thao,True,1.6247127449569345,>=0.50
133072,Bà con vùng ngập lụt Phú Yên cũ hãy gọi những số điện thoại cứu hộ này,Thời sự,Thời sự,Thời sự,True,0.4009855512598326,0.30–0.50
36308,"Đề xuất người đặt cược bóng đá phải khai họ tên, nghề nghiệp, nơi ở",Thể thao,Thể thao,Thể thao,True,0.22064050131444307,0.20–0.30
141068,"Sau tết, ngành nghề nào có nhu cầu tuyển dụng nhiều nhất ở TP.HCM?",Thời sự,Thời sự,Giáo dục,False,0.37291554799693816,0.30–0.50
222741,Kết quả bóng đá Thể Công Viettel 3-2 Quảng Nam - Kết quả V league 2023/24,Thể thao,Thể thao,Thể thao,True,1.3875424960671452,>=0.50
63624,Samsung cấm nhân viên dùng các công cụ AI,Khoa học công nghệ,Khoa học,Khoa học,True,0.6423437399673027,>=0.50
12151,"Sao nhí 15 tuổi bùng nổ với Adolescence, liệu sẽ là diễn viên trẻ nhất thắng Emmy?",Giải trí,Giải trí,Giải trí,True,1.382006132004332,>=0.50
110463,Tài chính Mirae Asset đồng hành cùng khách hàng trong chu kỳ phục hồi kinh tế,Kinh doanh,Kinh doanh,Kinh doanh,True,1.9183286968007753,>=0.50
26664,Muốn bổ sung tên cha trong giấy khai sinh của con được không?,Pháp luật,Pháp luật,Pháp luật,True,0.3581971179831943,0.30–0.50
143725,Lượng tiêu thụ ô tô tại Việt Nam giảm mạnh nhất khu vực Đông Nam Á,Xe,Xe,Kinh doanh,False,0.6683899702910994,>=0.50
194695,Thu nhập nhân viên ACB của chủ tịch Trần Hùng Huy 'bèo' gần bét bảng,Kinh doanh,Kinh doanh,Kinh doanh,True,0.5528775628238506,>=0.50
93972,Miu Lê: Tôi chọn 'giàu xài tiết kiệm' thay vì 'nghèo xài sang',Giải trí,Giải trí,Giải trí,True,1.1961157300566043,>=0.50
35581,Chân dung Hun Manet - người có thể là tân thủ tướng Campuchia sau bầu cử,Thế giới,Thế giới,Thế giới,True,0.10673674278795242,0.10–0.20
203320,Bắt tạm giam thanh niên đưa bé gái 14 tuổi về nhà để xâm hại,Pháp luật,Pháp luật,Pháp luật,True,0.7885684586193671,>=0.50
203716,Khởi tố nhóm đối tượng cưỡng đoạt tài sản kiểu mượn danh ‘thương binh’,Pháp luật,Pháp luật,Pháp luật,True,0.5756993051580079,>=0.50
193046,Không lưu ảnh CCCD trong điện thoại để tránh mất sạch tiền trong tài khoản,Kinh doanh,Kinh doanh,Kinh doanh,True,0.5385884163755761,>=0.50
205462,Dấu hiệu tiểu ra máu cảnh báo ung thư bàng quang ở nam giới,Sức khỏe,Sức khỏe,Sức khỏe,True,1.6166136867585432,>=0.50
116428,Bạn đã sử dụng kem chống nắng đúng cách bảo vệ da qua mùa nóng này chưa?,Sức khỏe,Sức khỏe,Sức khỏe,True,0.3730476948142597,0.30–0.50
213630,"Một người tử vong, 4 người đi cấp cứu sau khi ăn cỗ đám cưới",Sức khỏe,Sức khỏe,Sức khỏe,True,1.3967352073282313,>=0.50
197320,Bản tin kinh tế 16/11: Đảm bảo than cho sản xuất điện; đại gia thoát án phá sản,Kinh doanh,Kinh doanh,Kinh doanh,True,1.9737190743066693,>=0.50
25964,Vụ khách hàng mất tiền tại Ngân hàng MSB: Cần làm gì khi tiền gửi bỗng biến mất?,Kinh doanh,Kinh doanh,Kinh doanh,True,0.3991019265087632,0.30–0.50
119133,Điềm tốt lành Mỹ - Iran,Thế giới,Thế giới,Thế giới,True,0.12190041005549912,0.10–0.20
167914,'Ngọc nữ Nhật Bản' Ryoko Hirosue kết hôn với đầu bếp Toba sau bê bối ngoại tình,Giải trí,Giải trí,Giải trí,True,0.7180018400503704,>=0.50
265137,Mẹ hoảng hốt khi con gái ngoan hiền bỗng dưng nổi loạn,Đời sống,Đời sống,Đời sống,True,0.12156707891272167,0.10–0.20
68069,Hai miền Nam - Bắc và lời hẹn ở 'khúc ruột' thân thương,Đời sống,Đời sống,Đời sống,True,0.23961157801179622,0.20–0.30
183486,Chuyển đổi số nâng cao hiệu quả kết nối cung - cầu lao động,Khoa học công nghệ,Khoa học,Công đoàn,False,0.10258900434067963,0.10–0.20
178161,Đáp án môn Văn thi lớp 10 tỉnh Thái Nguyên năm 2025 cập nhật,Giáo dục,Giáo dục,Giáo dục,True,1.1934091549031736,>=0.50
48720,Tin tức giá xe: Mazda giảm giá niêm yết hàng loạt xe tại Việt Nam,Xe,Xe,Xe,True,0.024669963408449846,<0.10
35318,Mỹ trang bị tên lửa và bom cho tiêm kích F-16 gửi đến Ukraine,Thế giới,Thế giới,Thế giới,True,0.3496829442443397,0.30–0.50
218530,Cận cảnh Nga dùng UAV cảm tử phá hủy pháo tự hành AHS Krab của Ukraine,Thế giới,Thế giới,Thời sự,False,0.013473211581068623,<0.10
44885,"Doanh nhân có tầm, công chức chuyên nghiệp",Thời sự,Thời sự,Kinh doanh,False,0.910639450831579,>=0.50
127843,U.23 Việt Nam đủ tiềm năng tạo kỳ tích châu Á,Thể thao,Thể thao,Thể thao,True,2.0916520093020643,>=0.50
262276,Giải thưởng Hành động vì cộng đồng năm 2025 mở cổng đề cử và đăng ký dự án,Đời sống,Đời sống,Kinh doanh,False,0.37919713536075794,0.30–0.50
107585,Doanh nghiệp Việt 'đại hạ giá' gạo cho Indonesia?,Kinh doanh,Kinh doanh,Kinh doanh,True,0.9301407409041205,>=0.50
250505,Người mẹ trẻ bị xe điện tông bươu đầu vì lỗi sơ đẳng khi đưa xe vào gara,Xe,Xe,Xe,True,0.11836900830619884,0.10–0.20
144898,VinFast vượt doanh số Honda trong phân khúc ô tô điện,Xe,Xe,Kinh doanh,False,0.5141241437698699,>=0.50
115406,"Top 6 kem Retinol hot 2025 giúp da căng mướt, trẻ đẹp không cần filter!",Sức khỏe,Sức khỏe,Sức khỏe,True,0.8389571586894661,>=0.50
193878,Phấn đấu thanh toán mọi hoá đơn trên 1 nền tảng,Kinh doanh,Kinh doanh,Kinh doanh,True,1.697251651038632,>=0.50
143071,Trường Sa mãi trong tim người Việt: Không xa đâu Trường Sa ơi,Thời sự,Thời sự,Đời sống,False,0.09758556474266578,<0.10
59429,Người lớn tuổi 'nghiện' video AI: Giải trí tiện lợi nhưng tiềm ẩn rủi ro,Khoa học công nghệ,Khoa học,Giải trí,False,0.16937329376280946,0.10–0.20
33584,Air Cambodia bác bỏ cáo buộc sao chép đồng phục Thai Airways,Thế giới,Thế giới,Kinh doanh,False,0.46188559604794166,0.30–0.50
222827,Tuyển Việt Nam không cần 'gồng lên' vẫn có thể hòa Indonesia,Thể thao,Thể thao,Thể thao,True,1.6516261805582682,>=0.50
188764,Một mảnh ghép còn thiếu cho năng lượng xanh ở Việt Nam,Kinh doanh,Kinh doanh,Khoa học,False,0.49854158489795264,0.30–0.50
185721,"Nhiều bệnh viện lớn bị tấn công mạng, dữ liệu bệnh nhân bị rao bán",Khoa học công nghệ,Khoa học,Sức khỏe,False,0.3465990281387097,0.30–0.50
207317,Cấp cứu bệnh nhân người Nga bị đột quỵ nặng,Sức khỏe,Sức khỏe,Sức khỏe,True,1.7155293249287098,>=0.50
252093,Thái Lan trợ giá cho xe điện Trung Quốc khiến ngành ô tô nước này lao đao,Xe,Xe,Kinh doanh,False,0.5363359543315385,>=0.50
173679,Đề xuất giáo viên không được chia sẻ điểm của học sinh lên mạng xã hội,Giáo dục,Giáo dục,Giáo dục,True,1.086338056235655,>=0.50
205550,Vì sao ăn chay hằng ngày vẫn bị tăng mỡ máu? Cách ăn để hạ mỡ máu,Sức khỏe,Sức khỏe,Sức khỏe,True,1.2621789853334175,>=0.50
34713,Binh sĩ Israel thư giãn trong khu phức hợp giữa chiến sự,Thế giới,Thế giới,Thời sự,False,0.14657314880584094,0.10–0.20
207307,Cặp vợ chồng bác sĩ ngoại quốc đưa con sang Việt Nam mổ tim,Sức khỏe,Sức khỏe,Sức khỏe,True,1.6920068588715869,>=0.50
60930,Những bất cập trên Windows khiến người dùng 'ngao ngán',Khoa học công nghệ,Khoa học,Khoa học,True,1.1047062202898892,>=0.50
197628,EVN quyết liệt triển khai các giải pháp tiết kiệm điện,Kinh doanh,Kinh doanh,Kinh doanh,True,0.7802960760053718,>=0.50
102533,"Thí sinh ở Quảng Ngãi ngủ quên, CSGT đến nhà rước đi thi tốt nghiệp THPT",Giáo dục,Giáo dục,Giáo dục,True,0.6122534570340911,>=0.50
27309,Vụ 11 anh em ruột kiện nhau thừa kế đất: Tòa tuyên bị đơn được sở hữu mảnh đất tranh chấp,Pháp luật,Pháp luật,Pháp luật,True,0.5736883585189395,>=0.50
137547,Vì sao Dự án Bệnh viện đa khoa Cà Mau giải ngân chậm vốn đầu tư?,Thời sự,Thời sự,Kinh doanh,False,0.10451058148320103,0.10–0.20
109685,"TP.HCM và Nam bộ sẽ có mưa lớn diện rộng đến cuối tháng, vì sao?",Kinh doanh,Kinh doanh,Khoa học,False,0.14343204172896068,0.10–0.20
185566,Tiêu dùng data di động tăng mạnh dịp nghỉ lễ 30/4 và 1/5,Khoa học công nghệ,Khoa học,Khoa học,True,0.14911307149696928,0.10–0.20
29364,Cảnh giác với sự nguy hiểm ngọt ngào trong những ngày Tết,Sức khỏe,Sức khỏe,Sức khỏe,True,1.61499625336441,>=0.50
70501,Cụ bà 103 tuổi vượt gần 300 km về quê thắp nhang ngày giỗ mẹ,Đời sống,Đời sống,Đời sống,True,0.5405460708676231,>=0.50
107632,Phê duyệt chủ trương tuyến cao tốc hơn 19.600 tỉ từ TP.HCM đi Tây Ninh,Kinh doanh,Kinh doanh,Kinh doanh,True,0.23142229900948985,0.20–0.30
114486,"Tưởng chăm partner đã đủ ‘tận răng’, ai ngờ ‘ê chề’ từng miếng khi gặp Ê Mênu!",Sức khỏe,Sức khỏe,Sức khỏe,True,0.31870622229391726,0.30–0.50
127015,"HLV Kim Sang-sik lý giải 'ám hiệu' đặc biệt qua… chiếc khăn tắm, hạnh phúc dâng trào vì U.23 Việt Nam",Thể thao,Thể thao,Thể thao,True,1.8343361887348444,>=0.50
182542,"Cần ưu tiên đầu tư hạ tầng số, nền tảng số, dữ liệu, giải tỏa hạn chế",Khoa học công nghệ,Khoa học,Kinh doanh,False,0.20629494897050693,0.20–0.30
94166,Hồng Thanh xin lỗi vụ 'trả tiền vé gấp đôi ai chê Đất rừng phương Nam',Giải trí,Giải trí,Giải trí,True,1.3883471549016628,>=0.50
68059,CSGT TP.HCM dùng thiết bị kỹ thuật nghiệp vụ xử lý vi phạm trong đợt cao điểm,Đời sống,Đời sống,Khoa học,False,0.0633784008091588,<0.10
133050,Đã xác định 'thủ phạm' khiến hơn 300 người ngộ độc sau khi ăn bánh mì,Thời sự,Thời sự,Sức khỏe,False,0.5146274579038974,>=0.50
59666,Hàn Quốc xóa 'vết đen trên mạng' của thiếu niên,Khoa học công nghệ,Khoa học,Giáo dục,False,0.07939899179817167,<0.10
204231,"Giám đốc thuê 16 xe ô tô đem cầm cố, bán lấy tiền rồi bỏ trốn",Pháp luật,Pháp luật,Pháp luật,True,0.3588201631962884,0.30–0.50
214436,Ảo tưởng 'lạc lối' của giới trẻ Hàn Quốc về các đường dây lừa đảo ở Campuchia,Thế giới,Thế giới,Pháp luật,False,0.014543648219956296,<0.10
254172,Đấu giá biển số sáng 30/11: Biển 'thần tài' giá cao nhất chỉ 60 triệu đồng,Xe,Xe,Đời sống,False,0.024648050974778513,<0.10
182946,Trung Quốc đang dùng DeepSeek làm gì?,Khoa học công nghệ,Khoa học,Khoa học,True,0.44688193349356453,0.30–0.50
246733,Cận cảnh bãi giữ xe trái phép 4.000m2 ở Hà Nội được bí thư phường 'bảo kê',Thời sự,Thời sự,Pháp luật,False,0.48973621315751814,0.30–0.50
106667,"Hà Nội đẩy mạnh chuyển đổi số trong đảm bảo chất lượng, an toàn thực phẩm",Kinh doanh,Kinh doanh,Kinh doanh,True,0.7089856676662347,>=0.50
140809,Ông Trần Lưu Quang trao Huy hiệu 80 năm tuổi Đảng tặng đảng viên gần 100 tuổi,Thời sự,Thời sự,Đời sống,False,0.5827463187247178,>=0.50
103969,"Năm 2025, ngành kỹ thuật công nghệ được tuyển sinh và đào tạo ra sao?",Giáo dục,Giáo dục,Giáo dục,True,1.5914565598677746,>=0.50
170233,Diễn viên Hồng Loan chia sẻ vẫn giữ liên lạc với Tiến Linh,Giải trí,Giải trí,Giải trí,True,0.819503113242964,>=0.50
71684,"Người dân liên tục cập nhật tin tức siêu bão Yagi, dân mạng gửi mong cầu bình an",Đời sống,Đời sống,Đời sống,True,0.2808544546292334,0.20–0.30
263706,"Chàng trai giục kết hôn khi biết bạn gái vô sinh, 5 năm sau mới hé lộ sự thật",Đời sống,Đời sống,Giải trí,False,0.03630677166035101,<0.10
27165,Chiêu thức của công ty cầm đồ dụ dỗ người dân gửi 200 tỉ làm sổ tiết kiệm,Pháp luật,Pháp luật,Kinh doanh,False,1.177250262070662,>=0.50
184670,Khóa học sử dụng ChatGPT tại Việt Nam mọc lên như nấm sau mưa,Khoa học công nghệ,Khoa học,Khoa học,True,0.0002667581585089063,<0.10
189826,"Lãi suất ngân hàng hôm nay 1/10/2025: Gửi tiết kiệm, cơ hội trúng đến 1 tỷ đồng",Kinh doanh,Kinh doanh,Kinh doanh,True,1.4432518111304273,>=0.50
175927,Hành trình chinh phục Huy chương Vàng Olympic quốc tế của nam sinh Bắc Giang,Giáo dục,Giáo dục,Giáo dục,True,1.5337479582969733,>=0.50
11155,Ẩm thực Pháp hấp dẫn trong trailer phim của Trần Anh Hùng,Giải trí,Giải trí,Giải trí,True,1.3388964265578993,>=0.50
39361,"Chiến đấu kiên cường, Hải Đăng ngược dòng cảm xúc tại Vietnam Open",Thể thao,Thể thao,Thể thao,True,1.1768627790512864,>=0.50
204285,Cái kết đau lòng khi chồng gây án giết vợ lúc nạn nhân bế cháu trên tay,Pháp luật,Pháp luật,Pháp luật,True,0.48173567474659373,0.30–0.50
21378,"Đề xuất làm đường sắt tốc độ cao Bắc - Nam, tiềm lực của THACO thế nào?",Kinh doanh,Kinh doanh,Kinh doanh,True,1.646008567897904,>=0.50
205031,Mở lại phiên xét xử sơ thẩm đối với Nhâm Hoàng Khang,Pháp luật,Pháp luật,Pháp luật,True,0.7237678453950465,>=0.50
23195,"Phát hiện vụ thao túng cổ phiếu Create Capital Việt Nam, dùng hàng chục tài khoản tạo cung cầu giả",Kinh doanh,Kinh doanh,Kinh doanh,True,1.340708022186604,>=0.50
206092,"Người đàn ông 60 tuổi bị điện giật ngưng tim, ngưng thở khi đang sửa mái nhà",Sức khỏe,Sức khỏe,Sức khỏe,True,0.9805403776072307,>=0.50
164186,Hà Nội xưa lạ lẫm qua ống kính người Pháp,Giải trí,Giải trí,Xã hội,False,0.08671444431267283,<0.10
261931,"3 cách làm chả giò chay giòn rụm, đơn giản tại nhà",Đời sống,Đời sống,Đời sống,True,0.41370171479183615,0.30–0.50
27277,"Nhái vỏ bia Sài Gòn, bị phạt 3,7 tỉ đồng",Pháp luật,Pháp luật,Kinh doanh,False,0.4253735837226215,0.30–0.50
225984,Chelsea hạ gục Barca 3-0: Điệu samba của Estevao,Thể thao,Thể thao,Thể thao,True,1.5333411501317842,>=0.50
184601,Ứng dụng công nghệ phát triển nông nghiệp sinh thái ở Khánh Hòa,Khoa học công nghệ,Khoa học,Kinh doanh,False,0.9311584336923192,>=0.50
27293,Vì sao phải bắt tạm giam nguyên hiệu trưởng và nguyên kế toán tham ô chỉ 25 triệu đồng?,Pháp luật,Pháp luật,Pháp luật,True,0.43921882000974377,0.30–0.50
131287,Taekwondo Việt Nam dự SEA Games 33: Tuyển chọn từ 2 giải đấu lớn tại TP.HCM,Thể thao,Thể thao,Thể thao,True,0.8522726931306105,>=0.50
60966,Taiwan Excellence đem đến giải pháp công nghệ đột phá giúp cuộc sống thời thượng hơn,Khoa học công nghệ,Khoa học,Khoa học,True,0.04851773088378619,<0.10
97422,Xếp hàng trải nghiệm 'lều chõng đi thi' thời xưa ở TP.HCM,Giáo dục,Giáo dục,Giáo dục,True,0.9681660006300005,>=0.50
224871,SEA Games 32 và điều bất ngờ chưa từng có từ HLV Philippe Troussier,Thể thao,Thể thao,Thể thao,True,1.160551388058566,>=0.50
12339,"Anh trai say hi về nguồn ở Hà Nội, khán giả hỏi Negav có tham gia?",Giải trí,Giải trí,Giải trí,True,0.8745596753145922,>=0.50
255901,Chú rể phẫn uất gieo mình xuống sông vì cô dâu đòi thêm tiền sính lễ,Đời sống,Đời sống,Đời sống,True,0.6122683719320527,>=0.50
35255,Tổng thống - nghề nguy hiểm ở Hàn Quốc - Kỳ 6: Roh Tae Woo - gạch nối sang nền dân chủ Hàn Quốc,Thế giới,Thế giới,Thế giới,True,0.7983320032839886,>=0.50
217307,Video UAV Nga phá hủy lựu pháo Mỹ ở đông bắc Ukraine,Thế giới,Thế giới,Thời sự,False,0.008329788024536544,<0.10
25836,Nhờ đâu Quảng Bình thu được 82 tỉ đồng từ bán tín chỉ carbon?,Kinh doanh,Kinh doanh,Kinh doanh,True,0.7221029376658914,>=0.50
260746,"Máy bay vừa cất cánh, hành khách nghe thấy hàng loạt tiếng nổ lớn",Đời sống,Đời sống,Khoa học,False,0.4530634930460391,0.30–0.50
204845,"Người viết Facebook về mùi thối bãi rác Đa Phước phải bồi thường hơn 7,5 triệu",Pháp luật,Pháp luật,Pháp luật,True,0.28263655951034283,0.20–0.30
108699,"Từ chiều nay, TP.HCM và Nam bộ có mưa, có nơi mưa to",Kinh doanh,Kinh doanh,Xã hội,False,0.0327171804906039,<0.10
216042,Nơi được mệnh danh là ‘nhà của người ngoài hành tinh’ ở Nhật Bản,Thế giới,Thế giới,Khoa học,False,0.19446349205294983,0.10–0.20
166000,Diễn viên Tinh Tinh mất tích bí ẩn ở Thái Lan: Bạn gái cầu cứu,Giải trí,Giải trí,Giải trí,True,1.1023982014766427,>=0.50
256166,"Cô gái 25 tuổi say mê cụ ông U80, khẳng định người yêu rất đẹp trai",Đời sống,Đời sống,Giải trí,False,0.07215775674710556,<0.10
179573,Lịch thi tốt nghiệp THPT dự kiến năm 2024,Giáo dục,Giáo dục,Giáo dục,True,1.7355196076967223,>=0.50
201719,"Giá xăng dầu hôm nay 29/3/2024 tăng cao, lên mức 87 USD/thùng",Kinh doanh,Kinh doanh,Kinh doanh,True,1.5439300290079427,>=0.50
68248,Chubb Life Việt Nam ủng hộ gia đình và trẻ em bị ảnh hưởng lũ lụt,Đời sống,Đời sống,Kinh doanh,False,0.27410887633130787,0.20–0.30
132707,Khánh Hòa ngập lụt lịch sử: Bộ đội đặc công bơi trong nước cứu dân khẩn cấp,Thời sự,Thời sự,Thời sự,True,0.0510623635727957,<0.10
224288,Tuyển nữ Việt Nam đấu Bồ Đào Nha - Bảng E World Cup 2023,Thể thao,Thể thao,Thể thao,True,0.9894357280325721,>=0.50
264621,"Phát hiện bí mật của chồng cũ, người phụ nữ lặng người, xin nối lại tình xưa",Đời sống,Đời sống,Đời sống,True,0.18626729940399145,0.10–0.20
217736,Ukraine phóng UAV nặng 7 tấn tập kích các mục tiêu sâu trong lãnh thổ Nga,Thế giới,Thế giới,Khoa học,False,0.3454920775927307,0.30–0.50
19897,Sacombank vào nhóm hơn 30 doanh nghiệp đạt VNCG50,Kinh doanh,Kinh doanh,Kinh doanh,True,1.9366598570918026,>=0.50
203806,"Xưng công an cầm súng vào tiệm game bắn cá cướp, khống chế người",Pháp luật,Pháp luật,Pháp luật,True,0.6945145536113575,>=0.50
16806,"Google ra mắt điện thoại Pixel 10, tập trung AI hơn là nâng cấp phần cứng",Khoa học công nghệ,Khoa học,Khoa học,True,0.09322304463016973,<0.10
204708,Phạt tù nữ cựu phó chánh án nhận hối lộ,Pháp luật,Pháp luật,Pháp luật,True,0.7510333570572622,>=0.50
119060,Cặp bài trùng quyền lực mới,Thế giới,Thế giới,Thế giới,True,0.3344392187890409,0.30–0.50
204635,"Gã đàn ông ‘nổ’ có suất điều trị HIV thử nghiệm để chiếm đoạt 3,6 tỷ đồng",Pháp luật,Pháp luật,Pháp luật,True,0.7156701633717248,>=0.50
231746,Mikel Arteta tiết lộ gây sốc về 'người hùng' Martinelli,Thể thao,Thể thao,Thể thao,True,1.1929521338024895,>=0.50
141329,Hơn 30.000 doanh nghiệp tại TP.HCM đang nợ BHXH,Thời sự,Thời sự,Kinh doanh,False,0.09186896257935473,<0.10
148182,Limousine điện Lexus LF-ZL - khi người Nhật không còn 'kỳ thị' ô tô điện,Xe,Xe,Xe,True,0.6384630555685391,>=0.50
203483,Bắt giữ 2 đối tượng cướp 16 cây vàng của bà chủ nhà nghỉ ở Hà Nội,Pháp luật,Pháp luật,Pháp luật,True,0.6340990441851152,>=0.50
227254,MU đụng Arsenal ngay vòng mở màn Ngoại hạng Anh 2025/26,Thể thao,Thể thao,Thể thao,True,0.6292606615066285,>=0.50
26990,Tạm nghỉ tư vấn pháp lý trong dịp Tết Nguyên đán 2023,Pháp luật,Pháp luật,Pháp luật,True,0.8177302170421727,>=0.50
93769,Wean 'Anh trai sau hi' tung MV dán nhãn 18+,Giải trí,Giải trí,Giải trí,True,0.9513137418440155,>=0.50
211999,5 không khi ăn cơm nguội,Sức khỏe,Sức khỏe,Sức khỏe,True,0.2201541901008217,0.20–0.30
20397,"TP.HCM mời gọi doanh nghiệp chung sức làm kinh tế mạnh, dựng an sinh vững",Kinh doanh,Kinh doanh,Kinh doanh,True,0.9263084761252719,>=0.50
50743,Vì sao hàng loạt công ty xe điện du lịch ở Đà Nẵng buộc tạm dừng chở khách?,Xe,Xe,Xe,True,0.18393741644630301,0.10–0.20
258559,"Phát hiện chồng ‘ăn vụng’ với osin để lại hậu quả, vợ làm điều không tưởng",Đời sống,Đời sống,Đời sống,True,0.03248789451247103,<0.10
182242,Đằng sau cú bắt tay của Xiaomi và Thế Giới Di Động,Khoa học công nghệ,Khoa học,Kinh doanh,False,0.496439121328738,0.30–0.50
48971,"Doanh thu cao kỷ lục, lợi nhuận của Toyota vẫn giảm",Xe,Xe,Kinh doanh,False,0.7254582670700869,>=0.50
206976,"Từ cậu bé sống trên thuyền trở thành bác sĩ, giáo sư y Harvard rồi ra đi lặng lẽ",Sức khỏe,Sức khỏe,Sức khỏe,True,0.5109458699557997,>=0.50
32830,'Phản công mùa xuân' của Ukraine có thể quyết định vận mệnh cuộc chiến,Thế giới,Thế giới,Thế giới,True,0.3786669441564429,0.30–0.50
183182,Hồ sơ sức khỏe điện tử - sự chuyển đổi số trong y tế,Khoa học công nghệ,Khoa học,Sức khỏe,False,0.20943088286862932,0.20–0.30
176539,"Những món quà thiết thực, tinh tế gửi tặng cô giáo nhân ngày 20/10",Giáo dục,Giáo dục,Đời sống,False,0.15669990048048077,0.10–0.20
84355,Nhã Phương: Tôi rất lì và chịu được cực khổ,Giải trí,Giải trí,Giải trí,True,0.9105700578605133,>=0.50
63620,Google mang Magic Eraser lên nhiều máy Android và iPhone,Khoa học công nghệ,Khoa học,Khoa học,True,1.371495057709985,>=0.50
256438,"Nhờ nụ hôn vụng về, chàng trai thư sinh cưới được nữ trưởng phòng xinh đẹp",Đời sống,Đời sống,Giải trí,False,0.10299512466381155,0.10–0.20
157022,Dịu dàng màu nắng tập 3: Em gái Xuân Bắc nghi ngờ chị dâu ngoại tình,Giải trí,Giải trí,Giải trí,True,0.061182380824851335,<0.10
49406,Chủ xe điện Porsche Taycan sốc khi biết chi phí thay pin cả tỉ,Xe,Xe,Xe,True,0.6285867962778509,>=0.50
205316,Số ca sốt xuất huyết tăng gấp đôi: Bác sĩ cảnh báo khẩn về truyền dịch,Sức khỏe,Sức khỏe,Sức khỏe,True,1.8972044581634244,>=0.50
224174,Tuyển nữ Việt Nam: Huỳnh Như khó dự Asiad 19,Thể thao,Thể thao,Thể thao,True,0.7066321497251105,>=0.50
43748,Khi quý cô nhậu bê xê lết,Thời sự,Thời sự,Sức khỏe,False,0.12677660805631796,0.10–0.20
216735,Australia công bố hình ảnh về lô xe tăng M1 Abrams viện trợ cho Ukraine,Thế giới,Thế giới,Xe,False,0.06500334743392017,<0.10
214406,Tuổi thơ khốn khó của người phụ nữ khiến Donald Trump bị truy tố,Thế giới,Thế giới,Giải trí,False,0.731123265749802,>=0.50
146608,SUV 7 chỗ 'xịn' nhất của Hyundai tại Việt Nam giảm giá mạnh,Xe,Xe,Kinh doanh,False,0.3676079042570949,0.30–0.50
44449,Trong mỗi người đều có một Điện Biên...,Thời sự,Thời sự,Thời sự,True,0.0629031849770646,<0.10
262881,"Giảm 33kg, cô gái Sài thành 'lột xác' hoàn toàn, tự tin hẳn",Đời sống,Đời sống,Sức khỏe,False,0.3226595866986497,0.30–0.50
205784,Cấp cứu 2 người sốc phản vệ nghiêm trọng do ăn thảo dược truyền miệng,Sức khỏe,Sức khỏe,Sức khỏe,True,1.7301782550147669,>=0.50
36540,U22 Philippines lập cột mốc lịch sử ở SEA Games,Thể thao,Thể thao,Thể thao,True,1.5493407343263728,>=0.50
6117,"10 đại học Mỹ ra trường lương cao, không có Harvard và Yale",Giáo dục,Giáo dục,Giáo dục,True,1.3639186825919407,>=0.50
134917,Báo Người Lao Động trao giải cuộc thi viết Tết thời số,Thời sự,Thời sự,Đời sống,False,0.27395245659942397,0.20–0.30
264352,Mẹo giúp bạn tươi mát ngày hè,Đời sống,Đời sống,Sức khỏe,False,0.2837141979224909,0.20–0.30
96921,TP.HCM quy định tiền ăn bán trú: Trường học 'cân đong đo đếm',Giáo dục,Giáo dục,Giáo dục,True,0.4236720666771905,0.30–0.50
209339,Một học sinh tại TP.HCM suýt đột tử khi đang tập văn nghệ,Sức khỏe,Sức khỏe,Sức khỏe,True,1.373094558426625,>=0.50
69502,Cô gái cơ bắp cuồn cuộn truyền cảm hứng tập luyện thể hình,Đời sống,Đời sống,Giải trí,False,0.208302898784254,0.20–0.30
32055,Việt Nam trong tầm nhìn chiến lược của EU,Thế giới,Thế giới,Kinh doanh,False,0.6009120238592898,>=0.50
250962,Xe sang Chrysler 300 'quậy tung' trên phố khiến người đi đường hoảng sợ,Xe,Xe,Xe,True,0.08917036026196579,<0.10
97938,Vĩnh Long chuẩn bị cho sinh viên tham gia kỳ thi Kỹ năng nghề thế giới 2024,Giáo dục,Giáo dục,Giáo dục,True,0.9210171084562168,>=0.50
120463,Ba Lan sẽ là nước đầu tiên trong NATO gửi chiến đấu cơ cho Ukraine,Thế giới,Thế giới,Thế giới,True,0.5645337209467362,>=0.50
248808,Xanh SM giành ‘cú đúp’ Giải thưởng Doanh nghiệp châu Á - APEA 2024,Xe,Xe,Kinh doanh,False,1.141856201909064,>=0.50
204552,"Giăng điện bẫy trộm, người đàn ông thành kẻ giết người",Pháp luật,Pháp luật,Pháp luật,True,0.894223124123694,>=0.50
197427,"Thứ trưởng Phùng Đức Tiến: Chăn nuôi thua lỗ, ‘ăn’ hết cả sổ đỏ, cả xe",Kinh doanh,Kinh doanh,Kinh doanh,True,0.9642092332528012,>=0.50
88935,Việt Hương tái ngộ khán giả với kịch dài sau 15 năm,Giải trí,Giải trí,Giải trí,True,1.9103303624076158,>=0.50
265610,Chồng ngoại tình khiến vợ đau đớn khi biết danh tính của tiểu tam,Đời sống,Đời sống,Giải trí,False,0.1698488635913239,0.10–0.20
27634,"Vì sao bị đau bàn chân, xử lý ra sao?",Sức khỏe,Sức khỏe,Sức khỏe,True,1.3313768341208467,>=0.50
45842,Toàn cảnh hàng ngàn ngôi nhà bị nhấn chìm trong cơn lũ lịch sử ở Lạng Sơn,Thời sự,Thời sự,Đời sống,False,0.05598649639430742,<0.10
216565,"Ukraine tung bằng chứng phá hủy vận tải cơ An-26, radar giá trị cao của Nga",Thế giới,Thế giới,Khoa học,False,0.11220107749998076,0.10–0.20
203898,Trang Nemo kháng cáo xin được hưởng án treo,Pháp luật,Pháp luật,Pháp luật,True,0.22921901322958937,0.20–0.30
176318,Tư duy giúp hồ sơ du học của nữ sinh được 12 đại học Mỹ chấp nhận,Giáo dục,Giáo dục,Giáo dục,True,1.7161874481718595,>=0.50
238071,"Hướng dẫn mới về chế độ ốm đau, hưu trí trong BHXH bắt buộc",Thời sự,Thời sự,Công đoàn,False,0.6429961374162352,>=0.50
65368,CMC giải bài toán tối ưu hóa hoạt động doanh nghiệp tại Vietnam - Asia DX Summit,Khoa học công nghệ,Khoa học,Kinh doanh,False,0.502216188218576,>=0.50
164349,"NSND Trịnh Kim Chi, diễn viên Hiền Mai làm người mẫu",Giải trí,Giải trí,Giải trí,True,0.4957365770940968,0.30–0.50
241677,2 người đi xe máy tử vong sau va chạm với ô tô tải chở đá dăm,Thời sự,Thời sự,Thời sự,True,0.49805691490796766,0.30–0.50
137436,TP.HCM: Quận 1 công bố địa chỉ trụ sở 4 phường mới từ 1.7,Thời sự,Thời sự,Thời sự,True,0.18046081051307744,0.10–0.20
182769,POS365 đồng hành cùng hộ kinh doanh xóa bỏ nỗi lo sai sót hóa đơn,Khoa học công nghệ,Khoa học,Kinh doanh,False,1.0083096355872292,>=0.50
262255,LG Campus Ambassador 2025 - gắn kết thế hệ trẻ qua chuỗi hoạt động đầy cảm hứng,Đời sống,Đời sống,Giáo dục,False,0.4621971366604435,0.30–0.50
13648,Lụa Việt Nam 'hát' trên những đồi chè Bảo Lộc,Giải trí,Giải trí,Giải trí,True,0.3318368738385278,0.30–0.50
140929,Việc làm tại sân bay Long Thành: Gần 1.300 người gửi thông tin ứng tuyển,Thời sự,Thời sự,Kinh doanh,False,0.3923329057871826,0.30–0.50
226995,Lamine Yamal: Niềm vui và mối lo cám dỗ nguy hiểm,Thể thao,Thể thao,Đời sống,False,0.10999803233239747,0.10–0.20
60199,Sức mạnh chip iPhone 16 Pro vượt qua cả MacBook,Khoa học công nghệ,Khoa học,Khoa học,True,0.5984306144923373,>=0.50
196247,"Dồn lực '3 ca, 4 kíp', quyết hoàn thành đường dây 500kV trước 2/9",Kinh doanh,Kinh doanh,Kinh doanh,True,0.35465902745130595,0.30–0.50
137747,Nha Trang mênh mông biển nước vì lũ chồng lũ,Thời sự,Thời sự,Giáo dục,False,0.17753103291789607,0.10–0.20
54794,Những thiết lập nhà thông minh cần thiết khi đi vắng ngày tết,Khoa học công nghệ,Khoa học,Khoa học,True,0.9102647830589671,>=0.50
261523,Chuyện phiến đá thiêng giúp dân tìm lại vật nuôi đã mất ở Hà Tĩnh,Đời sống,Đời sống,Đời sống,True,0.01668737523264363,<0.10
114459,Vì sao khoa học là nền tảng của trẻ hóa hiện đại?,Sức khỏe,Sức khỏe,Sức khỏe,True,1.115697389704053,>=0.50
226782,MU đấu Arsenal: Benjamin Sesko quyết trừng phạt Pháo thủ,Thể thao,Thể thao,Thể thao,True,0.827671039450809,>=0.50
265218,"Án phạt chua xót cho người chồng phản bội vợ, cưới cô bồ trẻ",Đời sống,Đời sống,Đời sống,True,0.2752362334779065,0.20–0.30
105887,Ninh Bình kiến nghị triển khai nhiều dự án 'khủng',Kinh doanh,Kinh doanh,Kinh doanh,True,0.394519339679151,0.30–0.50
252403,Tesla ế ẩm bất ngờ tại Hàn Quốc,Xe,Xe,Xe,True,0.2562558995136317,0.20–0.30
140336,Văn hóa công sở: Khổ sở vì làm chung với đồng nghiệp không hợp tính,Thời sự,Thời sự,Đời sống,False,0.09665983492424779,<0.10
84236,"Lấy nước mắt giám khảo, diễn viên Hiền Trang trở thành quán quân 'Tình bolero'",Giải trí,Giải trí,Giải trí,True,1.53250350271215,>=0.50
183150,Khởi tạo nền tảng sách số và lan tỏa văn hóa đọc tại Thái Nguyên,Khoa học công nghệ,Khoa học,Giáo dục,False,0.6201096858491418,>=0.50
176887,Không thể so sánh bác sĩ mở phòng khám và giáo viên dạy thêm,Giáo dục,Giáo dục,Giáo dục,True,1.7658829682281003,>=0.50
29864,"Ám ảnh với đổ mồ hôi nách và nhiều vị trí cơ thể, phẫu thuật liệu có an toàn?",Sức khỏe,Sức khỏe,Sức khỏe,True,1.147097022893224,>=0.50
198754,"Doanh thu hàng miễn thuế giảm, DN gắn với ‘vua hàng hiệu’ Hạnh Nguyễn chững lại",Kinh doanh,Kinh doanh,Kinh doanh,True,1.7762491836987744,>=0.50
209365,Năm người trong gia đình nhập viện vì bình ga mini phát nổ,Sức khỏe,Sức khỏe,Sức khỏe,True,1.4483332287302328,>=0.50
31255,"Bị đái tháo đường, ăn khoai nướng được không?",Sức khỏe,Sức khỏe,Sức khỏe,True,0.759263916633523,>=0.50
73817,Cô tạp vụ hạnh phúc vì được đồng nghiệp bất ngờ tổ chức sinh nhật,Đời sống,Đời sống,Đời sống,True,0.319010770045579,0.30–0.50
86927,Showbiz 16.7: Vai diễn mới của Hoài Linh; Chuyến đi đặc biệt của Hồ Đức Vĩnh,Giải trí,Giải trí,Giải trí,True,1.5101948150325923,>=0.50
52300,"Mazda CX-80 chuẩn bị ra mắt trong tháng 4, trực tiếp thế chỗ CX-8",Xe,Xe,Xe,True,0.12086489021768565,0.10–0.20
213770,Loại tên lửa của Nga khiến ông Trump thay đổi quan điểm quân sự,Thế giới,Thế giới,Thế giới,True,0.4272330335550299,0.30–0.50
141248,"Sau 5 - 10 năm đi làm, có nên nghỉ việc để lấy lại tinh thần?",Thời sự,Thời sự,Giáo dục,False,0.2921522695160455,0.20–0.30
61025,Lazada đẩy mạnh hoạt động phát triển kinh doanh bền vững,Khoa học công nghệ,Khoa học,Kinh doanh,False,1.1028764877803465,>=0.50
47024,Dự kiến có diễu binh lực lượng vũ trang trên biển dịp 2-9,Thời sự,Thời sự,Thời sự,True,0.3552509506503973,0.30–0.50
203417,Lời khai tiết lộ muôn cách tiêu tiền 'khó đỡ' của kẻ cướp ngân hàng,Pháp luật,Pháp luật,Pháp luật,True,0.0873378655421489,<0.10
26515,Photo sách giáo trình để học có vi phạm bản quyền không?,Pháp luật,Pháp luật,Pháp luật,True,0.14360804037380837,0.10–0.20
261563,Thịt bò làm món gì ngon? 8 cách làm các món ăn từ thịt bò hấp dẫn,Đời sống,Đời sống,Đời sống,True,0.054319343414783505,<0.10
107967,Hộ kinh doanh lại bối rối với hóa đơn,Kinh doanh,Kinh doanh,Kinh doanh,True,1.6563858556464806,>=0.50
121631,Nhật quyết mua 400 tên lửa hành trình Tomahawk từ Mỹ,Thế giới,Thế giới,Thế giới,True,0.6051280462816332,>=0.50
30800,Nghe như có tiếng đàn ong vo ve trong tai: Coi chừng bệnh nguy hiểm,Sức khỏe,Sức khỏe,Sức khỏe,True,1.1619969656294282,>=0.50
2344,Dự kiến thi tốt nghiệp THPT 2026 vào ngày 11 và 12-6,Giáo dục,Giáo dục,Giáo dục,True,1.41764734780388,>=0.50
198617,Giá xăng quay đầu đi xuống,Kinh doanh,Kinh doanh,Kinh doanh,True,1.4214985546604095,>=0.50
203408,Chủ chung cư mini bị cháy ở Khương Hạ nộp sổ tiết kiệm để khắc phục hậu quả,Pháp luật,Pháp luật,Thời sự,False,0.29588526477968213,0.20–0.30
187771,"iPhone gập giá rẻ hơn dự kiến, đối đầu Galaxy Z Fold 7?",Khoa học công nghệ,Khoa học,Khoa học,True,0.25298986944779045,0.20–0.30
252173,Giương “cờ trắng” trước ô tô nhập khẩu?,Xe,Xe,Kinh doanh,False,0.8764779993270898,>=0.50
244359,"Đèo con nhỏ phóng như bay qua ngã tư, hai mẹ con bị ô tô hất văng",Thời sự,Thời sự,Pháp luật,False,0.19997660603652523,0.10–0.20
261713,Cách làm mứt cà rốt ngon dịp tết Nguyên đán,Đời sống,Đời sống,Thời sự,False,0.1602785084731958,0.10–0.20
247559,"Loat ô tô mới dự kiến ra mắt khách Việt trong tháng 5, xe gầm cao 'chiếm sóng'",Xe,Xe,Xe,True,0.43537668704289045,0.30–0.50
230998,"Kết quả bóng đá UAE 3-1 Hong Kong, vòng bảng Asian Cup 2023",Thể thao,Thể thao,Thể thao,True,1.5037957721575657,>=0.50
33367,Mỹ dự định in hình ông Trump lên đồng xu kỷ niệm 250 năm ngày lập quốc,Thế giới,Thế giới,Khoa học,False,0.05558845034539073,<0.10
137926,Tiền tỉ 'đổ sông' mỗi năm vì... đập ngăn mặn,Thời sự,Thời sự,Khoa học,False,0.24005019027567687,0.20–0.30
26449,"Chưa có chứng minh nhân dân, đi nước ngoài nhiều năm, nay về làm căn cước được không?",Pháp luật,Pháp luật,Pháp luật,True,0.20212888006914276,0.20–0.30
255502,Bạn có thể tự bắt bệnh động cơ ô tô nếu gặp 6 dấu hiệu sau,Xe,Xe,Xe,True,0.04866977706299269,<0.10
69188,11 phường ở TP.HCM cúp nước từ tối nay 21.8 đến cuối tuần,Đời sống,Đời sống,Thời sự,False,0.21158287503164352,0.20–0.30
27494,38 năm vẫn còn oan ức,Pháp luật,Pháp luật,Pháp luật,True,0.6431618133671605,>=0.50
51493,Hyundai Palisade đời mới sẽ đắt hơn trên mọi phiên bản,Xe,Xe,Kinh doanh,False,0.039547096006140536,<0.10
69816,"Người Hà Nội 'đội rét', mang đào quất đi tảo mộ, mời gia tiên về ăn tết",Đời sống,Đời sống,Đời sống,True,0.20662554604390937,0.20–0.30
131837,"Dùng thẻ ra vào trụ sở công an để làm clip 'câu like', bị phạt 7,5 triệu",Thời sự,Thời sự,Pháp luật,False,0.7806796297434675,>=0.50
107353,Thực hư vé máy bay hè rẻ nhất trong 6 năm?,Kinh doanh,Kinh doanh,Kinh doanh,True,0.47962365966209464,0.30–0.50
35507,Ukraine cấp tốc tự sản xuất vũ khí vì thế giới thiếu đạn,Thế giới,Thế giới,Thế giới,True,0.08759103618929132,<0.10
252753,4 kiểu chống nắng nóng ngày hè cho ô tô,Xe,Xe,Xe,True,0.31657669491975904,0.30–0.50
207334,Ước mơ của những em bé đón Tết thiếu nhi trong bệnh viện,Sức khỏe,Sức khỏe,Sức khỏe,True,0.7020755357487186,>=0.50
216509,Giải mã phi đội ‘máy bay ném bom’ của Ukraine xâm nhập bầu trời Nga,Thế giới,Thế giới,Khoa học,False,0.5409143616994527,>=0.50
199995,Người Mỹ không được ăn một loại ớt đặc biệt vì ông Trump,Kinh doanh,Kinh doanh,Kinh doanh,True,0.39096667528648754,0.30–0.50
40208,Tin tức thể thao sáng 19-5: Kịch bản khó tin tại Serie A; Huyền thoại Gary Lineker chia tay Đài BBC,Thể thao,Thể thao,Thể thao,True,1.7606685036937768,>=0.50
26179,"Định cư nước ngoài, muốn làm thẻ căn cước có phải về nước không?",Pháp luật,Pháp luật,Pháp luật,True,0.3548640508801123,0.30–0.50
60924,Thiết kế iPhone đáng quên nhất trong lịch sử Apple,Khoa học công nghệ,Khoa học,Khoa học,True,0.07750070079647964,<0.10
208727,"‘Tiểu tam’ mang thai, vợ kỹ sư làm xét nghiệm ADN vạch mặt kẻ đào mỏ",Sức khỏe,Sức khỏe,Giải trí,False,0.31678040389902473,0.30–0.50
37129,Cầu thủ Thái Lan có thể phải làm việc 'bán thời gian' để giành huy chương vàng SEA Games,Thể thao,Thể thao,Thể thao,True,1.3421309765413647,>=0.50
95826,"GenZ điều chỉnh nguyện vọng, chủ động chọn ngành mình thích",Giáo dục,Giáo dục,Giáo dục,True,1.1701759190671357,>=0.50
262742,"Nữ giám đốc ở Hải Phòng nghỉ việc đi bán hoa tươi, tiết lộ thu nhập sau 7 năm",Đời sống,Đời sống,Kinh doanh,False,0.6570854940671983,>=0.50
98423,"Gần 2 triệu người Việt khiếm thị, suy giảm thị lực, chưa đến 1% sách chữ nổi",Giáo dục,Giáo dục,Giáo dục,True,0.4009237514306867,0.30–0.50
133528,TP.HCM bổ nhiệm lãnh đạo 54 đơn vị sự nghiệp sau sáp nhập,Thời sự,Thời sự,Kinh doanh,False,0.4877556053126234,0.30–0.50
132819,Quảng Trị mới 'phải trở thành hình mẫu về tổ chức bộ máy',Thời sự,Thời sự,Thời sự,True,0.02229505393662723,<0.10
203980,"Lừa đảo hơn 15 tỷ đồng, Giám đốc Công ty Chấn Nam bị bắt",Pháp luật,Pháp luật,Pháp luật,True,0.5100496256932349,>=0.50
26134,Mẹ ruột xin giấy xác nhận độc thân cho con đang ở nước ngoài được không?,Pháp luật,Pháp luật,Pháp luật,True,0.6583433647775252,>=0.50
143900,Nissan Kicks giảm giá gần 100 triệu đồng: Cơ hội cho khách 'mê' xe điện tự sạc,Xe,Xe,Xe,True,0.1907061772004065,0.10–0.20
26393,"Cho bạn mượn tiền, đòi nhiều lần không trả, dân sự hay hình sự?",Pháp luật,Pháp luật,Pháp luật,True,1.1670264780598334,>=0.50
33204,Sáu người Việt bị bắt vì vượt biên vào Mỹ,Thế giới,Thế giới,Thời sự,False,0.018729676062897438,<0.10
59204,Nhiều giải pháp công nghệ mới trình diễn tại Viettel IoT Day 2023,Khoa học công nghệ,Khoa học,Kinh doanh,False,0.3518782254585825,0.30–0.50
259757,Một đại dịch khác với phụ nữ,Đời sống,Đời sống,Giải trí,False,0.29211622088056155,0.20–0.30
44246,Đừng làm thị trường nhà đất xấu xí thêm,Thời sự,Thời sự,Kinh doanh,False,0.8515200291192405,>=0.50
185453,CMC Cloud đồng hành DotB bứt phá công nghệ giáo dục,Khoa học công nghệ,Khoa học,Kinh doanh,False,0.15806790488535216,0.10–0.20
53496,Lexar ra mắt dòng SSD di động và bộ nhớ RAM mới,Khoa học công nghệ,Khoa học,Khoa học,True,1.1377417122379423,>=0.50
69552,Cọc vé trúng 28 tỉ xổ số miền Nam ngày 22 tháng 10 lộ diện tại TP.HCM,Đời sống,Đời sống,Đời sống,True,1.7459957513405702,>=0.50
256490,"Mở video đặc biệt giữa đám cưới, chú rể Bình Định khiến cô dâu nghẹn ngào",Đời sống,Đời sống,Đời sống,True,0.10711883183397608,0.10–0.20
132825,Thủ tướng Phạm Minh Chính: Cao tốc ở ĐBSCL hoàn thành sớm hơn mục tiêu,Thời sự,Thời sự,Kinh doanh,False,0.24954039223315,0.20–0.30
26597,"Ly hôn 14 năm, muốn đổi họ cho con được không?",Pháp luật,Pháp luật,Pháp luật,True,0.6419935176804857,>=0.50
223285,Lịch thi đấu bóng đá hôm nay 5/1/2024,Thể thao,Thể thao,Thể thao,True,1.5581599340538497,>=0.50
33671,Chuỗi cà phê lớn nhất Trung Quốc ‘tuyên chiến’ với Starbucks tại Mỹ,Thế giới,Thế giới,Kinh doanh,False,1.1538262958068628,>=0.50
69461,Chàng trai 105 kg 'lột xác' ngoạn mục: Điều bất ngờ sau 6 tháng,Đời sống,Đời sống,Sức khỏe,False,0.3392282478153773,0.30–0.50
239339,"CSGT đang làm nhiệm vụ điều tiết giao thông không được dừng xe, xử lý vi phạm",Thời sự,Thời sự,Pháp luật,False,0.0497354076848312,<0.10
131906,An Giang: Người đàn ông 'xin tha' đo nồng độ cồn không phải cán bộ tòa án,Thời sự,Thời sự,Pháp luật,False,0.19623129000198813,0.10–0.20
116123,"Top 6 sản phẩm treatment giúp da sạch mụn, sáng hồng, chống lão hóa hiệu quả",Sức khỏe,Sức khỏe,Sức khỏe,True,1.1528600482860472,>=0.50
27216,"Ngư dân suýt chết trên biển, chịu thiệt trên bờ",Pháp luật,Pháp luật,Pháp luật,True,0.0245065264063396,<0.10
197138,Hà Nội đặt mục tiêu thu nhập bình quân 45.000-46.000 USD/người,Kinh doanh,Kinh doanh,Kinh doanh,True,0.5224868401143467,>=0.50
53653,Mua smartphone nào để được hỗ trợ phần mềm lâu dài nhất?,Khoa học công nghệ,Khoa học,Khoa học,True,0.21435409019966162,0.20–0.30
19030,"Mùng 4 Tết: thêm siêu thị mở cửa, rau xanh, thực phẩm tươi sống dồi dào",Kinh doanh,Kinh doanh,Kinh doanh,True,1.0036185954036287,>=0.50
128842,"Vô địch AVC Challenge Cup, bóng chuyền nữ Việt Nam thăng hạng, qua mặt Hàn Quốc",Thể thao,Thể thao,Thể thao,True,0.8409243629343752,>=0.50
26739,Làm thế nào để tách bằng lái xe tích hợp?,Pháp luật,Pháp luật,Pháp luật,True,0.20971019005358604,0.20–0.30
11667,"Lee Kwang Soo tha hóa, vào vai phản diện tàn độc nhất sự nghiệp",Giải trí,Giải trí,Giải trí,True,1.1039373117086932,>=0.50
30968,Ăn 100g vải mỗi ngày có giúp giảm mỡ bụng không?,Sức khỏe,Sức khỏe,Sức khỏe,True,1.4760175095708872,>=0.50
112213,Giá USD hôm nay 24.11.2023: Ngân hàng tiếp tục tăng giá USD,Kinh doanh,Kinh doanh,Kinh doanh,True,1.76568082648095,>=0.50
212636,"Ăn rau lá xanh hằng ngày giúp giảm cân, sống thọ 100 tuổi",Sức khỏe,Sức khỏe,Sức khỏe,True,1.2854071067508737,>=0.50
189471,Vietlott tìm thấy khách hàng trúng độc đắc gần 7 tỷ,Kinh doanh,Kinh doanh,Đời sống,False,0.9618331337442884,>=0.50
235939,Hơn 4000 VĐV dự giải Long An Half Marathon 2024,Thể thao,Thể thao,Khoa học,False,0.09870787592477182,<0.10
52311,"Sau khi từ chức, các cựu lãnh đạo Daihatsu trả lại tiền thưởng cho Toyota",Xe,Xe,Kinh doanh,False,0.8993176492511546,>=0.50
186396,Thủ tướng Phạm Minh Chính yêu cầu bảo đảm ATTT mạng mức cao nhất,Khoa học công nghệ,Khoa học,Kinh doanh,False,0.2621906604631713,0.20–0.30
26101,"Đóng BHXH 15 năm, giờ nghỉ việc có được lãnh BHXH một lần không?",Pháp luật,Pháp luật,Pháp luật,True,0.5947525750512506,>=0.50
140690,Cảnh giác với những kênh đầu tư ảo,Thời sự,Thời sự,Pháp luật,False,0.3968127993646783,0.30–0.50
58842,Microsoft nâng cấp Copilot miễn phí ngang ngửa ChatGPT Pro,Khoa học công nghệ,Khoa học,Khoa học,True,0.8477207566658614,>=0.50
59147,Apple gỡ hơn 8.400 ứng dụng từ Việt Nam trong năm 2022,Khoa học công nghệ,Khoa học,Khoa học,True,0.5496840629486798,>=0.50
200400,Thu ngân sách từ xử lý vi phạm tăng 242% so với cùng kỳ năm trước,Kinh doanh,Kinh doanh,Kinh doanh,True,0.6009650370153954,>=0.50
249416,Mẫu xe của tương lai siêu nhẹ và hiện đại Nissan Hyper Force,Xe,Xe,Xe,True,0.28527000258889107,0.20–0.30
103926,Đề thi tốt nghiệp THPT 2025: Đổi mới nhưng chưa đồng hành với thực tiễn,Giáo dục,Giáo dục,Giáo dục,True,1.6570742491739554,>=0.50
120977,Vì sao Hamas có thể xuyên thủng Vòm Sắt uy lực của Israel?,Thế giới,Thế giới,Thế giới,True,0.38997219217164897,0.30–0.50
263446,"Mệt mỏi với thành phố, chàng trai dựng lều sống ở ẩn trên núi",Đời sống,Đời sống,Đời sống,True,0.10897236111374198,0.10–0.20
214695,"Khám nhà quan tham Trung Quốc, đếm tiền cháy cả máy",Thế giới,Thế giới,Pháp luật,False,0.3546174738010712,0.30–0.50
159063,"Hồng Diễm lột xác trẻ trung, trở lại màn ảnh sau 1 năm vắng bóng",Giải trí,Giải trí,Giải trí,True,2.100173551846067,>=0.50
262610,"Cặp đôi nhà sát vách lấy nhau, đám cưới khách ngồi nhầm tiệc, bỏ nhầm phong bì",Đời sống,Đời sống,Đời sống,True,0.40447401083005463,0.30–0.50
179782,Điểm chuẩn đại học 2023 của các trường đào tạo sư phạm trên cả nước,Giáo dục,Giáo dục,Giáo dục,True,1.5985200957853811,>=0.50
49263,"Đâm thủng, thả xuống biển, đốt cháy, xe cán qua... pin xe điện đều 'bình an vô sự'",Xe,Xe,Khoa học,False,0.6283600496086051,>=0.50
30089,"Khó biết trẻ bị chó mèo cào cắn nhẹ, phòng bệnh dại thế nào?",Sức khỏe,Sức khỏe,Sức khỏe,True,0.6593947311681554,>=0.50
122662,Singapore đưa hai tàu ngầm tiên tiến vào hoạt động,Thế giới,Thế giới,Khoa học,False,0.250094202882293,0.20–0.30
161104,"Nhà sáng lập Phở 24 ra mắt cuốn sách thứ 10, đúc kết 'độc chiêu' kinh doanh",Giải trí,Giải trí,Kinh doanh,False,1.1516462618834276,>=0.50
26866,"Công ty bất động sản chậm giao nhà với lý do dịch COVID-19, vậy đúng không?",Pháp luật,Pháp luật,Kinh doanh,False,0.3740915093161652,0.30–0.50
220993,Việt Nam vô địch ASEAN Cup 2024 HLV Kim Sang Sik biểu diễn hip hop,Thể thao,Thể thao,Thể thao,True,0.506539412234639,>=0.50
63655,Siêu sao Erling Haaland trở thành nhân vật trong game Clash of Clans,Khoa học công nghệ,Khoa học,Thể thao,False,0.5025373977714411,>=0.50
180081,Điểm chuẩn học bạ của trường ĐH Sư phạm Hà Nội 2 năm 2023,Giáo dục,Giáo dục,Giáo dục,True,1.6320082835952459,>=0.50
204890,Tổng giám đốc Tổng công ty Công nghiệp Sài Gòn và thuộc cấp hầu tòa,Pháp luật,Pháp luật,Kinh doanh,False,0.4516007813297783,0.30–0.50
16868,Apple cập nhật phiên bản mới cho iPhone 12 tại Pháp,Khoa học công nghệ,Khoa học,Khoa học,True,0.5819627102803078,>=0.50
168857,Gia đình và 1000 fan tiếc thương tiễn đưa Coco Lee,Giải trí,Giải trí,Giải trí,True,1.4660162263676106,>=0.50
48231,Dat Bike 'nâng tầm xe điện' với Quantum S-Series,Xe,Xe,Xe,True,0.22621349001277669,0.20–0.30
174229,Bộ trưởng GD-ĐT: 'ĐH Sư phạm Hà Nội cần xây trường mới',Giáo dục,Giáo dục,Giáo dục,True,2.111630219869448,>=0.50
204887,Trang Nemo bị xét xử sơ thẩm lần 2,Pháp luật,Pháp luật,Pháp luật,True,0.21409426323923902,0.20–0.30
171708,Tăng Ngân Hà tiết lộ bí mật hạnh phúc của mình qua ca khúc dịp Valentine,Giải trí,Giải trí,Giải trí,True,1.393329305756104,>=0.50
89581,Lê Minh Ngọc - cô gái xinh đẹp từng giành quán quân 'Sao mai' giờ ra sao?,Giải trí,Giải trí,Giải trí,True,1.4592752023933766,>=0.50
214919,Cụ bà 65 tuổi ở Thái Lan bất ngờ sống lại trong quan tài trước khi bị hỏa táng,Thế giới,Thế giới,Sức khỏe,False,0.07589377772066142,<0.10
252246,Người nghèo mua Lamborghini,Xe,Xe,Kinh doanh,False,0.3659520714499733,0.30–0.50
121596,Mỹ dùng Ukraine để thử nghiệm dự án dùng AI trong chiến tranh,Thế giới,Thế giới,Khoa học,False,0.6789675818814145,>=0.50
129820,Nguyễn Thùy Linh gục ngã trước tay vợt hạng 8 thế giới,Thể thao,Thể thao,Thể thao,True,1.2744635506769202,>=0.50
193524,Giá vàng hôm nay 11/2/2024: Chuẩn bị một đợt bứt phá,Kinh doanh,Kinh doanh,Kinh doanh,True,1.5085349761403202,>=0.50
162840,Nghệ sĩ Đoàn Mạnh Dung: Ông già bắt rắn... sợ rắn,Giải trí,Giải trí,Giải trí,True,0.833458814509238,>=0.50
226206,Kết quả bóng đá Brentford vs Liverpool - Ngoại hạng Anh 2025/26,Thể thao,Thể thao,Thể thao,True,0.9172235474234202,>=0.50
36271,VFF: 'Cử lứa U21 đá Asiad 2026 vì tầm nhìn Olympic 2028',Thể thao,Thể thao,Thể thao,True,1.936300423823727,>=0.50
251873,"Những kiểu độ xe kỳ lạ, chuyên gia khuyên không nên làm với xe của mình",Xe,Xe,Xe,True,0.4944214418820564,0.30–0.50
34755,10 tinh vân đáng sợ nhất trong vũ trụ,Thế giới,Thế giới,Khoa học,False,0.5386810403156427,>=0.50
262202,"Tuyệt đối điện ảnh, Chưa đủ wow nghĩa là gì?",Đời sống,Đời sống,Giải trí,False,0.5846998053148104,>=0.50
214804,Cô gái bị xóa tên khỏi sổ hộ khẩu vì tưởng đã qua đời 10 năm bất ngờ xuất hiện,Thế giới,Thế giới,Pháp luật,False,0.13619601341152882,0.10–0.20
191917,Lãi suất ngân hàng hôm nay 1/11/2024: CB nói lý do phải hạ lãi suất huy động,Kinh doanh,Kinh doanh,Kinh doanh,True,1.1054615958689262,>=0.50
242775,"Hàng nghìn vé máy bay, tàu hỏa dành tặng công nhân về quê ăn Tết",Thời sự,Thời sự,Công đoàn,False,0.3394022746045357,0.30–0.50
208850,Cụ ông sống thọ 107 tuổi đặt niềm tin vào thức uống quen thuộc,Sức khỏe,Sức khỏe,Sức khỏe,True,0.048349791038417245,<0.10
90364,Sao phim ‘Trò chơi con mực’ Jung Ho Yeon chia tay bạn trai 9 năm,Giải trí,Giải trí,Giải trí,True,1.4653098084872962,>=0.50
216029,"Hiến tinh trùng không mệt mỏi, một nam giới sinh ra hơn 500 đứa trẻ",Thế giới,Thế giới,Đời sống,False,0.2001964018164073,0.20–0.30
239583,"Từ 1/10, hơn 4,4 triệu ô tô không được qua trạm thu phí nếu không làm việc này",Thời sự,Thời sự,Kinh doanh,False,0.39755648448528214,0.30–0.50
143740,"Kia K8 2025 kích thước lớn hơn Toyota Camry, cạnh tranh xe sang",Xe,Xe,Xe,True,0.218484953184507,0.20–0.30
26425,Cần làm gì để cải chính năm sinh trên giấy khai sinh?,Pháp luật,Pháp luật,Pháp luật,True,0.3106440365314196,0.30–0.50
61796,Thay đổi giúp ảnh tải lên Facebook đẹp hơn,Khoa học công nghệ,Khoa học,Khoa học,True,1.0595598669772168,>=0.50
66312,Hội đồng Giám mục Việt Nam giới thiệu ứng dụng và trang web tra cứu giờ lễ,Đời sống,Đời sống,Khoa học,False,0.16767352691645632,0.10–0.20
229949,"Nhận định bóng đá Séc vs Thổ Nhĩ Kỳ, bảng F Euro 2024",Thể thao,Thể thao,Thể thao,True,1.5258626250435203,>=0.50
263582,Pepero mang hương vị và văn hóa Hàn Quốc đến với người dùng Việt,Đời sống,Đời sống,Kinh doanh,False,0.5869166910777392,>=0.50
252363,Các hãng bảo hiểm ở Anh quốc không muốn bán dịch vụ cho xe điện Trung Quốc,Xe,Xe,Xe,True,0.22794221360402817,0.20–0.30
142500,Bộ đội đặc công: Anh hùng đặc công nước,Thời sự,Thời sự,Thời sự,True,0.09130720950293292,<0.10
135742,Rác thải khắp nơi trong thung lũng Ma Thiên Lãnh,Thời sự,Thời sự,Khoa học,False,0.03789944423602476,<0.10
257159,Ông bố trở về sau 27 năm làm lao công nơi xứ người để nuôi con thành tài,Đời sống,Đời sống,Đời sống,True,0.21991606086915194,0.20–0.30
157923,"Nhậm Gia Luân 'nên duyên' mỹ nữ kém 10 tuổi, áp lực vì cảnh tình tứ",Giải trí,Giải trí,Giải trí,True,1.3273322229592006,>=0.50
207867,"Trượt ngã khi chụp ảnh tại bãi đá sông Hồng, cô gái ở Hà Nội bị vỡ gan, thận",Sức khỏe,Sức khỏe,Sức khỏe,True,0.9156584200775524,>=0.50
22849,Signify đặt mục tiêu hướng tới Net Zero vì một tương lai bền vững,Kinh doanh,Kinh doanh,Kinh doanh,True,0.684132301401615,>=0.50
54801,Vì sao tốc độ sạc điện thoại Android bỗng nhiên chậm chạp?,Khoa học công nghệ,Khoa học,Khoa học,True,1.2601974024040579,>=0.50
126052,Trận cầu để đời của hai đội bóng,Thể thao,Thể thao,Thể thao,True,1.4477324511033696,>=0.50
39455,Ngôi sao bóng chuyền vào nhóm những người đẹp nhất thế giới,Thể thao,Thể thao,Thể thao,True,0.2829393304815189,0.20–0.30
184291,Đào tạo nhân lực Blockchain để Việt Nam bắt lấy cơ hội tỷ USD,Khoa học công nghệ,Khoa học,Khoa học,True,0.0625996279472833,<0.10
64442,Nhiều người dùng Android sẵn sàng mua iPhone 15,Khoa học công nghệ,Khoa học,Khoa học,True,0.5311714537403196,>=0.50
179766,Hai Thủ tướng ăn trưa tại căng tin cùng sinh viên ĐH Quốc gia Hà Nội,Giáo dục,Giáo dục,Giáo dục,True,0.8449257785054576,>=0.50
91401,Cuộc sống của Hoa hậu Điện ảnh 1991 Hương Giang giờ ra sao?,Giải trí,Giải trí,Giải trí,True,0.7317079555217465,>=0.50
2669,Xét tuyển vào lớp 10 Trường trung học phổ thông Sài Gòn năm 2025,Giáo dục,Giáo dục,Giáo dục,True,2.7846007661885093,>=0.50
5704,Thế hệ Alpha và tuổi dậy thì 4.0: làm sao để trưởng thành?,Giáo dục,Giáo dục,Giáo dục,True,1.2411802796529143,>=0.50
191813,Vàng nhẫn bốc hơi bao nhiêu từ khi ông Donald Trump đắc cử Tổng thống?,Kinh doanh,Kinh doanh,Kinh doanh,True,1.2498908838311626,>=0.50
94794,Trường ĐH Cửu Long có kỳ tuyển sinh riêng cho khối ngành sức khỏe,Giáo dục,Giáo dục,Giáo dục,True,1.925926919593802,>=0.50
26518,Khoan giếng nước sinh hoạt có phải xin phép không?,Pháp luật,Pháp luật,Pháp luật,True,0.01897908294463435,<0.10
186146,Giả mạo Fanpage Ủy ban Mặt trận Tổ quốc huyện Lâm Thao để lừa đảo,Khoa học công nghệ,Khoa học,Pháp luật,False,0.016384983582667323,<0.10
25723,Thành viên HĐQT độc lập Techcombank nói về cơ duyên lâu dài với Việt Nam,Kinh doanh,Kinh doanh,Kinh doanh,True,2.1681023058925635,>=0.50
249380,"Trạm sạc - tiện ích quan trọng của nhiều chung cư, văn phòng ở Mỹ",Xe,Xe,Kinh doanh,False,0.4408017697225698,0.30–0.50
147547,"Biển số xe mới tại các tỉnh, thành hợp nhất tính theo đầu số nào?",Xe,Xe,Xe,True,0.12115301340505791,0.10–0.20
71599,'Trạm yêu thương' tặng nước và bánh mì cho người nghèo,Đời sống,Đời sống,Đời sống,True,1.044587991204759,>=0.50
135606,"Người dân Quảng Trị, Quảng Bình quan tâm điều gì khi sáp nhập?",Thời sự,Thời sự,Pháp luật,False,0.2054087865679825,0.20–0.30
222912,Indonesia dùng 10 cầu thủ nhập tịch đấu tuyển Việt Nam,Thể thao,Thể thao,Thể thao,True,1.5276944923071856,>=0.50
239668,"Trộm cáp rồi chạy cao tốc, thanh niên còn bị CSGT 'test' ra một lỗi khác",Thời sự,Thời sự,Pháp luật,False,0.6467121179933983,>=0.50
122934,"Chiến sự Ukraine ngày 1.260: Ông Zelensky 'nhận cảnh báo' về tín nhiệm, Nga đánh cơ sở năng lượng",Thế giới,Thế giới,Thế giới,True,0.2536130339343031,0.20–0.30
72428,"Rơi 43 triệu đồng tiền mổ heo giữ giùm nhiều người, vợ chồng người Tà Ôi mừng vui nhận lại",Đời sống,Đời sống,Đời sống,True,0.1114939793603193,0.10–0.20
54612,Máy tính xách tay có thể dùng trong bao lâu?,Khoa học công nghệ,Khoa học,Khoa học,True,0.9128341891702538,>=0.50
13096,"Sao Hàn uống rượu tràn lan trên YouTube, liệu người trẻ có bắt chước?",Giải trí,Giải trí,Giải trí,True,0.508784605253323,>=0.50
138381,Sống ở TP.HCM: Cụ ông có biệt tài biến ve chai thành mô hình độc đáo,Thời sự,Thời sự,Đời sống,False,0.2764563557130545,0.20–0.30
192402,Generali tăng trưởng ổn định trong nửa đầu năm 2024,Kinh doanh,Kinh doanh,Kinh doanh,True,1.9315809913668867,>=0.50
61699,Konami trì hoãn Suikoden Remasters vô thời hạn,Khoa học công nghệ,Khoa học,Khoa học,True,0.15577444851048505,0.10–0.20
99765,TP.HCM sẽ thanh tra khoảng 100 đơn vị trong lĩnh vực giáo dục,Giáo dục,Giáo dục,Giáo dục,True,0.9600935130528967,>=0.50
58194,Cần quan tâm điều gì khi tìm mua bộ sạc chất lượng?,Khoa học công nghệ,Khoa học,Khoa học,True,1.1044982895914413,>=0.50
229775,Video bàn thắng Hà Lan 2-1 Thổ Nhĩ Kỳ - Vòng tứ kết EURO 2024,Thể thao,Thể thao,Thể thao,True,1.5587857970732282,>=0.50
81482,Những đối thủ nặng ký của Trần Anh Hùng trên ‘đường đua’ Cannes 2023,Giải trí,Giải trí,Giải trí,True,1.3524195939098562,>=0.50
55768,Yếu tố nào quyết định việc vận chuyển thiết bị công nghệ đến khách hàng nhanh chóng?,Khoa học công nghệ,Khoa học,Kinh doanh,False,0.5646560551695259,>=0.50
122228,Mỹ đề nghị được tiếp cận các đảo của Nhật gần Đài Loan,Thế giới,Thế giới,Thế giới,True,0.5494964167296951,>=0.50
213644,"Các lý do khiến đàn ông bớt suy nghĩ, tưởng tượng liên quan chuyện chăn gối",Sức khỏe,Sức khỏe,Sức khỏe,True,1.6561983708070172,>=0.50
73712,"Cận tết xách đồ nghề xuống phố làm nghề tay trái, thu nhập hấp dẫn",Đời sống,Đời sống,Đời sống,True,0.047129853865603644,<0.10
33660,Ông Trump ra lệnh đóng cửa hoàn toàn biên giới Mỹ?,Thế giới,Thế giới,Thế giới,True,0.15753385981427903,0.10–0.20
125132,"Đội tuyển Việt Nam tăng hạng FIFA nhờ vô địch AFF Cup, Thái Lan nếm mùi rớt hạng",Thể thao,Thể thao,Thể thao,True,1.0629682132320077,>=0.50
26912,"LiveNgười nhà sai, cả gia đình bị bêu rếu trên mạng xã hội, phải làm sao?",Pháp luật,Pháp luật,Pháp luật,True,0.7852922943360792,>=0.50
26403,"Bỏ xe, không ký biên bản sau khi vi phạm nồng độ cồn có bị xử lý 2 hành vi không?",Pháp luật,Pháp luật,Pháp luật,True,0.6800963057591911,>=0.50
175422,10 thành tích nổi bật của ngành giáo dục Hà Nội 2022,Giáo dục,Giáo dục,Giáo dục,True,2.7492104690283696,>=0.50
4652,"Tuyển sinh đại học, cao đẳng 2023: Tìm hiểu kỹ học phí khi chọn trường",Giáo dục,Giáo dục,Giáo dục,True,2.7782474551526355,>=0.50
111991,"Giá vàng hôm nay 12.4.2024: Thế giới lập đỉnh mới, kéo vàng SJC lên sát 85 triệu",Kinh doanh,Kinh doanh,Kinh doanh,True,1.3005345422709804,>=0.50
138806,"Công an TP.HCM yêu cầu làm rõ xe ben tung hoành đường cấm ven kênh, rạch",Thời sự,Thời sự,Thời sự,True,0.16726812415915138,0.10–0.20
88346,Ốc Thanh Vân nói về cuộc sống ở Úc: Có khi nấu cơm lại thấy nhớ nghề,Giải trí,Giải trí,Giải trí,True,1.0586360158757948,>=0.50
64208,Nokia đã nghĩ gì sau khi Apple ra mắt iPhone đầu tiên?,Khoa học công nghệ,Khoa học,Kinh doanh,False,0.3937505170615877,0.30–0.50
258708,"BIDV thăm, viếng và hỗ trợ gia đình nạn nhân vụ cướp ngân hàng tại Đà Nẵng",Đời sống,Đời sống,Pháp luật,False,0.11885280000320425,0.10–0.20
261068,"Anh thợ điện kiếm bộn tiền, trở nên giàu có nhờ ngoại hình giống tỷ phú",Đời sống,Đời sống,Kinh doanh,False,0.23304516437119993,0.20–0.30
30135,Vì sao không nên để trẻ một mình trong ô tô dù chỉ thời gian ngắn?,Sức khỏe,Sức khỏe,Sức khỏe,True,0.2359018633536749,0.20–0.30
26410,"Đã nghỉ việc nhưng công ty không cập nhật, tôi có phải đóng thuế không?",Pháp luật,Pháp luật,Kinh doanh,False,0.1638048651419649,0.10–0.20
82978,Phim ‘Làng trong phố’ tập 18: Em gái Hùng lấy trộm tiền của Thoan?,Giải trí,Giải trí,Pháp luật,False,0.16017042543960414,0.10–0.20
261587,"5 cách làm các món bún nước ngon, đơn giản cho ngày chán cơm",Đời sống,Đời sống,Đời sống,True,0.0770290627200077,<0.10
251861,Ba 'ông lớn' ô tô Mỹ lao đao vì chính sách thuế mới của ông Trump,Xe,Xe,Kinh doanh,False,1.1434812129139496,>=0.50
26296,Công trình nào được cấp giấy phép xây dựng có thời hạn?,Pháp luật,Pháp luật,Pháp luật,True,0.29129058363670546,0.20–0.30
203793,Lời khai bất ngờ của nữ nhân viên trộm 160 lượng vàng ở Trà Vinh,Pháp luật,Pháp luật,Pháp luật,True,0.5849256953303321,>=0.50
26844,"Đã có quốc tịch Úc, có làm được căn cước công dân Việt Nam?",Pháp luật,Pháp luật,Pháp luật,True,0.21446018371520337,0.20–0.30
104152,Hàng không 'tung' thêm hơn 66.000 vé Tết Nguyên đán,Kinh doanh,Kinh doanh,Kinh doanh,True,0.40550224974362103,0.30–0.50
